# completing-run time differences, 2021-05-31 -> 2021-06-08
# delta_ms = resim(2021-06-08) - resim(2021-05-31); positive = the same inputs finish SLOWER on 2021-06-08
replay	declared_ms	resim_a_ms	resim_b_ms	delta_ms	map_uid
2021-12-03_11_42__61613.Replay.Gbx	16424	19227	17973	-1254	SsCdL6nGC__n8UrYnsX8xaqnjCh
2021-08-11_17_04__49851.Replay.Gbx	16904	17372	16904	-468	SsCdL6nGC__n8UrYnsX8xaqnjCh
2021-08-11_17_04__50149.Replay.Gbx	8365	8743	8365	-378	u5hN_zlxSURCj2RZueFsh4kc5gk
2021-09-02_11_24__52418.Replay.Gbx	15348	15597	15348	-249	SsCdL6nGC__n8UrYnsX8xaqnjCh
2021-07-01_13_02__44719.Replay.Gbx	15802	15924	15802	-122	TVUF91YlnL78BFJwG5ADkNlymqe
2021-08-11_17_04__49941.Replay.Gbx	8198	8305	8198	-107	vTqUpE1iiXupNABp5Mfx0YOf33j
2021-08-11_17_04__49725.Replay.Gbx	12181	12226	12181	-45	eOA1X_xnvKbdDSuyymweOZzSrQ3
2021-07-08_19_39__46723.Replay.Gbx	10501	10537	10501	-36	xSOA3Fs8k3bGNHFQhwskyAjN3Nh
2021-06-10_16_38__46774.Replay.Gbx	10488	10515	10488	-27	xSOA3Fs8k3bGNHFQhwskyAjN3Nh
2021-04-09_17_52__34248.Replay.Gbx	11213	11213	11191	-22	LcBa4OZLeElnJksgbBEpQggitsh
2022-01-21_15_54__77457.Replay.Gbx	5020	5037	5020	-17	PhJGvGjkCaw299rBhVsEhNJKX1
2020-12-22_13_18__21709.Replay.Gbx	17801	17801	17785	-16	SsCdL6nGC__n8UrYnsX8xaqnjCh
2021-06-09_20_13__41950.Replay.Gbx	5023	5039	5023	-16	PhJGvGjkCaw299rBhVsEhNJKX1
2021-06-10_16_38__46762.Replay.Gbx	5024	5040	5024	-16	PhJGvGjkCaw299rBhVsEhNJKX1
2021-07-08_19_39__46184.Replay.Gbx	5025	5041	5025	-16	PhJGvGjkCaw299rBhVsEhNJKX1
2021-12-14_16_24__64512.Replay.Gbx	5017	5033	5017	-16	PhJGvGjkCaw299rBhVsEhNJKX1
2021-01-18_21_14__23808.Replay.Gbx	5055	5055	5041	-14	PhJGvGjkCaw299rBhVsEhNJKX1
2021-06-09_20_13__41951.Replay.Gbx	12244	12258	12244	-14	Nw8BZ8CtZZcFO547WnqdPzp8ydi
2021-07-08_19_39__46134.Replay.Gbx	8265	8277	8265	-12	vTqUpE1iiXupNABp5Mfx0YOf33j
2020-12-09_10_00__18091.Replay.Gbx	14875	14875	14864	-11	0hI2P3y8sENgIkruI_X7s3efES
2021-06-12_17_56__45750.Replay.Gbx	22555	22566	22555	-11	qQEgNKxDhXtTsxWYRW0V4pvpER7
2020-09-10_18_08__3370.Replay.Gbx	18138	18138	18130	-8	EnMnBg3D4Uvb5bz8VLod73z6n47
2021-03-12_16_50__30236.Replay.Gbx	12298	12298	12290	-8	Nw8BZ8CtZZcFO547WnqdPzp8ydi
2021-06-12_17_56__45737.Replay.Gbx	11746	11754	11746	-8	DyNBxhQ6006991FwvVOaBX9Gcv1
2021-02-15_13_23__27576.Replay.Gbx	17408	17408	17401	-7	f1tlOzXvdELVhwrhPpoJDsg9xs8
2021-01-22_14_32__24315.Replay.Gbx	9524	9524	9518	-6	_oMKNgRlOI5OHz5Fg2LiPNVfC7b
2021-05-20_15_27__40314.Replay.Gbx	11904	11904	11898	-6	OeJCW8sHENIcYscK8o5zVHAxADd
2021-03-04_14_18__30423.Replay.Gbx	21941	21941	21936	-5	7Gmd3uEXAF8iPhtRfyotTXYv709
2021-03-12_16_50__30399.Replay.Gbx	21798	21798	21794	-4	DmYYk4xCZUpMEHR_lzrcSA4q8K7
2020-09-11_18_31__3355.Replay.Gbx	8198	8198	8195	-3	lNP8O0sqatiHqecUXrhH65rpQ8a
2021-06-03_13_02__56067.Replay.Gbx	11211	11211	11208	-3	vzc3_e9GmAn76YYXxjWVU58qtf6
2021-06-21_14_41__43900.Replay.Gbx	7092	7095	7092	-3	btmbJWADQOS20ginP9DJ0i8sh3f
2021-01-22_14_32__24639.Replay.Gbx	7127	7127	7125	-2	btmbJWADQOS20ginP9DJ0i8sh3f
2021-03-12_16_50__30237.Replay.Gbx	16962	16962	16960	-2	f1tlOzXvdELVhwrhPpoJDsg9xs8
2021-06-15_16_02__45731.Replay.Gbx	8222	8224	8222	-2	lNP8O0sqatiHqecUXrhH65rpQ8a
2021-09-02_11_24__51808.Replay.Gbx	6992	6994	6992	-2	btmbJWADQOS20ginP9DJ0i8sh3f
2020-07-23_20_22__10441.Replay.Gbx	15934	15934	15933	-1	zCyXb44aNPHU6EALQObfHv3n9Ca
2021-06-12_17_56__45734.Replay.Gbx	8223	8224	8223	-1	vTqUpE1iiXupNABp5Mfx0YOf33j
2020-07-07_23_07__1065.Replay.Gbx	7442	7442	7442	0	olsKnq_qAghcVAnEkoeUnVHFZei
2020-07-07_23_07__1066.Replay.Gbx	7051	7051	7051	0	btmbJWADQOS20ginP9DJ0i8sh3f
2020-09-10_18_08__3354.Replay.Gbx	7141	7141	7141	0	btmbJWADQOS20ginP9DJ0i8sh3f
2020-09-11_18_31__3356.Replay.Gbx	7374	7374	7374	0	ga3zTKvSo7yJca60Ry_Z003L031
2020-09-25_18_53__6841.Replay.Gbx	7102	7102	7102	0	btmbJWADQOS20ginP9DJ0i8sh3f
2020-10-02_15_02__1505.Replay.Gbx	12430	12430	12430	0	eOA1X_xnvKbdDSuyymweOZzSrQ3
2020-10-02_15_02__1517.Replay.Gbx	7118	7118	7118	0	btmbJWADQOS20ginP9DJ0i8sh3f
2020-10-02_15_02__1536.Replay.Gbx	18045	18045	18045	0	EnMnBg3D4Uvb5bz8VLod73z6n47
2020-10-20_18_09__11661.Replay.Gbx	7442	7442	7442	0	olsKnq_qAghcVAnEkoeUnVHFZei
2020-11-05_16_41__13823.Replay.Gbx	7108	7108	7108	0	btmbJWADQOS20ginP9DJ0i8sh3f
2020-12-09_10_00__18085.Replay.Gbx	18924	18924	18924	0	OHRxJCE_cKxEGOGmhF9z6Hf0YZb
2021-01-07_18_56__22956.Replay.Gbx	15867	15867	15867	0	RlZ2HVhAwN5nD7I1lLciKhPsbb7
2021-01-07_18_56__22957.Replay.Gbx	18226	18226	18226	0	EnMnBg3D4Uvb5bz8VLod73z6n47
2021-01-18_21_14__23810.Replay.Gbx	12195	12195	12195	0	us4gaCDQSxmjVMtp5nYfReezTqh
2021-01-22_14_32__24638.Replay.Gbx	7592	7592	7592	0	olsKnq_qAghcVAnEkoeUnVHFZei
2021-01-28_14_21__25445.Replay.Gbx	7525	7525	7525	0	olsKnq_qAghcVAnEkoeUnVHFZei
2021-01-28_14_21__25464.Replay.Gbx	7231	7231	7231	0	btmbJWADQOS20ginP9DJ0i8sh3f
2021-01-28_14_21__25470.Replay.Gbx	7387	7387	7387	0	ga3zTKvSo7yJca60Ry_Z003L031
2021-02-04_14_14__26638.Replay.Gbx	12131	12131	12131	0	eOA1X_xnvKbdDSuyymweOZzSrQ3
2021-02-04_14_14__26887.Replay.Gbx	17838	17838	17838	0	HUdTz2jn1G6ApGgUlmsQVtyufik
2021-02-15_13_23__27497.Replay.Gbx	7524	7524	7524	0	olsKnq_qAghcVAnEkoeUnVHFZei
2021-03-01_15_48__29004.Replay.Gbx	12114	12114	12114	0	us4gaCDQSxmjVMtp5nYfReezTqh
2021-03-01_15_48__36330.Replay.Gbx	7456	7456	7456	0	olsKnq_qAghcVAnEkoeUnVHFZei
2021-03-25_18_51__31926.Replay.Gbx	12107	12107	12107	0	us4gaCDQSxmjVMtp5nYfReezTqh
2021-03-25_18_51__32397.Replay.Gbx	7475	7475	7475	0	olsKnq_qAghcVAnEkoeUnVHFZei
2021-03-30_19_17__33231.Replay.Gbx	8282	8282	8282	0	lNP8O0sqatiHqecUXrhH65rpQ8a
2021-03-30_19_17__33232.Replay.Gbx	7469	7469	7469	0	ga3zTKvSo7yJca60Ry_Z003L031
2021-04-02_16_48__32793.Replay.Gbx	10538	10538	10538	0	xSOA3Fs8k3bGNHFQhwskyAjN3Nh
2021-04-02_16_48__32795.Replay.Gbx	12128	12128	12128	0	us4gaCDQSxmjVMtp5nYfReezTqh
2021-04-09_17_52__34246.Replay.Gbx	11898	11898	11898	0	OeJCW8sHENIcYscK8o5zVHAxADd
2021-05-20_15_27__39348.Replay.Gbx	18067	18067	18067	0	EnMnBg3D4Uvb5bz8VLod73z6n47
2021-06-09_20_13__41953.Replay.Gbx	15827	15827	15827	0	RlZ2HVhAwN5nD7I1lLciKhPsbb7
2021-06-11_11_30__42558.Replay.Gbx	7434	7434	7434	0	olsKnq_qAghcVAnEkoeUnVHFZei
2021-06-11_17_46__45744.Replay.Gbx	15788	15788	15788	0	RlZ2HVhAwN5nD7I1lLciKhPsbb7
2021-06-12_17_56__45736.Replay.Gbx	12104	12104	12104	0	us4gaCDQSxmjVMtp5nYfReezTqh
2021-07-01_13_02__44700.Replay.Gbx	7407	7407	7407	0	ga3zTKvSo7yJca60Ry_Z003L031
2021-07-06_18_45__45725.Replay.Gbx	7082	7082	7082	0	btmbJWADQOS20ginP9DJ0i8sh3f
2021-07-08_19_39__45875.Replay.Gbx	12114	12114	12114	0	us4gaCDQSxmjVMtp5nYfReezTqh
2021-08-25_15_46__50970.Replay.Gbx	11795	11795	11795	0	OeJCW8sHENIcYscK8o5zVHAxADd
2021-09-30_13_48__54294.Replay.Gbx	12085	12085	12085	0	us4gaCDQSxmjVMtp5nYfReezTqh
2021-10-04_17_59__58621.Replay.Gbx	9564	9564	9564	0	JR9OBQPyFoXaRthczOecmSBVYV1
2021-10-21_17_33__57903.Replay.Gbx	12091	12091	12091	0	us4gaCDQSxmjVMtp5nYfReezTqh
2021-10-21_17_33__57924.Replay.Gbx	13015	13015	13015	0	0hI2P3y8sENgIkruI_X7s3efES
2021-10-28_13_03__59630.Replay.Gbx	7090	7090	7090	0	btmbJWADQOS20ginP9DJ0i8sh3f
2021-12-03_11_42__62097.Replay.Gbx	12983	12983	12983	0	0hI2P3y8sENgIkruI_X7s3efES
2021-12-14_16_24__74222.Replay.Gbx	12981	12981	12981	0	0hI2P3y8sENgIkruI_X7s3efES
2022-02-10_12_06__78851.Replay.Gbx	7432	7432	7432	0	olsKnq_qAghcVAnEkoeUnVHFZei
2021-01-21_13_59__24147.Replay.Gbx	17931	17931	17932	1	EnMnBg3D4Uvb5bz8VLod73z6n47
2021-04-02_16_48__32675.Replay.Gbx	7451	7451	7452	1	ga3zTKvSo7yJca60Ry_Z003L031
2021-07-02_16_36__45249.Replay.Gbx	12115	12114	12115	1	us4gaCDQSxmjVMtp5nYfReezTqh
2020-12-09_10_00__18088.Replay.Gbx	16970	16970	16972	2	TVUF91YlnL78BFJwG5ADkNlymqe
2021-05-20_15_27__40357.Replay.Gbx	28170	28170	28172	2	NTOwbZ9DaOT8rNOUxSP8LRzeZWc
2021-06-11_17_46__45749.Replay.Gbx	17460	17458	17460	2	OHRxJCE_cKxEGOGmhF9z6Hf0YZb
2021-10-28_13_03__59654.Replay.Gbx	7370	7368	7370	2	ga3zTKvSo7yJca60Ry_Z003L031
2020-09-11_18_31__305.Replay.Gbx	24445	24445	24448	3	I7alUIJZ8y9jku_Sd99cRkysa7c
2021-03-25_18_51__31931.Replay.Gbx	11737	11737	11740	3	DyNBxhQ6006991FwvVOaBX9Gcv1
2021-12-14_16_24__65961.Replay.Gbx	21190	21187	21190	3	qQEgNKxDhXtTsxWYRW0V4pvpER7
2021-02-04_14_14__26540.Replay.Gbx	11330	11330	11334	4	AJFJd6yABuSMfgJGc8UpWRwUVa0
2021-01-18_21_14__23811.Replay.Gbx	11911	11911	11916	5	OeJCW8sHENIcYscK8o5zVHAxADd
2021-06-01_17_46__56007.Replay.Gbx	9533	9533	9538	5	_oMKNgRlOI5OHz5Fg2LiPNVfC7b
2021-07-08_10_19__45778.Replay.Gbx	18081	18075	18081	6	OHRxJCE_cKxEGOGmhF9z6Hf0YZb
2020-09-10_18_08__3362.Replay.Gbx	11747	11747	11754	7	DyNBxhQ6006991FwvVOaBX9Gcv1
2021-01-07_18_56__23103.Replay.Gbx	22948	22948	22955	7	TT6wX0GuWhxePDAFa3oXcCwVpda
2021-06-03_13_02__49709.Replay.Gbx	11798	11798	11805	7	OeJCW8sHENIcYscK8o5zVHAxADd
2021-06-12_17_56__45746.Replay.Gbx	16414	16405	16414	9	SsCdL6nGC__n8UrYnsX8xaqnjCh
2021-03-01_15_48__35341.Replay.Gbx	8277	8277	8287	10	vTqUpE1iiXupNABp5Mfx0YOf33j
2021-01-20_18_40__67286.Replay.Gbx	9826	9826	9838	12	1gBRKXaec_u6J09bc9zzUVYJdpb
2021-01-22_14_32__24318.Replay.Gbx	8880	8880	8892	12	RifafWipVfAnc3QNgkH15W5HHWd
2020-11-05_16_41__13827.Replay.Gbx	10545	10545	10558	13	xSOA3Fs8k3bGNHFQhwskyAjN3Nh
2021-01-22_14_32__24340.Replay.Gbx	9538	9538	9551	13	Sh0Wn3XR1to1p0BA91drETfmK10
2021-07-06_18_45__45760.Replay.Gbx	12191	12178	12191	13	eOA1X_xnvKbdDSuyymweOZzSrQ3
2020-12-09_10_00__18049.Replay.Gbx	7335	7335	7352	17	ga3zTKvSo7yJca60Ry_Z003L031
2021-08-25_15_46__51097.Replay.Gbx	11028	11010	11028	18	LcBa4OZLeElnJksgbBEpQggitsh
2020-09-11_18_31__3358.Replay.Gbx	10960	10960	10979	19	LcBa4OZLeElnJksgbBEpQggitsh
2021-01-18_21_14__23812.Replay.Gbx	8295	8295	8314	19	vTqUpE1iiXupNABp5Mfx0YOf33j
2021-02-04_14_14__26536.Replay.Gbx	11186	11186	11205	19	LcBa4OZLeElnJksgbBEpQggitsh
2021-06-09_20_13__41909.Replay.Gbx	11250	11231	11250	19	AJFJd6yABuSMfgJGc8UpWRwUVa0
2021-01-28_14_21__25473.Replay.Gbx	11109	11109	11129	20	LcBa4OZLeElnJksgbBEpQggitsh
2021-04-02_16_48__32794.Replay.Gbx	11212	11212	11232	20	LcBa4OZLeElnJksgbBEpQggitsh
2021-06-11_17_46__45733.Replay.Gbx	11218	11198	11218	20	LcBa4OZLeElnJksgbBEpQggitsh
2021-07-08_19_39__46206.Replay.Gbx	11169	11149	11169	20	LcBa4OZLeElnJksgbBEpQggitsh
2021-05-06_12_37__38164.Replay.Gbx	11116	11116	11138	22	LcBa4OZLeElnJksgbBEpQggitsh
2020-11-05_16_41__13828.Replay.Gbx	11289	11289	11312	23	LcBa4OZLeElnJksgbBEpQggitsh
2021-03-12_16_50__30046.Replay.Gbx	10536	10536	10560	24	xSOA3Fs8k3bGNHFQhwskyAjN3Nh
2021-10-28_13_03__60794.Replay.Gbx	18298	18252	18285	33	hTCuBSCAtFY6IQpFAWBFRhEAMW0
2021-02-15_13_23__27552.Replay.Gbx	8262	8262	8304	42	vTqUpE1iiXupNABp5Mfx0YOf33j
2021-10-04_17_59__58643.Replay.Gbx	14738	14680	14738	58	xicnjunizfo5ZFTjSgj2Yn6qey3
2021-02-15_13_23__27556.Replay.Gbx	11807	11807	11933	126	DyNBxhQ6006991FwvVOaBX9Gcv1
2021-06-03_13_02__49706.Replay.Gbx	10498	10498	10625	127	xSOA3Fs8k3bGNHFQhwskyAjN3Nh
2021-05-06_12_37__37564.Replay.Gbx	7092	7092	7221	129	btmbJWADQOS20ginP9DJ0i8sh3f
2020-09-18_14_05__4607.Replay.Gbx	15528	15528	15670	142	Isab0YcnqSzas_rvUqeMf0bYili
2021-06-21_14_41__43845.Replay.Gbx	17098	16948	17098	150	SsCdL6nGC__n8UrYnsX8xaqnjCh
2021-04-09_17_52__34598.Replay.Gbx	19438	19438	19590	152	4RytIEiN0POLu7wsQDqWNVIQqGi
2021-03-01_15_48__46777.Replay.Gbx	25091	25082	25340	258	Yakz8xDlVWDfVCfXxW2_paCaHil
2021-03-04_14_18__29607.Replay.Gbx	16852	16852	17254	402	CQknkNKyjbhJtMb62sKOMVqMyJd
2020-10-02_15_02__1531.Replay.Gbx	18502	18502	18930	428	OHRxJCE_cKxEGOGmhF9z6Hf0YZb
2021-06-03_13_02__45747.Replay.Gbx	26351	26351	26957	606	Yakz8xDlVWDfVCfXxW2_paCaHil
2021-05-06_12_37__37601.Replay.Gbx	18938	18938	19634	696	1rwAkLrbqhN47zCsVvJJFJimlcf
2021-03-30_19_17__33095.Replay.Gbx	29188	29188	30075	887	Yakz8xDlVWDfVCfXxW2_paCaHil
2020-09-25_18_53__19109.Replay.Gbx	15036	15036	15998	962	SsCdL6nGC__n8UrYnsX8xaqnjCh
2020-10-09_10_58__10640.Replay.Gbx	25470	25470	26958	1488	8TrzhmnV4NAY8x4LNqlVjbOa3og
#
completing_on_both	139
identical_time	47
slower_on_b	54
faster_on_b	38
abs_delta_min_ms	1
abs_delta_median_ms	16
abs_delta_max_ms	1488
abs_delta_mean_ms	109.0
