date	server_build	binary_sha256	text_sha256	classification	validated_time
2020-07-01	Date=2020-07-01_13_00 Svn=105768 GameVersion=3.3.0	dd5af3928a475d8b1abea85a7430acc57867c40c3020513e5b4a2ec1c9d80c2f	dc63d6a829c5aa39191dbb40fb7bacddb97c88abfee1f61df92027dd4192f760	INVALID_OTHER	
2020-07-02	Date=2020-07-02_19_00 Svn=105817 GameVersion=3.3.0	3254d937ca5b1f1b451c60a26375f578f3a8e96430c8af1b7f0768de4c97644e	abb2e6b50353d5a14bdeeec0c93bb8e6e954fbaf3bf7001a2a9369531055268d	INVALID_OTHER	
2020-07-07	Date=2020-07-07_23_30 Svn=105917 GameVersion=3.3.0	2c12ae87c83cb58ad726a9ddefed0e96d56a03a6c4e9ab3a2e67bc7422f945df	ba5a0a62b5987e3800167ea374077620bcefd8c9f7234265c5d9edf7b8caaf72	INVALID_OTHER	
2020-07-10	Date=2020-07-10_17_00 Svn=106013 GameVersion=3.3.0	30364af3372888ca09eb78ddcf1f60ff21363a02013888eb97540105a7696970	ceb7f31e38dbad50501a2878bf5cebdcdd12f638c4341e5af6ef7ce1c9f445b3	INVALID_OTHER	
2020-07-17	Date=2020-07-17_13_30 Svn=106088 GameVersion=3.3.0	be14d829b5e2539b14a81a0dca861f2e90de167d13febd22cb1c90ccd736da44	d4f9ac311434012a9e9cb0187e9d9849f8d369c2e91b022cd32ebc013fbb3ae1	WRONG_SIMU	
2020-07-23	Date=2020-07-23_20_30 Svn=106224 GameVersion=3.3.0	c07f0741be37ddca0990fcae6d5a40cd4cce0752520b504f3072d2c48b3d5edb	681ac6f353ca1f8a96e3d1ee252ff100f2113005b0c9415eecc03089ff9539f1	WRONG_SIMU	
2020-09-11	Date=2020-09-11_10_30 Svn=106847 GameVersion=3.3.0	f595b18b296ceb18838eb32c57cb495c634fcd8053bc258ab0fd224cca10cf27	6e3e6072b968756d002a94c4e3ea015b2b6bbf77640a1ecb6925370d726971bb	WRONG_SIMU	
2020-09-25	Date=2020-09-25_18_30 Svn=107069 GameVersion=3.3.0	0f6059df1c2beb86acb9c8bfc67908a5fdb14c47aa58c9bb3cfc2268344c3af0	b2d50b2bb5ab8b896f4dadd5a21489d21d683d728d8030343b2a24b8e0d52cbc	WRONG_SIMU	
2020-10-02	Date=2020-10-02_20_30 Svn=107183 GameVersion=3.3.0	cbceead70eb9e61dd40bf8ba0b4466784d26f7caa3d0245e4382c32b4708bfd9	1389fa614fb013b2afb0e4bf88cc8c17766d7bf58e7f2238b8a73ea4e1d83ca5	WRONG_SIMU	
2020-10-12	Date=2020-10-02_20_30 Svn=107183 GameVersion=3.3.0	cbceead70eb9e61dd40bf8ba0b4466784d26f7caa3d0245e4382c32b4708bfd9	1389fa614fb013b2afb0e4bf88cc8c17766d7bf58e7f2238b8a73ea4e1d83ca5	WRONG_SIMU	
2020-11-04	Date=2020-10-02_20_30 Svn=107183 GameVersion=3.3.0	cbceead70eb9e61dd40bf8ba0b4466784d26f7caa3d0245e4382c32b4708bfd9	1389fa614fb013b2afb0e4bf88cc8c17766d7bf58e7f2238b8a73ea4e1d83ca5	WRONG_SIMU	
2020-11-16	Date=2020-10-02_20_30 Svn=107183 GameVersion=3.3.0	cbceead70eb9e61dd40bf8ba0b4466784d26f7caa3d0245e4382c32b4708bfd9	1389fa614fb013b2afb0e4bf88cc8c17766d7bf58e7f2238b8a73ea4e1d83ca5	WRONG_SIMU	
2020-12-04	date=2020-12-03_22_01 git=103967-1c8873cd54c GameVersion=3.3.0	df52b0f6f874a51a23162dc862f610c3f1a9821e068fd76671ee30313289d359	9e50a1a0f62f58418ff5faf81e19a0ea0cc463442a5f57c6946e0a7621aa4c49	INVALID_OTHER	
2020-12-10	date=2020-12-10_11_00 git=103979-a569d32576d GameVersion=3.3.0	43484b7064b7cf2eedfe47b5214f0c426ca1f03e895922b9bbbc5b97095ee243	d653409b45b5bbca85fe8485962e09c15184c323ab957ab26a237b5e740c40b2	INVALID_OTHER	
2020-12-18	date=2020-12-18_16_30 git=104102-35f08a6cce3 GameVersion=3.3.0	8009be78543d71aebf98cbfb36ffe63ece744eda8328d921a306280f07b3c679	ea8261480f4cb68748d8f555fdd1075a20b1120d730810122f258708a444890b	INVALID_OTHER	
2021-01-18	date=2021-01-18_17_00 git=104316-1fc050ed07d GameVersion=3.3.0	3afc98177abcdaf0079bb4e46a21b679b2e2c4abd22c3db220cf913ace0d9f23	21a454c676ab1905664d2bb816b368ffedd97f8bf51ce4b222832878d8bdb6c0	INVALID_OTHER	
2021-01-20	date=2021-01-20_18_00 git=104333-3b34c3d530c GameVersion=3.3.0	b3b69b3208c8edef25f43c668ad9d72465922803619f66a55466cdb5181accbb	44f31841f52f7555519b5a0f3fbaabe8278ddced142ff2f1401e6e6aeca50fce	INVALID_OTHER	
2021-01-22	date=2021-01-22_14_00 git=104367-ca9d526bf21 GameVersion=3.3.0	2c32b65214a1937eec6eea1e790b231c376370597dc8c155f82e185ba23cc56e	9c1b255586559673e65fd4d3fdae68ff2f158ddc01be4695bae73f97339adca7	INVALID_OTHER	
2021-01-28	date=2021-01-28_20_00 git=104410-59609a3fe67 GameVersion=3.3.0	d3d4ec3138e45b64256cd86aef041e5c72f8098f9098b1632acba6cf05530c19	c50ceae8010d9e1c3a96d7966fd98325a8c4d8cc8aaa7b06913d63ff125a2ad6	INVALID_OTHER	
2021-02-03	date=2021-02-03_21_00 git=104454-f5c55e01a8b GameVersion=3.3.0	38264c39d0f333f6cc912142f3b7086b2d33bad89847f7cfc84cfdf756143088	9f8f8dfd4a6d6ef25af5e6792129269e1207487119c3c28f56c621e350eb08c9	INVALID_OTHER	
2021-02-08	date=2021-02-08_09_00 git=104471-81308b0394e GameVersion=3.3.0	a796009cad6945c71f8f31510e201a67d7f6fb42f2f1c510fcf52126cbdb7c48	5fcc15487b5ef11386cb78ec7e66278afe142c001ce97733fdbaa08525e7d4bf	INVALID_OTHER	
2021-03-04	date=2021-02-08_31_19 git=104595-09c86f124db GameVersion=3.3.0	a384bf5b2cc0696690ac53ba0c75690fa958cc636e39914c1a11545f293fa233	73e6dbb7226bd3b5743d363eee6d0a47b959c726cff4412520060563e07de1fb	INVALID_OTHER	
2021-03-10	date=2021-03-10_21_00 git=104696-0ef81ab43e2 GameVersion=3.3.0	b786b79064f2d4e1d6e46b2750080c96c1b046b09ad097156728cff0cf28b05a	717eb2204a05c86e8667fcf594295ee1fdd5d002352fa008d1d72d5f1afbf379	INVALID_OTHER	
2021-03-14	date=2021-03-14_17_00 git=104729-0341ad2c17f GameVersion=3.3.0	b126ad563271c61ec5a56e2cc7132f6777022229956936ca840dcd81c91aaa0a	7659815faf889d9cbf48bed87dca07ef378d1bb7c14ef7d58a3c1bbdab3419ce	INVALID_OTHER	
2021-03-18	date=2021-03-14_17_00 git=104768-a9abc771cfd GameVersion=3.3.0	e3100b899aa41e2e7f326cd5cf354df31516c1643c88ed57d015fd2ab4389f17	2a30d0b62b22caf70358cdc7bd776ea0b2551c1036a444244d7a80026e613de6	INVALID_OTHER	
2021-04-08	date=2021-04-08_09_00 git=104862-73fcea757e1 GameVersion=3.3.0	94e320cf719e92fa195750e6cfa4cd3851f741e5797dd65104c32a89796f0a3b	d4d22211df81da492211aa76bb49809d1a3872503d35d46b64a224780911be20	INVALID_OTHER	
2021-05-19	date=2021-05-19_19_00 git=105011-1b5b286f0fb GameVersion=3.3.0	dcc222fe5098e4f245454dd0a6dab8de12fc0b218e69b8c01d100c04af2aac21	f1388cabb0e272d84ea6c70b123b3654da333bb9ec75517f01cf74ba235e34e5	INVALID_OTHER	
2021-05-31	date=2021-05-31_18_00 git=105091-b6879495a50 GameVersion=3.3.0	8fc19fa7147254a0a92f29646d493884857b612f884c015e3d5728ec1b0d0ab4	77a910d5653e021175290f0e7931816b824fb0b1fb173b1924a83d2cc8daa25c	INVALID_OTHER	
2021-06-08	date=2021-06-08_16_00 git=105173-f60b3e272e2 GameVersion=3.3.0	405d86fc5d10eac36c0917f23eebc8d1f2a1014b848c9ab78352d05e1a50ff81	08719d3ae65f8af0507a38137405da1812c59812da539c3a03f1a9f4d96f8dda	INVALID_OTHER	
2021-06-09	date=2021-06-09_16_00 git=105178-0b0fb8b1aef GameVersion=3.3.0	ee2751bf1ae2ada47dfe174e0ee8fd715da164b31751570fa95b42f24d4a0f4a	06fdb0fb9d979f22c35121cbf166ea5d9c939613229eeaf7255f3b1640293540	INVALID_OTHER	
2021-06-11	date=2021-06-11_20_00 git=105269-dc59331b401 GameVersion=3.3.0	d20723e8e78a5314c4c9263b257ca43e000710188c3de6f64f32bee00541eb33	c07e38ae7c5cb9a681e71f412cb099263f5c8fba6fc3955e172a571e332f3042	INVALID_OTHER	
2021-06-12	date=2021-06-12_19_00 git=105283-789b58fbc59 GameVersion=3.3.0	02545d3e85292bc250c97259bcc70f47283ad6611e43916b2a5da40d8f5dee34	f9dbd5a00b162e8f4f92a02d0b470faba8ab794cfc39df44685247e3feb19c3e	INVALID_OTHER	
2021-06-18	date=2021-06-18_09_00 git=105381-cf34354ae32 GameVersion=3.3.0	ff9fb7e6d3f257a5c482afa30f8fe885de8a26a29bddeb9ea83732ad9c70ecd9	458f7f59c428c3dcc305d3b44af512b39b60c90517335f64e4174ccaf1654ab3	INVALID_OTHER	
2021-07-01	date=2021-07-01_09_00 git=105420-d380f80fc38 GameVersion=3.3.0	94ba9a7289172f5b731ff591fd0200f1a57bc80aec1580cb2cbb08b6d22eac59	907117cf4919c2d0ce6c9630996a3bef419028a05bb4f8c7adb624db6ea0c023	INVALID_OTHER	
2021-07-06	date=2021-07-07_08_00 git=105481-88bf0d159f8 GameVersion=3.3.0	204a3fb5d8cb3af03ce8ad329ad9449eeb3d7293365a0caf56fff9bf9dc65613	6ed1b36e1da52ba31e3cff7a25564a0fcfcb44ee2860a7e17e9efc22b4f33efe	INVALID_OTHER	
2021-07-07	date=2021-07-07_08_00 git=105481-88bf0d159f8 GameVersion=3.3.0	204a3fb5d8cb3af03ce8ad329ad9449eeb3d7293365a0caf56fff9bf9dc65613	6ed1b36e1da52ba31e3cff7a25564a0fcfcb44ee2860a7e17e9efc22b4f33efe	INVALID_OTHER	
2021-09-29	date=2021-09-29_18_00 git=105705-9cf57754a96 GameVersion=3.3.0	375a7c18a75ed92a97f48d2adeb640a4d2ddcb1636d74d1414d3e01083f89cb6	2c218e2df125b204309926373711ab084e45b8d39d01397a282c23280fa92312	INVALID_OTHER	
2021-10-12	date=2021-10-12_10_00 git=105740-81b3d22cac3 GameVersion=3.3.0	8015522ab9a373bf7a7d21c75c9ea318149ae10024a8e47b5a83fec41097b597	1fe8fb3f5dd820493b730e1ed8728d58ab939ee73e3893605014e2fa806f4850	INVALID_OTHER	
2021-11-15	date=2021-11-15_23_18 git=105819-bfd6c08a302 GameVersion=3.3.0	3d9caf1d004e6929ee5038fda633adcbc92d9760e3f6f24ce7ec980ae5f06b45	582b680285835ff22093784d9795168bed11a74135ffe904b649e98c0f97d46e	INVALID_OTHER	
2021-11-22	date=2021-11-22_16_00 git=105840-f0c18a23b0a GameVersion=3.3.0	61b856e851dfadfdcc4c610c546423b2b944ef2c12b8fc4f721df3669c493881	3b72d8d05452687b831e1b4e5c47d9f0bb4623869b3905f9e9f02efa6053d408	INVALID_OTHER	
2021-12-02	date=2021-12-02_18_00 git=105848-daedf4aa017 GameVersion=3.3.0	d2c397f508db32bd6e87bd0dc5091ec71b988178bab28c491637c6c597db87b3	44a37d96fa8ff7d870f32cb7f4343ef5c5d6fcf477dee9f942e3b4c408ff21f2	WRONG_SIMU	-1
2022-01-01	date=2022-01-01_16_00 git=105859-f0a515b10e3 GameVersion=3.3.0	b3ae2ef0323cc0c4c6ab9be0115e44c414694981f7b18fbbd47a27d72f5134bf	ba4399ce239beafcc02b22e11917de3d6b3c5c71acd8a4808b3e5cbbcb842119	WRONG_SIMU	-1
2022-01-21	date=2022-01-21_16_00 git=105899-1ab53b42729 GameVersion=3.3.0	0296a9db5a4eeb3ac312ebec5799a0af3b6cd87df924f1afda4ecd43d4be923f	5aa5759212856928da5121ce0e0e51d61f236be5f42f3fa0c998a44c7ab5a337	WRONG_SIMU	-1
2022-01-25	date=2022-01-21_16_00 git=105899-1ab53b42729 GameVersion=3.3.0	0296a9db5a4eeb3ac312ebec5799a0af3b6cd87df924f1afda4ecd43d4be923f	5aa5759212856928da5121ce0e0e51d61f236be5f42f3fa0c998a44c7ab5a337	WRONG_SIMU	-1
2022-02-22	date=2022-02-22_22_00 git=105938-12a17822281 GameVersion=3.3.0	87fb6be2dba5190b76a015405e87821dc0ca213eef8644dd04a96db2c07bd27f	e58a853cf867b7d222a0eec540653c1f97aa0c47410ceb32aa09ffff3e3e7ddc	WRONG_SIMU	-1
2022-03-19	date=2022-03-17_18_30 git=112196-6c5fdc6a5a3 GameVersion=3.3.0	5cd878a91298f4d17e9840bd948dc6f5c0d32c6f32fe128b78daf56cc0a48157	159aa96adbe1571b589a6a12621a0daea17616eaf42f744afdc378b6f4678751	WRONG_SIMU	-1
2022-03-24	date=2022-03-24_17_00 git=112323-d226de5dab6 GameVersion=3.3.0	897430cadee5ca82437999b13bb4d28ef6a687d7e6b8e6cb40108393b933c43c	f37407da3d7dfeb9c33c633559c06225f60486d4afc89548ea7be0e2626e3626	WRONG_SIMU	-1
2022-03-25	date=2022-03-25_18_00 git=112349-fc06c6f3d3d GameVersion=3.3.0	a5536ac7dc2426406321ab7c7a5f9d797fc2ed6f70f699c69142d9b2853e7656	cc3b1cc88cb01a95bd02d89d60e3177af7bd40e26202c26088a39f4e824f752d	WRONG_SIMU	-1
2022-03-29	date=2022-03-29_17_00 git=112449-205b693fe11 GameVersion=3.3.0	dceac5a26a463b1579a58c7a21398350ba204c544c1926d36c0ec8fe954f2a37	b3516d3db5dbfbe34ccfc07072762ce7716bbede9068eeefb978b3af41c2a2dc	EXACT_63.546	63546
2022-03-31	date=2022-03-31_15_00 git=112499-3dde0004cd6 GameVersion=3.3.0	e02a8f751e9a2de19ef8ec5a3c57c544c0ebf2de2199fc733afc7ea372854648	09ae1a608ed38ace179240910139ec27203bf092197c41d1220c4b1ad4ea2842	EXACT_63.546	63546
2022-04-01	date=2022-04-01_17_00 git=112520-456a28e30a7 GameVersion=3.3.0	aa9f8cdda581ae00582b5c2f9c67ac11e98937904395af03a2dffbb7b2571024	126e0c9b23ca67095a98e14075e4361d3c74de6e3760e2accf13035835384392	EXACT_63.546	63546
2022-04-08	date=2022-04-08_11_00 git=112601-d8ff995f5f0 GameVersion=3.3.0	bc5c6234f6bf499d5d4d2349685bcefd7b96ebe0c6daa734f3938d844d8d0b6e	5eb80fec96dc4ae50465161e042dd340874915e73390d49645bf89bedc5ca870	EXACT_63.546	63546
2022-04-11	date=2022-04-11_16_00 git=112712-4e48fbc397d GameVersion=3.3.0	384418f2fbe683fd08bd874430e4fa838f8b50a04a24cd19fc1336a7e45133d4	9aa507fc0fed6b84c44052d0cd370ffe9a96a5bc0ed3bf44308c55814546d05a	EXACT_63.546	63546
2022-04-28	date=2022-04-28_14_00 git=112830-67bd4bee0b8 GameVersion=3.3.0	0373dc8c8a3fa5969fe3094286ef7b951711c56692f97cb903cdbb7b19c10552	3de076ae70db9274d5b1366768117135af957ea7b2d1b42afb626bf25fc9c83d	EXACT_63.546	63546
2022-05-04	date=2022-05-04_19_08 git=112906-18d7e26cfc5 GameVersion=3.3.0	d8884ddbafbf9b3127b43f9cf8c84d270bbdb6c8f920f5301b1fa93a64d6e66a	c3459a680cb15cfd5735318be18a0183d7e6cd8a1abc420ae1b4019390d22d1d	EXACT_63.546	63546
2022-06-21	date=2022-06-21_18_24 git=113135-3f1be700e66 GameVersion=3.3.0	6623e71dad1ce1cf977bf12dbeb8c0cf0084da5311dda22310c0316a6125d079	fa4eb9a599a8b7ebf11c434be9a1ace099e1e7c8244e9d81d083645e83bb4cd9	EXACT_63.546	63546
