kind	index	offset	width	site	old	new
field	0	66	4	0x1405edeef	0x18d0	0x1780
field	1	184	4	0x1405edf64	0x1584	0x1424
field	2	198	4	0x1405edf74	0x158c	0x142c
field	3	213	4	0x1405edf82	0x1378	0x1280
field	4	258	1	0x1405edfb0	0x24	0x20
field	5	281	4	0x1405edfc6	0x14c0	0x1360
field	6	343	4	0x1405ee005	0x1620	0x14c0
field	7	372	4	0x1405ee020	0x1d74	0x1c44
field	8	756	4	0x1405ee1a1	0x1568	0x1408
field	9	857	4	0x1405ee206	0x1378	0x1280
field	10	1065	4	0x1405ee2d6	0x1378	0x1280
field	11	1128	4	0x1405ee315	0x758	0x1f10
field	12	1168	4	0x1405ee33d	0x118	0x110
field	13	1179	4	0x1405ee349	0x15d8	0x1478
field	14	1263	4	0x1405ee39d	0x15fc	0x149c
field	15	1281	4	0x1405ee3af	0x714	0x1e84
field	16	1301	4	0x1405ee3c3	0x1600	0x14a0
field	17	1307	4	0x1405ee3c9	0x15d8	0x1478
field	18	1324	4	0x1405ee3da	0x1600	0x14a0
field	19	1342	4	0x1405ee3ec	0x728	0x1ee0
field	20	1384	4	0x1405ee415	0x15d8	0x1478
field	21	1391	4	0x1405ee41c	0x1618	0x14b8
field	22	1997	4	0x1405ee679	0x15e0	0x1480
field	23	2005	4	0x1405ee681	0x15e4	0x1484
field	24	2224	4	0x1405ee75e	0x15d8	0x1478
field	25	2277	4	0x1405ee793	0x15d8	0x1478
field	26	2306	4	0x1405ee7b0	0x15fc	0x149c
field	27	2391	4	0x1405ee804	0x18d0	0x1780
field	28	2449	4	0x1405ee83d	0xa64	0xa5c
field	29	2457	4	0x1405ee845	0x18c0	0x1760
field	30	2774	4	0x1405ee984	0x398	0xe50
field	31	2867	4	0x1405ee9df	0x162c	0x14cc
field	32	2877	4	0x1405ee9ea	0x1624	0x14c4
field	33	2883	4	0x1405ee9f1	0x3a0	0xe58
field	34	2903	4	0x1405eea03	0x162c	0x14cc
field	35	2915	4	0x1405eea11	0x1628	0x14c8
field	36	2924	4	0x1405eea1a	0x1624	0x14c4
field	37	2936	4	0x1405eea24	0x162c	0x14cc
field	38	2943	4	0x1405eea2c	0x1624	0x14c4
field	39	2949	4	0x1405eea33	0x39c	0xe54
field	40	3032	4	0x1405eea85	0x18d0	0x1780
field	41	3047	4	0x1405eea94	0x1378	0x1280
field	42	3110	4	0x1405eead3	0x18d0	0x1780
field	43	3274	4	0x1405eeb77	0x1378	0x1280
field	44	3337	4	0x1405eebb7	0x1758	0x1600
field	45	3350	4	0x1405eebc4	0x1758	0x1600
field	46	3398	4	0x1405eebf2	0x2b0	0xc48
field	47	3410	4	0x1405eec00	0x1758	0x1600
field	48	3433	4	0x1405eec17	0x1758	0x1600
field	49	3501	4	0x1405eec5b	0x1758	0x1600
field	50	3516	4	0x1405eec6a	0x15d8	0x1478
field	51	3535	4	0x1405eec7b	0x370	0xd98
field	52	3542	4	0x1405eec83	0x1d74	0x1c44
field	53	3550	4	0x1405eec8c	0x1d78	0x1c48
field	54	3599	4	0x1405eecbb	0x2b0	0xc48
field	55	3626	4	0x1405eecd8	0x1758	0x1600
field	56	3732	4	0x1405eed42	0x1758	0x1600
field	57	3765	4	0x1405eed63	0x1528	0x13c8
field	58	3774	4	0x1405eed6c	0x1758	0x1600
field	59	3904	4	0x1405eeded	0x1ce8	0x1bb0
field	60	4114	4	0x1405eeebd	0x568	0x1810
field	61	4200	4	0x1405eef14	0x18c0	0x1760
field	62	4521	4	0x1405ef055	0x18c0	0x1760
field	63	4565	4	0x1405ef083	0x1cc4	0x1b8c
field	64	4579	4	0x1405ef091	0x1cc8	0x1b90
field	65	4588	4	0x1405ef098	0x1ccc	0x1b94
field	66	4608	4	0x1405ef0ae	0x1528	0x13c8
field	67	4637	4	0x1405ef0cb	0x1758	0x1600
field	68	4767	4	0x1405ef14b	0x14c4	0x1364
field	69	5009	4	0x1405ef23f	0x156c	0x140c
field	70	5029	4	0x1405ef252	0x1d74	0x1c44
field	71	5037	4	0x1405ef25b	0x1d78	0x1c48
field	72	5054	4	0x1405ef26b	0x156c	0x140c
field	73	5184	4	0x1405ef2ee	0x1748	0x15f0
field	74	5255	4	0x1405ef335	0x15d8	0x1478
field	75	5311	4	0x1405ef36d	0x15fc	0x149c
field	76	5326	4	0x1405ef37b	0x714	0x1e84
field	77	5371	4	0x1405ef3a8	0x728	0x1ee0
field	78	5395	4	0x1405ef3c1	0x1600	0x14a0
field	79	5468	4	0x1405ef407	0x738	0x1ef0
field	80	5492	4	0x1405ef421	0x1378	0x1280
field	81	5587	4	0x1405ef480	0x18d0	0x1780
field	82	5625	4	0x1405ef4a7	0x1c70	0x1b38
field	83	5646	4	0x1405ef4bc	0x1734	0x15dc
field	84	5657	4	0x1405ef4c5	0x1c78	0x1b40
field	85	5706	4	0x1405ef4f6	0x18bc	0x175c
field	86	5764	4	0x1405ef532	0x1cac	0x1b74
field	87	5775	4	0x1405ef53b	0x1cb0	0x1b78
field	88	5781	4	0x1405ef543	0x1cc4	0x1b8c
field	89	5790	4	0x1405ef54c	0x1cc8	0x1b90
field	90	5799	4	0x1405ef553	0x1cd0	0x1b98
field	91	5941	4	0x1405ef5e3	0x1528	0x13c8
field	92	6059	4	0x1405ef659	0x1638	0x14d0
field	93	6371	4	0x1405ef791	0x14ec	0x138c
field	94	6384	4	0x1405ef79e	0x1e0	0x618
field	95	6421	4	0x1405ef7c3	0x1528	0x13c8
field	96	6634	4	0x1405ef896	0x6a4	0x1cf4
field	97	6652	4	0x1405ef8a8	0x6a4	0x1cf4
field	98	6670	4	0x1405ef8ba	0x6a4	0x1cf4
field	99	6688	4	0x1405ef8cc	0x6a4	0x1cf4
field	100	6695	4	0x1405ef8d4	0x1378	0x1280
field	101	6721	4	0x1405ef8ed	0x53c	0x179c
field	102	6729	4	0x1405ef8f5	0x538	0x1798
field	103	6773	4	0x1405ef921	0x1504	0x13a4
field	104	6994	4	0x1405ef9fe	0x690	0x1ce0
field	105	7005	4	0x1405efa0a	0x694	0x1ce4
field	106	7028	4	0x1405efa22	0x15fc	0x149c
field	107	7034	4	0x1405efa28	0x15d8	0x1478
field	108	7044	4	0x1405efa32	0x1618	0x14b8
field	109	7525	4	0x1405efc11	0x280	0xab0
field	110	7550	4	0x1405efc2a	0x110	0x308
field	111	7588	4	0x1405efc50	0x110	0x308
field	112	7672	4	0x1405efca4	0x18b8	0x1758
field	113	7695	4	0x1405efcbd	0x1cc4	0x1b8c
field	114	7706	4	0x1405efcc6	0x1cd4	0x1b9c
field	115	7712	4	0x1405efcce	0x1cac	0x1b74
field	116	7723	4	0x1405efcd7	0x1cb4	0x1b7c
field	117	7754	4	0x1405efcf6	0x550	0x17b0
field	118	7762	4	0x1405efcfe	0x118	0x310
field	119	7810	4	0x1405efd30	0x15d8	0x1478
field	120	7819	4	0x1405efd39	0x1600	0x14a0
field	121	7825	4	0x1405efd3f	0x15d8	0x1478
field	122	7868	4	0x1405efd6a	0x14f0	0x1390
field	123	8044	4	0x1405efe19	0x1378	0x1280
field	124	8054	4	0x1405efe24	0x1584	0x1424
field	125	8065	4	0x1405efe2f	0x1588	0x1428
field	126	8076	4	0x1405efe3a	0x158c	0x142c
field	127	8116	4	0x1405efe62	0x1cc0	0x1b88
field	128	8141	4	0x1405efe7a	0x1378	0x1280
field	129	8211	4	0x1405efec1	0xabc	0x2eec
field	130	8232	4	0x1405efed5	0x15dc	0x147c
field	131	8253	4	0x1405efee8	0x690	0x1ce0
field	132	8259	4	0x1405efef1	0x1614	0x14b4
field	133	10869	4	0x1405edd0d	0x1640	0x14dc
field	134	10879	4	0x1405edd19	0x1910	0x16c0
field	135	10950	4	0x1405edd5e	0x145c	0x12fc
field	136	10959	4	0x1405edd67	0x1464	0x1304
field	137	10977	4	0x1405edd79	0x1640	0x14dc
field	138	11011	4	0x1405edd9b	0x1460	0x1300
field	139	11089	4	0x1405edde9	0x1640	0x14dc
field	140	11102	4	0x1405eddf6	0x1640	0x14dc
field	141	11211	4	0x1405e7787	0x6c0	0x6b8
field	142	11342	4	0x1405ede0b	0x1378	0x1280
field	143	11358	4	0x1405ede1b	0x1378	0x1280
field	144	11379	4	0x1405ede30	0x1378	0x1280
field	145	11398	4	0x1405ede43	0x1378	0x1280
field	146	11421	4	0x1405ede5a	0x18cc	0x176c
field	147	11435	4	0x1405ede67	0x18ca	0x176a
field	148	11524	4	0x1413be671	0x5a0	0x18d8
field	149	11588	4	0x1413be671	0x5a0	0x18d8
field	150	11652	4	0x1413be761	0x590	0x1880
field	151	11716	4	0x1413be821	0x288	0xab8
field	152	11793	4	0x1413be86e	0x658	0x1b88
field	153	11817	4	0x1413be885	0x660	0x1bd8
field	154	11860	4	0x1413be8b1	0x570	0x1818
field	155	11912	4	0x1413be904	0xa0	0x248
field	156	11920	4	0x1413be90c	0xa4	0x24c
field	157	11959	4	0x1413be934	0x688	0x1c90
field	158	12020	4	0x1413be971	0x290	0xb08
field	159	12084	4	0x1413bea31	0x720	0x1e90
field	160	12148	4	0x1413beab1	0x6b8	0x1d08
reloc	0	167	4	0	true	0x2c40
reloc	1	206	4	0	true	0x2fc0
reloc	2	222	4	0	true	0x2fd0
reloc	3	317	4	0	true	0x2fe0
reloc	4	332	4	0	true	0x21f0
reloc	5	352	4	0	true	0x2200
reloc	6	437	4	0	true	0x2ff0
reloc	7	465	4	0	true	0x3000
reloc	8	505	4	0	true	0x3010
reloc	9	527	4	0	true	0x3020
reloc	10	534	4	0	true	0x2090
reloc	11	545	4	0	true	0x20a0
reloc	12	558	4	0	true	0x21e0
reloc	13	591	4	0	true	0x20b0
reloc	14	615	4	0	true	0x3030
reloc	15	680	4	0	true	0x3040
reloc	16	714	4	0	true	0x2210
reloc	17	736	4	0	true	0x3050
reloc	18	815	4	0	true	0x3060
reloc	19	842	4	0	true	0x3210
reloc	20	850	4	0	true	0x3220
reloc	21	865	4	0	true	0x3070
reloc	22	874	4	0	true	0x21d0
reloc	23	1003	4	0	true	0x3080
reloc	24	1022	4	0	true	0x3000
reloc	25	1173	4	0	true	0x3090
reloc	26	1211	4	0	true	0x30a0
reloc	27	1405	4	0	true	0x21c0
reloc	28	1414	4	0	true	0x2220
reloc	29	1423	4	0	true	0x2180
reloc	30	1431	4	0	true	0x2230
reloc	31	1461	4	0	true	0x2120
reloc	32	1472	4	0	true	0x2110
reloc	33	1516	4	0	true	0x2fd0
reloc	34	1539	4	0	true	0x30b0
reloc	35	1547	4	0	true	0x20c0
reloc	36	1555	4	0	true	0x20d0
reloc	37	1789	4	0	true	0x3080
reloc	38	1852	4	0	true	0x30c0
reloc	39	1869	4	0	true	0x30c0
reloc	40	2089	4	0	true	0x3080
reloc	41	2169	4	0	true	0x20e0
reloc	42	2186	4	0	true	0x20f0
reloc	43	2218	4	0	true	0x30d0
reloc	44	2243	4	0	true	0x2f20
reloc	45	2271	4	0	true	0x30d0
reloc	46	2342	4	0	true	0x2100
reloc	47	2351	4	0	true	0x30c0
reloc	48	2384	4	0	true	0x2e80
reloc	49	2490	4	0	true	0x30e0
reloc	50	2524	4	0	true	0x3000
reloc	51	2554	4	0	true	0x21f0
reloc	52	2594	4	0	true	0x2cf0
reloc	53	2644	4	0	true	0x21c0
reloc	54	2656	4	0	true	0x2230
reloc	55	2685	4	0	true	0x2240
reloc	56	2893	4	0	true	0x30f0
reloc	57	2961	4	0	true	0x30f0
reloc	58	2972	4	0	true	0x3100
reloc	59	2988	4	0	true	0x3110
reloc	60	3040	4	0	true	0x2110
reloc	61	3055	4	0	true	0x2120
reloc	62	3124	4	0	true	0x2240
reloc	63	3133	4	0	true	0x2180
reloc	64	3141	4	0	true	0x2230
reloc	65	3150	4	0	true	0x21e0
reloc	66	3245	4	0	true	0x3080
reloc	67	3267	4	0	true	0x3120
reloc	68	3279	4	0	true	0x3130
reloc	69	3302	4	0	true	0x2130
reloc	70	3381	4	0	true	0x21f0
reloc	71	3482	4	0	true	0x2140
reloc	72	3578	4	0	true	0x21f0
reloc	73	3589	4	0	true	0x2140
reloc	74	3801	4	0	true	0x21c0
reloc	75	3869	4	0	true	0x2f60
reloc	76	3897	4	0	true	0x30d0
reloc	77	3944	4	0	true	0x2a50
reloc	78	4040	4	0	true	0x2230
reloc	79	4048	4	0	true	0x2250
reloc	80	4157	4	0	true	0x30c0
reloc	81	4245	4	0	true	0x30e0
reloc	82	4287	4	0	true	0x2d30
reloc	83	4330	4	0	true	0x21c0
reloc	84	4347	4	0	true	0x2230
reloc	85	4370	4	0	true	0x2240
reloc	86	4461	4	0	true	0x2150
reloc	87	4598	4	0	true	0x2160
reloc	88	4648	4	0	true	0x21e0
reloc	89	4681	4	0	true	0x2d70
reloc	90	4782	4	0	true	0x3000
reloc	91	4803	4	0	true	0x21c0
reloc	92	4905	4	0	true	0x3140
reloc	93	4955	4	0	true	0x2180
reloc	94	4984	4	0	true	0x2240
reloc	95	5063	4	0	true	0x2260
reloc	96	5145	4	0	true	0x2df0
reloc	97	5171	4	0	true	0x2ee0
reloc	98	5178	4	0	true	0x2db0
reloc	99	5249	4	0	true	0x2e40
reloc	100	5339	4	0	true	0x2170
reloc	101	5348	4	0	true	0x30c0
reloc	102	5413	4	0	true	0x2180
reloc	103	5422	4	0	true	0x30c0
reloc	104	5497	4	0	true	0x3130
reloc	105	5512	4	0	true	0x3150
reloc	106	5539	4	0	true	0x2190
reloc	107	5619	4	0	true	0x2b70
reloc	108	5730	4	0	true	0x3160
reloc	109	5749	4	0	true	0x21d0
reloc	110	5754	4	0	true	0x3170
reloc	111	5809	4	0	true	0x21a0
reloc	112	5868	4	0	true	0x3080
reloc	113	5898	4	0	true	0x3000
reloc	114	5935	4	0	true	0x3000
reloc	115	5976	4	0	true	0x21b0
reloc	116	6103	4	0	true	0x2240
reloc	117	6112	4	0	true	0x21d0
reloc	118	6147	4	0	true	0x3000
reloc	119	6164	4	0	true	0x3000
reloc	120	6183	4	0	true	0x2240
reloc	121	6230	4	0	true	0x3000
reloc	122	6247	4	0	true	0x3000
reloc	123	6274	4	0	true	0x21c0
reloc	124	6340	4	0	true	0x3110
reloc	125	6351	4	0	true	0x21c0
reloc	126	6360	4	0	true	0x21d0
reloc	127	6396	4	0	true	0x2230
reloc	128	6411	4	0	true	0x3150
reloc	129	6480	4	0	true	0x3000
reloc	130	6493	4	0	true	0x3070
reloc	131	6535	4	0	true	0x3000
reloc	132	6569	4	0	true	0x3110
reloc	133	6577	4	0	true	0x3180
reloc	134	6700	4	0	true	0x3190
reloc	135	6788	4	0	true	0x3000
reloc	136	6902	4	0	true	0x21f0
reloc	137	6945	4	0	true	0x31a0
reloc	138	6954	4	0	true	0x3190
reloc	139	7014	4	0	true	0x2270
reloc	140	7195	4	0	true	0x3190
reloc	141	7341	4	0	true	0x21f0
reloc	142	7496	4	0	true	0x21e0
reloc	143	7652	4	0	true	0x3110
reloc	144	7802	4	0	true	0x3110
reloc	145	8081	4	0	true	0x3070
reloc	146	8126	4	0	true	0x31b0
reloc	147	8134	4	0	true	0x31c0
reloc	148	8149	4	0	true	0x3070
reloc	149	8193	4	0	true	0x31d0
reloc	150	8201	4	0	true	0x31e0
reloc	151	8222	4	0	true	0x31f0
reloc	152	8240	4	0	true	0x3200
reloc	153	8842	4	0	true	0x3000
reloc	154	10835	4	0	true	0x22a0
reloc	155	10860	4	0	true	0x2200
reloc	156	10994	4	0	true	0x2fa0
reloc	157	11031	4	0	true	0x2200
reloc	158	11043	4	0	true	0x21d0
reloc	159	11051	4	0	true	0x21d0
reloc	160	11147	4	0	true	0x2200
reloc	161	11165	4	0	true	0x21d0
reloc	162	11220	4	0	true	0x3000
reloc	163	11289	4	0	true	0x2200
reloc	164	11347	4	0	true	0x3230
reloc	165	11363	4	0	true	0x3240
reloc	166	11384	4	0	true	0x3190
reloc	167	11403	4	0	true	0x3130
reloc	168	11479	4	0	true	0x2fb0
reloc	169	11512	4	0	true	0x21d0
reloc	170	11542	4	0	true	0x2280
reloc	171	11576	4	0	true	0x21d0
reloc	172	11606	4	0	true	0x2280
reloc	173	11640	4	0	true	0x21d0
reloc	174	11670	4	0	true	0x2280
reloc	175	11704	4	0	true	0x21d0
reloc	176	11734	4	0	true	0x2280
reloc	177	11770	4	0	true	0x21d0
reloc	178	11803	4	0	true	0x2280
reloc	179	11848	4	0	true	0x21d0
reloc	180	11878	4	0	true	0x2280
reloc	181	11974	4	0	true	0x2280
reloc	182	12008	4	0	true	0x21d0
reloc	183	12038	4	0	true	0x2280
reloc	184	12072	4	0	true	0x21d0
reloc	185	12102	4	0	true	0x2280
reloc	186	12136	4	0	true	0x21d0
reloc	187	12166	4	0	true	0x2280
region	0	0	8336	0x1405edeb0	0x1405eff40	0
region	1	10832	275	0x1405edcf0	0x1405ede00	0
region	2	11120	194	0x1405e7730	0x1405e77f2	0
region	3	11328	172	0x1405ede00	0x1405edeac	0
region	4	11504	53	0x1413be660	0x1413be695	0
region	5	11568	53	0x1413be660	0x1413be695	0
region	6	11632	53	0x1413be750	0x1413be785	0
region	7	11696	53	0x1413be810	0x1413be845	0
region	8	11760	67	0x1413be850	0x1413be893	0
region	9	11840	53	0x1413be8a0	0x1413be8d5	0
region	10	11904	85	0x1413be900	0x1413be955	0
region	11	12000	53	0x1413be960	0x1413be995	0
region	12	12064	53	0x1413bea20	0x1413bea55	0
region	13	12128	53	0x1413beaa0	0x1413bead5	0
