BlueBay\Media\Material\CliffPxz	BlueBay\Media\Texture\Image\CliffPxz_D.dds	256x256	0.2543	0.2305	0.1732	0.2314
BlueBay\Media\Material\HillPxz	BlueBay\Media\Texture\Image\HillPxz_D.dds	256x256	0.0992	0.1431	0.0403	0.1263
BlueBay\Media\Material\Land	BlueBay\Media\Texture\Image\Land_D.dds	256x256	0.1309	0.1828	0.0525	0.1624
BlueBay\Media\Material\Sand	BlueBay\Media\Texture\Image\Sand_D.dds	256x256	0.6816	0.4884	0.2725	0.5139
BlueBay\Media\Material\SeaFloor	BlueBay\Media\Texture\Image\SeaFloor_D.dds	256x256	0.6722	0.4734	0.2231	0.4976
BlueBay\Media\Material\TransitionRocks	BlueBay\Media\Texture\Image\TransitionRocks_D.dds	256x256	0.2075	0.1725	0.1117	0.1756
BlueBay\Media\Material\TransitionRocksToCliffPxz	BlueBay\Media\Texture\Image\TransitionRocks_D.dds	256x256	0.2075	0.1725	0.1117	0.1756
BlueBay\Media\Material\TransitionRocksToLand	BlueBay\Media\Texture\Image\TransitionRocks_D.dds	256x256	0.2075	0.1725	0.1117	0.1756
BlueBay\Media\Material\TransitionRocksToRocksTop	BlueBay\Media\Texture\Image\TransitionRocks_D.dds	256x256	0.2075	0.1725	0.1117	0.1756
BlueBay\Media\Material\TransitionRocksToSand	BlueBay\Media\Texture\Image\TransitionRocks_D.dds	256x256	0.2075	0.1725	0.1117	0.1756
BlueBay\Media\Material\TransitionRocksToSeaFloor	BlueBay\Media\Texture\Image\TransitionRocks_D.dds	256x256	0.2075	0.1725	0.1117	0.1756
BlueBay\Media\Material\TransitionToCliffPxz	BlueBay\Media\Texture\Image\Transition_D.dds	256x256	0.4199	0.3189	0.1508	0.3282
BlueBay\Media\Material\TransitionToLand	BlueBay\Media\Texture\Image\Transition_D.dds	256x256	0.4199	0.3189	0.1508	0.3282
BlueBay\Media\Material\TransitionToSand	BlueBay\Media\Texture\Image\Transition_D.dds	256x256	0.4199	0.3189	0.1508	0.3282
BlueBay\Media\Material\TransitionToSeaFloor	BlueBay\Media\Texture\Image\Transition_D.dds	256x256	0.4199	0.3189	0.1508	0.3282
BlueBay\Media\Modifier\StadiumOnTerrain\DecalPaint2Sponsor4x1D	Stadium\Media\Texture\Image\DecalPaint2_D.dds	256x256	0.0026	0.0025	0.0026	0.0026
BlueBay\Media\Modifier\StadiumOnTerrain\DecalPaintSponsor4x1D	Stadium\Media\Texture\Image\DecalPaint_D.dds	256x256	0.8179	0.8178	0.8396	0.8194
BlueBay\Media\Modifier\StadiumOnTerrain\DecalPaintSponsor4x1NoColorizeD	Stadium\Media\Texture\Image\DecalPaint_D.dds	256x256	0.8179	0.8178	0.8396	0.8194
BlueBay\Media\Modifier\StadiumOnTerrain\Deco	BlueBay\Media\Texture\Image\RocksTop_D.dds	256x256	0.4752	0.4087	0.2644	0.4124
BlueBay\Media\Modifier\StadiumOnTerrain\DecoHill	Stadium\Media\Texture\Image\DecoHill_D.dds	256x256	0.2961	0.2940	0.1301	0.2826
BlueBay\Media\Modifier\StadiumOnTerrain\DecoHill2	Stadium\Media\Texture\Image\DecoHill2_D.dds	256x256	0.5080	0.3563	0.1973	0.3771
BlueBay\Media\Modifier\StadiumOnTerrain\StructureInWorld	Stadium\Media\Texture\Image\StructureInWorld_D.dds	256x64	0.3828	0.3554	0.3033	0.3574
BlueBay\Media\Modifier\StadiumOnTerrain\TrackBordersInWorld	Stadium\Media\Texture\Image\TrackBordersInWorld_D.dds	256x64	0.5162	0.5067	0.5044	0.5086
BlueBay\Media\Modifier\StadiumOnTerrain\TrackBordersOffInWorld	Stadium\Media\Texture\Image\TrackBordersInWorld_D.dds	256x64	0.5162	0.5067	0.5044	0.5086
BlueBay\Media\Modifier\StadiumOnTerrain\TrackWallClipsInWorld	Stadium\Media\Texture\Image\TrackWallClipsInWorld_D.dds	256x256	0.3955	0.3689	0.3155	0.3707
BlueBay\Media\Modifier\StadiumOnTerrain\TrackWallInWorld	Stadium\Media\Texture\Image\TrackWallPxzInWorld_D.dds	256x256	0.3955	0.3689	0.3155	0.3707
Stadium\Media\Material\Canopy	Stadium\Media\Texture\Image\Canopy_D.dds	256x256	0.8387	0.8469	0.8632	0.8463
Stadium\Media\Material\CanopyGlass	Stadium\Media\Texture\Image\CanopyGlass_D.dds	256x256	0.0194	0.0252	0.0242	0.0239
Stadium\Media\Material\CanopyStructure	Stadium\Media\Texture\Image\CanopyStructure_D.dds	256x32	0.8541	0.8462	0.8788	0.8502
Stadium\Media\Material\ChronoCheckpoint	Stadium\Media\Texture\Image\LightCells2_D.dds	256x256	0.0631	0.0620	0.0631	0.0623
Stadium\Media\Material\ChronoCheckpoint-00-00-001	Stadium\Media\Texture\Image\LightCells2_D.dds	256x256	0.0631	0.0620	0.0631	0.0623
Stadium\Media\Material\ChronoCheckpoint-00-00-01	Stadium\Media\Texture\Image\LightCells2_D.dds	256x256	0.0631	0.0620	0.0631	0.0623
Stadium\Media\Material\ChronoCheckpoint-00-00-10	Stadium\Media\Texture\Image\LightCells2_D.dds	256x256	0.0631	0.0620	0.0631	0.0623
Stadium\Media\Material\ChronoCheckpoint-00-01-00	Stadium\Media\Texture\Image\LightCells2_D.dds	256x256	0.0631	0.0620	0.0631	0.0623
Stadium\Media\Material\ChronoCheckpoint-00-10-00	Stadium\Media\Texture\Image\LightCells2_D.dds	256x256	0.0631	0.0620	0.0631	0.0623
Stadium\Media\Material\ChronoCheckpoint-01-00-00	Stadium\Media\Texture\Image\LightCells2_D.dds	256x256	0.0631	0.0620	0.0631	0.0623
Stadium\Media\Material\ChronoCheckpoint-10-00-00	Stadium\Media\Texture\Image\LightCells2_D.dds	256x256	0.0631	0.0620	0.0631	0.0623
Stadium\Media\Material\ChronoFinish	Stadium\Media\Texture\Image\LightCells2_D.dds	256x256	0.0631	0.0620	0.0631	0.0623
Stadium\Media\Material\ChronoFinish-00-00-001	Stadium\Media\Texture\Image\LightCells2_D.dds	256x256	0.0631	0.0620	0.0631	0.0623
Stadium\Media\Material\ChronoFinish-00-00-01	Stadium\Media\Texture\Image\LightCells2_D.dds	256x256	0.0631	0.0620	0.0631	0.0623
Stadium\Media\Material\ChronoFinish-00-00-10	Stadium\Media\Texture\Image\LightCells2_D.dds	256x256	0.0631	0.0620	0.0631	0.0623
Stadium\Media\Material\ChronoFinish-00-01-00	Stadium\Media\Texture\Image\LightCells2_D.dds	256x256	0.0631	0.0620	0.0631	0.0623
Stadium\Media\Material\ChronoFinish-00-10-00	Stadium\Media\Texture\Image\LightCells2_D.dds	256x256	0.0631	0.0620	0.0631	0.0623
Stadium\Media\Material\ChronoFinish-01-00-00	Stadium\Media\Texture\Image\LightCells2_D.dds	256x256	0.0631	0.0620	0.0631	0.0623
Stadium\Media\Material\ChronoFinish-10-00-00	Stadium\Media\Texture\Image\LightCells2_D.dds	256x256	0.0631	0.0620	0.0631	0.0623
Stadium\Media\Material\DecalCurbs	Stadium\Media\Texture\Image\DecalCurbs_D.dds	256x128	0.6514	0.6445	0.6514	0.6465
Stadium\Media\Material\DecalMarks	Stadium\Media\Texture\Image\DecalMarks_D.dds	64x256	0.3217	0.3440	0.3258	0.3379
Stadium\Media\Material\DecalMarksRamp	Stadium\Media\Texture\Image\DecalMarksRamp_D.dds	256x32	0.1548	0.1540	0.1548	0.1543
Stadium\Media\Material\DecalMarksStart	Stadium\Media\Texture\Image\DecalMarksStart_D.dds	128x256	0.5743	0.5689	0.5688	0.5700
Stadium\Media\Material\DecalPaint2Logo4x1	Stadium\Media\Texture\Image\DecalPaint2_D.dds	256x256	0.0026	0.0025	0.0026	0.0026
Stadium\Media\Material\DecalPaint2Logo8x1	Stadium\Media\Texture\Image\DecalPaint2_D.dds	256x256	0.0026	0.0025	0.0026	0.0026
Stadium\Media\Material\DecalPaint2Sponsor4x1A	Stadium\Media\Texture\Image\DecalPaint2_D.dds	256x256	0.0026	0.0025	0.0026	0.0026
Stadium\Media\Material\DecalPaint2Sponsor4x1B	Stadium\Media\Texture\Image\DecalPaint2_D.dds	256x256	0.0026	0.0025	0.0026	0.0026
Stadium\Media\Material\DecalPaint2Sponsor4x1C	Stadium\Media\Texture\Image\DecalPaint2_D.dds	256x256	0.0026	0.0025	0.0026	0.0026
Stadium\Media\Material\DecalPaint2Sponsor4x1D	Stadium\Media\Texture\Image\DecalPaint2_D.dds	256x256	0.0026	0.0025	0.0026	0.0026
Stadium\Media\Material\DecalPaintLogo4x1	Stadium\Media\Texture\Image\DecalPaint_D.dds	256x256	0.8179	0.8178	0.8396	0.8194
Stadium\Media\Material\DecalPaintLogo8x1	Stadium\Media\Texture\Image\DecalPaint_D.dds	256x256	0.8179	0.8178	0.8396	0.8194
Stadium\Media\Material\DecalPaintLogo8x1Colorize	Stadium\Media\Texture\Image\DecalPaint_D.dds	256x256	0.8179	0.8178	0.8396	0.8194
Stadium\Media\Material\DecalPaintSponsor4x1A	Stadium\Media\Texture\Image\DecalPaint_D.dds	256x256	0.8179	0.8178	0.8396	0.8194
Stadium\Media\Material\DecalPaintSponsor4x1B	Stadium\Media\Texture\Image\DecalPaint_D.dds	256x256	0.8179	0.8178	0.8396	0.8194
Stadium\Media\Material\DecalPaintSponsor4x1C	Stadium\Media\Texture\Image\DecalPaint_D.dds	256x256	0.8179	0.8178	0.8396	0.8194
Stadium\Media\Material\DecalPaintSponsor4x1D	Stadium\Media\Texture\Image\DecalPaint_D.dds	256x256	0.8179	0.8178	0.8396	0.8194
Stadium\Media\Material\DecalPaintSponsor4x1NoColorizeA	Stadium\Media\Texture\Image\DecalPaint_D.dds	256x256	0.8179	0.8178	0.8396	0.8194
Stadium\Media\Material\DecalPaintSponsor4x1NoColorizeB	Stadium\Media\Texture\Image\DecalPaint_D.dds	256x256	0.8179	0.8178	0.8396	0.8194
Stadium\Media\Material\DecalPaintSponsor4x1NoColorizeC	Stadium\Media\Texture\Image\DecalPaint_D.dds	256x256	0.8179	0.8178	0.8396	0.8194
Stadium\Media\Material\DecalPaintSponsor4x1NoColorizeD	Stadium\Media\Texture\Image\DecalPaint_D.dds	256x256	0.8179	0.8178	0.8396	0.8194
Stadium\Media\Material\DecalPlatform	Stadium\Media\Texture\Image\DecalPlatform_D.dds	8x256	0.1506	0.1991	0.1550	0.1856
Stadium\Media\Material\DecalSponsor1x1BigA	Stadium\Media\Texture\Image\DecalSponsor1x1BigA_D.dds	256x256	1.0000	1.0000	1.0000	1.0000
Stadium\Media\Material\Deco	Stadium\Media\Texture\Image\DecoHillPy_D.dds	256x256	0.1732	0.2605	0.0912	0.2297
Stadium\Media\Material\DecoCliff	Stadium\Media\Texture\Image\DecoCliffPxz_D.dds	256x256	0.5225	0.4790	0.3782	0.4810
Stadium\Media\Material\DecoCliffBase	Stadium\Media\Texture\Image\DecoCliffBase_D.dds	256x256	0.1983	0.3284	0.0921	0.2837
Stadium\Media\Material\DecoHill	Stadium\Media\Texture\Image\DecoHill_D.dds	256x256	0.2961	0.2940	0.1301	0.2826
Stadium\Media\Material\DecoHill2	Stadium\Media\Texture\Image\DecoHill2_D.dds	256x256	0.5080	0.3563	0.1973	0.3771
Stadium\Media\Material\DecoTechnics	Stadium\Media\Texture\Image\DecoTechnics_D.dds	64x256	0.0680	0.0678	0.0680	0.0679
Stadium\Media\Material\GlossyFloor	Stadium\Media\Texture\Image\GlossyFloor_D.dds	256x256	0.0130	0.0130	0.0130	0.0130
Stadium\Media\Material\Grass	Stadium\Media\Texture\Image\Grass_D.dds	256x256	0.0875	0.1415	0.0556	0.1238
Stadium\Media\Material\GrassFence	Stadium\Media\Texture\Image\GrassFence_D.dds	256x32	0.1762	0.1759	0.1762	0.1760
Stadium\Media\Material\ItemBorder	Stadium\Media\Texture\Image\ItemBorder_D.dds	256x32	0.5186	0.5198	0.5186	0.5195
Stadium\Media\Material\ItemCurveSignB	Stadium\Media\Texture\Image\LightCells2_D.dds	256x256	0.0631	0.0620	0.0631	0.0623
Stadium\Media\Material\ItemCurveSignC	Stadium\Media\Texture\Image\LightCells2_D.dds	256x256	0.0631	0.0620	0.0631	0.0623
Stadium\Media\Material\ItemFlagNoAnim	Stadium\Media\Texture\Image\ItemFlag_D.dds	256x160	0.0723	0.0832	0.0549	0.0788
Stadium\Media\Material\ItemLamp	Stadium\Media\Texture\Image\ItemLamp_D.dds	64x256	0.0667	0.0545	0.0550	0.0572
Stadium\Media\Material\ItemLampLight	Stadium\Media\Texture\Image\ItemLamp_D.dds	64x256	0.0667	0.0545	0.0550	0.0572
Stadium\Media\Material\ItemObstacleLightOn	Stadium\Media\Texture\Image\ItemObstacleLight_D.dds	256x64	0.1081	0.1085	0.1081	0.1084
Stadium\Media\Material\ItemPillar2	Stadium\Media\Texture\Image\ItemPillar2_D.dds	128x256	0.5258	0.3373	0.0445	0.3562
Stadium\Media\Material\ItemRamp	Stadium\Media\Texture\Image\ItemRamp_D.dds	128x256	0.4132	0.3886	0.3613	0.3918
Stadium\Media\Material\ItemRoadSign	Stadium\Media\Texture\Image\ItemRoadSign_D.dds	256x256	0.0636	0.0638	0.0636	0.0637
Stadium\Media\Material\ItemSupportConnector	Stadium\Media\Texture\Image\ItemSupportConnector_D.dds	256x128	0.0626	0.0619	0.0623	0.0621
Stadium\Media\Material\ItemSupportTube	Stadium\Media\Texture\Image\ItemSupportTube_D.dds	128x256	0.4445	0.4500	0.4445	0.4484
Stadium\Media\Material\ItemTrackBarrier2	Stadium\Media\Texture\Image\ItemTrackBarrier2_D.dds	256x128	0.6477	0.4238	0.0383	0.4436
Stadium\Media\Material\LightSpot	Stadium\Media\Texture\Image\LightSpot_D.dds	128x128	0.1343	0.1342	0.1329	0.1341
Stadium\Media\Material\LightSpot2	Stadium\Media\Texture\Image\LightSpot2_D.dds	128x128	0.2635	0.2651	0.2641	0.2647
Stadium\Media\Material\LightTubeSmall	Stadium\Media\Texture\Image\LightTube_D.dds	64x256	0.0000	0.0000	0.0000	0.0000
Stadium\Media\Material\OpenTechBorders	Stadium\Media\Texture\Image\OpenTechBorders_D.dds	256x16	0.1053	0.1570	0.1159	0.1431
Stadium\Media\Material\Penalty	Stadium\Media\Texture\Image\DecoHill2_D.dds	256x256	0.5080	0.3563	0.1973	0.3771
Stadium\Media\Material\PlatformTech	Stadium\Media\Texture\Image\PlatformTech_D.dds	256x256	0.3192	0.3153	0.3154	0.3162
Stadium\Media\Material\PodiumBorder	Stadium\Media\Texture\Image\PodiumBorder_D.dds	256x32	1.0000	1.0000	1.0000	1.0000
Stadium\Media\Material\PodiumMedalMetal	Stadium\Media\Texture\Image\PodiumMedalMetal_D.dds	256x64	0.5710	0.3469	0.1790	0.3824
Stadium\Media\Material\PodiumScreen155	Stadium\Media\Texture\Image\LightCells3_D.dds	256x256	0.0066	0.0063	0.0066	0.0063
Stadium\Media\Material\PodiumSelfIllum	Stadium\Media\Texture\Image\PodiumSelfIllum_D.dds	256x64	0.4789	0.4428	0.4200	0.4488
Stadium\Media\Material\PodiumStepScreen	Stadium\Media\Texture\Image\LightCells3_D.dds	256x256	0.0066	0.0063	0.0066	0.0063
Stadium\Media\Material\PoolBorders	Stadium\Media\Texture\Image\TrackBorders_D.dds	256x64	0.4393	0.4357	0.4433	0.4370
Stadium\Media\Material\Pylon	Stadium\Media\Texture\Image\Pylon_D.dds	32x256	0.3136	0.3127	0.3136	0.3129
Stadium\Media\Material\RaceArchCheckpoint	Stadium\Media\Texture\Image\RaceArch_D.dds	256x32	0.1090	0.1104	0.1090	0.1100
Stadium\Media\Material\RaceArchCheckpointSmall	Stadium\Media\Texture\Image\RaceArch_D.dds	256x32	0.1090	0.1104	0.1090	0.1100
Stadium\Media\Material\RaceArchFinish	Stadium\Media\Texture\Image\RaceArch_D.dds	256x32	0.1090	0.1104	0.1090	0.1100
Stadium\Media\Material\RaceArchFinishSmall	Stadium\Media\Texture\Image\RaceArch_D.dds	256x32	0.1090	0.1104	0.1090	0.1100
Stadium\Media\Material\RaceScreenStart	Stadium\Media\Texture\Image\LightCells2_D.dds	256x256	0.0631	0.0620	0.0631	0.0623
Stadium\Media\Material\RaceScreenStartSmall	Stadium\Media\Texture\Image\LightCells2_D.dds	256x256	0.0631	0.0620	0.0631	0.0623
Stadium\Media\Material\RaceTriggerFXCheckpoint	Stadium\Media\Texture\Image\RaceTriggerFXCheckpoint_I.dds	256x256	0.0002	0.0310	0.1355	0.0320
Stadium\Media\Material\RaceTriggerFXFinish	Stadium\Media\Texture\Image\RaceTriggerFXFinish_I.dds	256x256	0.0890	0.0002	0.0002	0.0191
Stadium\Media\Material\RoadBump	Stadium\Media\Texture\Image\RoadBump_D.dds	256x256	0.1609	0.1163	0.1133	0.1256
Stadium\Media\Material\RoadDirt	Stadium\Media\Texture\Image\RoadDirt_D.dds	256x256	0.3542	0.1255	0.0730	0.1704
Stadium\Media\Material\RoadTech	Stadium\Media\Texture\Image\RoadTech_D.dds	256x256	0.2178	0.2297	0.2216	0.2266
Stadium\Media\Material\ScreenBack	Stadium\Media\Texture\Image\ScreenBack_D.dds	256x256	0.0197	0.0215	0.0271	0.0215
Stadium\Media\Material\Show4x1	Stadium\Media\Texture\Image\LightCells3_D.dds	256x256	0.0066	0.0063	0.0066	0.0063
Stadium\Media\Material\SpeakerFront	Stadium\Media\Texture\Image\SpeakerFront_D.dds	256x256	0.0161	0.0163	0.0161	0.0163
Stadium\Media\Material\SpeakerSide	Stadium\Media\Texture\Image\SpeakerSide_D.dds	256x128	0.0156	0.0156	0.0156	0.0156
Stadium\Media\Material\SpecialFXTurbo	Stadium\Media\Texture\Image\SpecialFXTurbo_I.dds	256x256	0.4589	0.3290	0.0362	0.3355
Stadium\Media\Material\Speedometer	Stadium\Media\Texture\Image\Speedometer_D.dds	256x64	0.0211	0.0246	0.0393	0.0249
Stadium\Media\Material\SpeedometerLight	Stadium\Media\Texture\Image\Speedometer_D.dds	256x64	0.0211	0.0246	0.0393	0.0249
Stadium\Media\Material\Structure	Stadium\Media\Texture\Image\Structure_D.dds	256x64	0.0269	0.0265	0.0269	0.0266
Stadium\Media\Material\StructureNoSkin	Stadium\Media\Texture\Image\Structure_D.dds	256x64	0.0269	0.0265	0.0269	0.0266
Stadium\Media\Material\StructureTruss	Stadium\Media\Texture\Image\StructureTruss_D.dds	256x64	0.0494	0.0493	0.0495	0.0494
Stadium\Media\Material\Technics	Stadium\Media\Texture\Image\Technics_D.dds	256x256	0.1477	0.1470	0.1464	0.1471
Stadium\Media\Material\TechnicsSpecials	Stadium\Media\Texture\Image\TechnicsSpecials_D.dds	256x256	0.1230	0.1238	0.1230	0.1236
Stadium\Media\Material\TechnicsStep	Stadium\Media\Texture\Image\TechnicsStep_D.dds	256x64	0.0972	0.0965	0.0971	0.0967
Stadium\Media\Material\TechnicsTrims	Stadium\Media\Texture\Image\TechnicsTrims_D.dds	256x256	0.0299	0.0306	0.0299	0.0304
Stadium\Media\Material\TechnicsTrimsColorize	Stadium\Media\Texture\Image\TechnicsTrims_D.dds	256x256	0.0299	0.0306	0.0299	0.0304
Stadium\Media\Material\TrackBorders	Stadium\Media\Texture\Image\TrackBorders_D.dds	256x64	0.4393	0.4357	0.4433	0.4370
Stadium\Media\Material\TrackBordersOff	Stadium\Media\Texture\Image\TrackBorders_D.dds	256x64	0.4393	0.4357	0.4433	0.4370
Stadium\Media\Material\TrackWall	Stadium\Media\Texture\Image\TrackWall_D.dds	256x64	0.0000	0.0000	0.0000	0.0000
Stadium\Media\Material\TrackWallClips	Stadium\Media\Texture\Image\TrackWallClips_D.dds	256x256	0.0509	0.0510	0.0509	0.0510
Stadium\Media\Material\TrackWallClipsNoSkin	Stadium\Media\Texture\Image\TrackWallClips_D.dds	256x256	0.0509	0.0510	0.0509	0.0510
Stadium\Media\Material\Underwater	Stadium\Media\Texture\Image\Underwater_D.dds	256x256	0.2155	0.5659	0.6737	0.4992
Stadium\Media\Material\WaterBorders	Stadium\Media\Texture\Image\WaterBorders_D.dds	256x32	0.0478	0.4367	0.7730	0.3783
Stadium\Media\Material\Waterground	Stadium\Media\Texture\Image\Waterground_D.dds	256x256	0.2190	0.5773	0.6865	0.5090
Stadium\Media\Modifier\Boost\Decal	Stadium\Media\Texture\Image\DecalSpecialBoost_D.dds	256x256	0.2278	0.6358	0.0042	0.5035
Stadium\Media\Modifier\Boost\Sign	Stadium\Media\Texture\Image\LightCells2_D.dds	256x256	0.0631	0.0620	0.0631	0.0623
Stadium\Media\Modifier\Boost\SpecialFX	Stadium\Media\Texture\Image\SpecialFXBoost_I.dds	256x256	0.1446	0.2457	0.0014	0.2066
Stadium\Media\Modifier\PlatformDirt\DecalPlatform	Stadium\Media\Texture\Image\DecalPlatformDirt_D.dds	8x256	0.4905	0.2698	0.2119	0.3125
Stadium\Media\Modifier\PlatformDirt\OpenTechBorders	Stadium\Media\Texture\Image\OpenDirtBorders_D.dds	256x16	0.4677	0.2349	0.1726	0.2799
Stadium\Media\Modifier\PlatformDirt\PlatformTech	Stadium\Media\Texture\Image\DirtPy_D.dds	256x256	0.4012	0.1472	0.0840	0.1966
Stadium\Media\Modifier\PlatformGrass\DecalPlatform	Stadium\Media\Texture\Image\DecalPlatformGrass_D.dds	8x256	0.2784	0.3427	0.2113	0.3196
Stadium\Media\Modifier\PlatformGrass\PlatformTech	Stadium\Media\Texture\Image\PlatformGrass_D.dds	256x256	0.2767	0.3984	0.1568	0.3551
Stadium\Media\Modifier\PlatformGrass\TrackWall	Stadium\Media\Texture\Image\DecoCliffPxz_D.dds	256x256	0.5225	0.4790	0.3782	0.4810
Stadium\Media\Modifier\Turbo2\Decal	Stadium\Media\Texture\Image\DecalSpecialTurbo2_D.dds	256x256	0.4529	0.1386	0.1315	0.2049
Stadium\Media\Modifier\Turbo2\Sign	Stadium\Media\Texture\Image\LightCells2_D.dds	256x256	0.0631	0.0620	0.0631	0.0623
Stadium\Media\Modifier\Turbo2\SpecialFX	Stadium\Media\Texture\Image\SpecialFXTurbo2_I.dds	256x256	0.2834	0.0389	0.0389	0.0909
Stadium\Media\Modifier\Turbo\Decal	Stadium\Media\Texture\Image\DecalSpecialTurbo_D.dds	256x256	0.5861	0.4270	0.0042	0.4303
Stadium\Media\Modifier\Turbo\Sign	Stadium\Media\Texture\Image\LightCells2_D.dds	256x256	0.0631	0.0620	0.0631	0.0623
