# 1462 ticks, declared Some(13081) ms
tick	ms	steer	gas	brake
0	0	0	0	0
1	10	0	0	0
2	20	0	0	0
3	30	0	0	0
4	40	0	0	0
5	50	0	0	0
6	60	0	0	0
7	70	0	0	0
8	80	0	0	0
9	90	0	0	0
10	100	0	0	0
11	110	0	0	0
12	120	0	0	0
13	130	0	0	0
14	140	0	0	0
15	150	0	0	0
16	160	0	0	0
17	170	0	0	0
18	180	0	0	0
19	190	0	0	0
20	200	0	1	0
21	210	0	1	0
22	220	0	1	0
23	230	0	1	0
24	240	0	1	0
25	250	0	1	0
26	260	0	1	0
27	270	0	1	0
28	280	0	1	0
29	290	0	1	0
30	300	0	1	0
31	310	0	1	0
32	320	0	1	0
33	330	0	1	0
34	340	0	1	0
35	350	0	1	0
36	360	0	1	0
37	370	0	1	0
38	380	0	1	0
39	390	0	1	0
40	400	0	1	0
41	410	0	1	0
42	420	0	1	0
43	430	0	1	0
44	440	0	1	0
45	450	0	1	0
46	460	0	1	0
47	470	0	1	0
48	480	0	1	0
49	490	0	1	0
50	500	0	1	0
51	510	0	1	0
52	520	0	1	0
53	530	0	1	0
54	540	0	1	0
55	550	0	1	0
56	560	0	1	0
57	570	0	1	0
58	580	0	1	0
59	590	0	1	0
60	600	0	1	0
61	610	0	1	0
62	620	0	1	0
63	630	0	1	0
64	640	0	1	0
65	650	0	1	0
66	660	0	1	0
67	670	0	1	0
68	680	0	1	0
69	690	0	1	0
70	700	0	1	0
71	710	0	1	0
72	720	0	1	0
73	730	0	1	0
74	740	0	1	0
75	750	0	1	0
76	760	0	1	0
77	770	0	1	0
78	780	0	1	0
79	790	0	1	0
80	800	0	1	0
81	810	0	1	0
82	820	0	1	0
83	830	0	1	0
84	840	0	1	0
85	850	0	1	0
86	860	0	1	0
87	870	0	1	0
88	880	0	1	0
89	890	0	1	0
90	900	0	1	0
91	910	0	1	0
92	920	0	1	0
93	930	0	1	0
94	940	0	1	0
95	950	0	1	0
96	960	0	1	0
97	970	0	1	0
98	980	0	1	0
99	990	0	1	0
100	1000	0	1	0
101	1010	0	1	0
102	1020	0	1	0
103	1030	0	1	0
104	1040	-127	1	0
105	1050	-127	1	0
106	1060	-127	1	0
107	1070	-127	1	0
108	1080	-127	1	0
109	1090	-127	1	0
110	1100	-127	1	0
111	1110	-127	1	0
112	1120	-127	1	0
113	1130	-127	1	0
114	1140	-127	1	0
115	1150	-127	1	0
116	1160	-127	1	0
117	1170	-127	1	0
118	1180	-127	1	0
119	1190	-127	1	0
120	1200	-127	1	0
121	1210	-127	1	0
122	1220	-127	1	0
123	1230	-127	1	0
124	1240	-127	1	0
125	1250	-127	1	0
126	1260	-127	1	0
127	1270	-127	1	0
128	1280	-127	1	0
129	1290	-127	1	0
130	1300	-127	1	0
131	1310	-127	1	0
132	1320	-127	1	0
133	1330	-127	1	0
134	1340	-127	1	0
135	1350	-127	1	0
136	1360	-127	1	0
137	1370	-127	1	0
138	1380	-127	1	0
139	1390	-127	1	0
140	1400	-127	1	0
141	1410	-127	1	0
142	1420	-127	1	0
143	1430	-127	1	0
144	1440	-127	1	0
145	1450	-127	1	0
146	1460	-127	1	0
147	1470	-127	1	0
148	1480	-127	1	0
149	1490	-127	1	0
150	1500	-127	1	0
151	1510	-127	1	0
152	1520	-127	1	0
153	1530	-127	1	0
154	1540	-127	1	0
155	1550	-127	1	0
156	1560	-127	1	0
157	1570	-127	1	0
158	1580	-127	1	0
159	1590	-127	1	0
160	1600	-127	1	0
161	1610	-127	1	0
162	1620	-127	1	0
163	1630	-127	1	0
164	1640	-127	1	0
165	1650	-127	1	0
166	1660	-127	1	0
167	1670	-127	1	0
168	1680	-127	1	0
169	1690	-127	1	0
170	1700	-127	1	0
171	1710	-127	1	0
172	1720	-127	1	0
173	1730	-127	1	0
174	1740	-127	1	0
175	1750	-127	1	0
176	1760	-127	1	0
177	1770	-127	1	0
178	1780	-127	1	0
179	1790	-127	1	0
180	1800	-127	1	0
181	1810	-127	1	0
182	1820	-127	1	0
183	1830	-127	1	0
184	1840	-127	1	0
185	1850	-127	1	0
186	1860	-127	1	0
187	1870	-127	1	0
188	1880	-124	1	0
189	1890	-116	1	0
190	1900	-103	1	0
191	1910	-87	1	0
192	1920	-70	1	0
193	1930	-54	1	0
194	1940	-41	1	0
195	1950	-33	1	0
196	1960	-37	1	0
197	1970	-41	1	0
198	1980	-51	1	0
199	1990	-40	1	0
200	2000	-40	1	0
201	2010	-40	1	0
202	2020	-40	1	0
203	2030	-40	1	0
204	2040	-40	1	0
205	2050	-127	1	0
206	2060	-127	1	0
207	2070	0	1	0
208	2080	0	1	0
209	2090	0	1	0
210	2100	0	1	0
211	2110	0	1	0
212	2120	0	1	0
213	2130	0	1	0
214	2140	0	1	0
215	2150	0	1	0
216	2160	0	1	0
217	2170	0	1	0
218	2180	0	1	0
219	2190	0	1	0
220	2200	0	1	0
221	2210	0	1	0
222	2220	0	1	0
223	2230	0	1	0
224	2240	0	1	0
225	2250	0	1	0
226	2260	0	1	0
227	2270	0	1	0
228	2280	0	1	0
229	2290	0	1	0
230	2300	0	1	0
231	2310	0	1	0
232	2320	0	1	0
233	2330	0	1	0
234	2340	0	1	0
235	2350	0	1	0
236	2360	0	1	0
237	2370	0	1	0
238	2380	0	1	0
239	2390	0	1	0
240	2400	0	1	0
241	2410	0	1	0
242	2420	0	1	0
243	2430	0	1	0
244	2440	0	1	0
245	2450	0	1	0
246	2460	0	1	0
247	2470	0	1	0
248	2480	0	1	0
249	2490	0	1	0
250	2500	0	1	0
251	2510	0	1	0
252	2520	0	1	0
253	2530	0	1	0
254	2540	0	1	0
255	2550	0	1	0
256	2560	0	1	0
257	2570	0	1	0
258	2580	0	1	0
259	2590	0	1	0
260	2600	0	1	0
261	2610	0	1	0
262	2620	0	1	0
263	2630	0	1	0
264	2640	0	1	0
265	2650	0	1	0
266	2660	0	1	0
267	2670	0	1	0
268	2680	0	1	0
269	2690	0	1	0
270	2700	0	1	0
271	2710	0	1	0
272	2720	0	1	0
273	2730	0	1	0
274	2740	0	1	0
275	2750	0	1	0
276	2760	0	1	0
277	2770	0	1	0
278	2780	0	1	0
279	2790	0	1	0
280	2800	0	1	0
281	2810	0	1	0
282	2820	0	1	0
283	2830	0	1	0
284	2840	0	1	0
285	2850	0	1	0
286	2860	0	1	0
287	2870	0	1	0
288	2880	0	1	0
289	2890	0	1	0
290	2900	0	1	0
291	2910	0	1	0
292	2920	0	1	0
293	2930	0	1	0
294	2940	0	1	0
295	2950	0	1	0
296	2960	0	1	0
297	2970	0	1	0
298	2980	0	1	0
299	2990	0	1	0
300	3000	0	1	0
301	3010	0	1	0
302	3020	0	1	0
303	3030	0	1	0
304	3040	0	1	0
305	3050	0	1	0
306	3060	0	1	0
307	3070	0	1	0
308	3080	0	1	0
309	3090	0	1	0
310	3100	0	1	0
311	3110	0	1	0
312	3120	0	1	0
313	3130	0	1	0
314	3140	-1	1	0
315	3150	-1	1	0
316	3160	-2	1	0
317	3170	-3	1	0
318	3180	-3	1	0
319	3190	-4	1	0
320	3200	-5	1	0
321	3210	-5	1	0
322	3220	-4	1	0
323	3230	-4	1	0
324	3240	-3	1	0
325	3250	-1	1	0
326	3260	-1	1	0
327	3270	0	1	0
328	3280	0	1	0
329	3290	0	1	0
330	3300	1	1	0
331	3310	1	1	0
332	3320	3	1	0
333	3330	4	1	0
334	3340	4	1	0
335	3350	5	1	0
336	3360	5	1	0
337	3370	4	1	0
338	3380	3	1	0
339	3390	3	1	0
340	3400	2	1	0
341	3410	1	1	0
342	3420	1	1	0
343	3430	0	1	0
344	3440	0	1	0
345	3450	0	1	0
346	3460	0	1	0
347	3470	0	1	0
348	3480	0	1	0
349	3490	0	1	0
350	3500	0	1	0
351	3510	0	1	0
352	3520	0	1	0
353	3530	0	1	0
354	3540	0	1	0
355	3550	0	1	0
356	3560	0	1	0
357	3570	0	1	0
358	3580	0	1	0
359	3590	0	1	0
360	3600	0	1	0
361	3610	0	1	0
362	3620	0	1	0
363	3630	0	1	0
364	3640	0	1	0
365	3650	0	1	0
366	3660	0	1	0
367	3670	0	1	0
368	3680	0	1	0
369	3690	0	1	0
370	3700	0	1	0
371	3710	0	1	0
372	3720	0	1	0
373	3730	0	1	0
374	3740	0	1	0
375	3750	0	1	0
376	3760	0	1	0
377	3770	0	1	0
378	3780	0	1	0
379	3790	0	1	0
380	3800	0	1	0
381	3810	0	1	0
382	3820	0	1	0
383	3830	0	1	0
384	3840	0	1	0
385	3850	0	1	0
386	3860	0	1	0
387	3870	0	1	0
388	3880	0	1	0
389	3890	0	1	0
390	3900	0	1	0
391	3910	0	1	0
392	3920	0	1	0
393	3930	0	1	0
394	3940	0	1	0
395	3950	0	1	0
396	3960	0	1	0
397	3970	0	1	0
398	3980	0	1	0
399	3990	0	1	0
400	4000	0	1	0
401	4010	0	1	0
402	4020	0	1	0
403	4030	0	1	0
404	4040	0	1	0
405	4050	0	1	0
406	4060	0	1	0
407	4070	0	1	0
408	4080	0	1	0
409	4090	0	1	0
410	4100	0	1	0
411	4110	0	1	0
412	4120	0	1	0
413	4130	0	1	0
414	4140	0	1	0
415	4150	0	1	0
416	4160	0	1	0
417	4170	0	1	0
418	4180	0	1	0
419	4190	0	1	0
420	4200	0	1	0
421	4210	0	1	0
422	4220	0	1	0
423	4230	0	1	0
424	4240	0	1	0
425	4250	0	1	0
426	4260	0	1	0
427	4270	0	1	0
428	4280	0	1	0
429	4290	0	1	0
430	4300	0	1	0
431	4310	0	1	0
432	4320	0	1	0
433	4330	0	1	0
434	4340	0	1	0
435	4350	0	1	0
436	4360	0	1	0
437	4370	0	1	0
438	4380	0	1	0
439	4390	0	1	0
440	4400	0	1	0
441	4410	0	1	0
442	4420	0	1	0
443	4430	0	1	0
444	4440	0	1	0
445	4450	0	1	0
446	4460	0	1	0
447	4470	0	1	0
448	4480	127	1	0
449	4490	127	1	0
450	4500	127	1	0
451	4510	127	1	0
452	4520	127	1	0
453	4530	127	1	0
454	4540	127	1	0
455	4550	127	1	0
456	4560	127	1	0
457	4570	127	1	0
458	4580	127	1	0
459	4590	127	1	0
460	4600	127	1	0
461	4610	127	1	0
462	4620	127	1	0
463	4630	127	1	0
464	4640	127	1	0
465	4650	127	1	0
466	4660	127	1	0
467	4670	127	1	0
468	4680	127	1	0
469	4690	127	1	0
470	4700	0	1	0
471	4710	0	1	0
472	4720	0	1	0
473	4730	0	1	0
474	4740	0	1	0
475	4750	0	1	0
476	4760	0	1	0
477	4770	-127	1	0
478	4780	-127	1	0
479	4790	-127	1	0
480	4800	-127	1	0
481	4810	-99	1	0
482	4820	-99	1	0
483	4830	-99	1	0
484	4840	-99	1	0
485	4850	-99	1	0
486	4860	-99	1	0
487	4870	-99	1	0
488	4880	-99	1	0
489	4890	-99	1	0
490	4900	-99	1	0
491	4910	-99	1	0
492	4920	-99	1	0
493	4930	-99	1	0
494	4940	-99	1	0
495	4950	-99	1	0
496	4960	-99	1	0
497	4970	-99	1	0
498	4980	-99	1	0
499	4990	-99	1	0
500	5000	-99	1	0
501	5010	-99	1	0
502	5020	-127	1	0
503	5030	-127	1	0
504	5040	-127	1	0
505	5050	-127	1	0
506	5060	-127	1	0
507	5070	-127	1	0
508	5080	-127	1	0
509	5090	-127	1	0
510	5100	0	1	0
511	5110	0	1	0
512	5120	0	1	0
513	5130	0	1	0
514	5140	0	1	0
515	5150	0	1	0
516	5160	0	1	0
517	5170	0	1	0
518	5180	0	1	0
519	5190	0	1	0
520	5200	0	1	0
521	5210	0	1	0
522	5220	0	1	0
523	5230	0	1	0
524	5240	0	1	0
525	5250	0	1	0
526	5260	0	1	0
527	5270	0	1	0
528	5280	0	1	0
529	5290	0	1	0
530	5300	0	1	0
531	5310	0	1	0
532	5320	0	1	0
533	5330	0	1	0
534	5340	0	1	0
535	5350	0	1	0
536	5360	0	1	0
537	5370	0	1	0
538	5380	0	1	0
539	5390	0	1	0
540	5400	0	1	0
541	5410	0	1	0
542	5420	0	1	0
543	5430	0	1	0
544	5440	0	1	0
545	5450	0	1	0
546	5460	0	1	0
547	5470	0	1	0
548	5480	0	1	0
549	5490	0	1	0
550	5500	0	1	0
551	5510	0	1	0
552	5520	0	1	0
553	5530	0	1	0
554	5540	0	1	0
555	5550	0	1	0
556	5560	0	1	0
557	5570	0	1	0
558	5580	0	1	0
559	5590	0	1	0
560	5600	0	1	0
561	5610	0	1	0
562	5620	0	1	0
563	5630	0	1	0
564	5640	0	1	0
565	5650	0	1	0
566	5660	0	1	0
567	5670	0	1	0
568	5680	0	1	0
569	5690	0	1	0
570	5700	0	1	0
571	5710	0	1	0
572	5720	0	1	0
573	5730	0	1	0
574	5740	0	1	0
575	5750	0	1	0
576	5760	0	1	0
577	5770	0	1	0
578	5780	0	1	0
579	5790	0	1	0
580	5800	0	1	0
581	5810	0	1	0
582	5820	0	1	0
583	5830	0	1	0
584	5840	0	1	0
585	5850	0	1	0
586	5860	0	1	0
587	5870	0	1	0
588	5880	0	1	0
589	5890	0	1	0
590	5900	0	1	0
591	5910	0	1	0
592	5920	0	1	0
593	5930	0	1	0
594	5940	0	1	0
595	5950	0	1	0
596	5960	0	1	0
597	5970	0	1	0
598	5980	0	1	0
599	5990	0	1	0
600	6000	0	1	0
601	6010	0	1	0
602	6020	0	1	0
603	6030	0	1	0
604	6040	0	1	0
605	6050	0	1	0
606	6060	0	1	0
607	6070	0	1	0
608	6080	0	1	0
609	6090	0	1	0
610	6100	0	1	0
611	6110	0	1	0
612	6120	0	1	0
613	6130	0	1	0
614	6140	0	1	0
615	6150	0	1	0
616	6160	0	1	0
617	6170	0	1	0
618	6180	0	1	0
619	6190	0	1	0
620	6200	0	1	0
621	6210	0	1	0
622	6220	0	1	0
623	6230	0	1	0
624	6240	0	1	0
625	6250	0	1	0
626	6260	0	1	0
627	6270	0	1	0
628	6280	0	1	0
629	6290	0	1	0
630	6300	0	1	0
631	6310	0	1	0
632	6320	0	1	0
633	6330	0	1	0
634	6340	0	1	0
635	6350	0	1	0
636	6360	7	1	0
637	6370	24	1	0
638	6380	45	1	0
639	6390	63	1	0
640	6400	69	1	0
641	6410	63	1	0
642	6420	45	1	0
643	6430	24	1	0
644	6440	7	1	0
645	6450	0	1	0
646	6460	-7	1	0
647	6470	-24	1	0
648	6480	-45	1	0
649	6490	-63	1	0
650	6500	-69	1	0
651	6510	-63	1	0
652	6520	-45	1	0
653	6530	-24	1	0
654	6540	-7	1	0
655	6550	0	1	0
656	6560	0	1	0
657	6570	0	1	0
658	6580	-73	1	0
659	6590	-73	1	0
660	6600	-73	1	0
661	6610	-89	1	0
662	6620	-89	1	0
663	6630	0	1	0
664	6640	4	1	0
665	6650	12	1	0
666	6660	20	1	0
667	6670	24	1	0
668	6680	20	1	0
669	6690	11	1	0
670	6700	1	1	0
671	6710	-5	1	0
672	6720	-10	1	0
673	6730	-17	1	0
674	6740	-23	1	0
675	6750	-23	1	0
676	6760	-18	1	0
677	6770	-10	1	0
678	6780	6	1	0
679	6790	14	1	0
680	6800	15	1	0
681	6810	14	1	0
682	6820	10	1	0
683	6830	7	1	0
684	6840	3	1	0
685	6850	2	1	0
686	6860	0	1	0
687	6870	0	1	0
688	6880	0	1	0
689	6890	-2	1	0
690	6900	-3	1	0
691	6910	-6	1	0
692	6920	-7	1	0
693	6930	-9	1	0
694	6940	-9	1	0
695	6950	-9	1	0
696	6960	-7	1	0
697	6970	-7	1	0
698	6980	-7	1	0
699	6990	-2	1	0
700	7000	0	1	0
701	7010	0	1	0
702	7020	0	1	0
703	7030	0	1	0
704	7040	0	1	0
705	7050	0	1	0
706	7060	0	1	0
707	7070	0	1	0
708	7080	0	1	0
709	7090	0	1	0
710	7100	0	1	0
711	7110	0	1	0
712	7120	0	1	0
713	7130	0	1	0
714	7140	0	1	0
715	7150	0	1	0
716	7160	0	1	0
717	7170	0	1	0
718	7180	0	1	0
719	7190	0	1	0
720	7200	0	1	0
721	7210	0	1	0
722	7220	0	1	0
723	7230	0	1	0
724	7240	0	1	0
725	7250	0	1	0
726	7260	0	1	0
727	7270	0	1	0
728	7280	0	1	0
729	7290	0	1	0
730	7300	0	1	0
731	7310	0	1	0
732	7320	0	1	0
733	7330	0	1	0
734	7340	0	1	0
735	7350	0	1	0
736	7360	0	1	0
737	7370	0	1	0
738	7380	0	1	0
739	7390	0	1	0
740	7400	0	1	0
741	7410	0	1	0
742	7420	0	1	0
743	7430	0	1	0
744	7440	0	1	0
745	7450	0	1	0
746	7460	0	1	0
747	7470	0	1	0
748	7480	0	1	0
749	7490	0	1	0
750	7500	0	1	0
751	7510	0	1	0
752	7520	0	1	0
753	7530	0	1	0
754	7540	0	1	0
755	7550	80	1	0
756	7560	81	1	0
757	7570	82	1	0
758	7580	83	1	0
759	7590	85	1	0
760	7600	87	1	0
761	7610	90	1	0
762	7620	92	1	0
763	7630	96	1	0
764	7640	99	1	0
765	7650	102	1	0
766	7660	106	1	0
767	7670	110	1	0
768	7680	114	1	0
769	7690	118	1	0
770	7700	123	1	0
771	7710	127	1	0
772	7720	127	1	0
773	7730	127	1	0
774	7740	127	1	0
775	7750	124	1	0
776	7760	127	1	0
777	7770	124	1	0
778	7780	123	1	0
779	7790	119	1	0
780	7800	118	1	0
781	7810	120	1	0
782	7820	122	1	0
783	7830	115	1	0
784	7840	114	1	0
785	7850	115	1	0
786	7860	127	1	0
787	7870	127	1	0
788	7880	127	1	0
789	7890	127	1	0
790	7900	127	1	0
791	7910	127	1	0
792	7920	127	1	0
793	7930	127	1	0
794	7940	113	1	0
795	7950	113	1	0
796	7960	113	1	0
797	7970	113	1	0
798	7980	113	1	0
799	7990	113	1	0
800	8000	127	1	0
801	8010	127	1	0
802	8020	127	1	0
803	8030	127	1	0
804	8040	127	1	0
805	8050	127	1	0
806	8060	87	1	0
807	8070	85	1	0
808	8080	85	1	0
809	8090	85	1	0
810	8100	87	1	0
811	8110	91	1	0
812	8120	92	1	0
813	8130	92	1	0
814	8140	96	1	0
815	8150	98	1	0
816	8160	99	1	0
817	8170	102	1	0
818	8180	103	1	0
819	8190	104	1	0
820	8200	104	1	0
821	8210	106	1	0
822	8220	106	1	0
823	8230	106	1	0
824	8240	106	1	0
825	8250	106	1	0
826	8260	106	1	0
827	8270	106	1	0
828	8280	106	1	0
829	8290	106	1	0
830	8300	127	1	0
831	8310	127	1	0
832	8320	127	1	0
833	8330	127	1	0
834	8340	127	1	0
835	8350	127	1	0
836	8360	127	1	0
837	8370	127	1	0
838	8380	127	1	0
839	8390	127	1	0
840	8400	127	1	0
841	8410	127	1	0
842	8420	127	1	0
843	8430	127	1	0
844	8440	127	1	0
845	8450	127	1	0
846	8460	127	1	0
847	8470	127	1	0
848	8480	127	1	0
849	8490	120	1	0
850	8500	105	1	0
851	8510	89	1	0
852	8520	89	1	0
853	8530	89	1	0
854	8540	105	1	0
855	8550	120	1	0
856	8560	127	1	0
857	8570	0	1	0
858	8580	0	1	0
859	8590	0	1	0
860	8600	0	1	0
861	8610	0	1	0
862	8620	0	1	0
863	8630	0	1	0
864	8640	0	1	0
865	8650	0	1	0
866	8660	0	1	0
867	8670	0	1	0
868	8680	0	1	0
869	8690	0	1	0
870	8700	0	1	0
871	8710	0	1	0
872	8720	0	1	0
873	8730	0	1	0
874	8740	0	1	0
875	8750	0	1	0
876	8760	0	1	0
877	8770	0	1	0
878	8780	0	1	0
879	8790	0	1	0
880	8800	0	1	0
881	8810	0	1	0
882	8820	0	1	0
883	8830	0	1	0
884	8840	0	1	0
885	8850	0	1	0
886	8860	0	1	0
887	8870	0	1	0
888	8880	0	1	0
889	8890	0	1	0
890	8900	0	1	0
891	8910	0	1	0
892	8920	0	1	0
893	8930	0	1	0
894	8940	0	1	0
895	8950	0	1	0
896	8960	0	1	0
897	8970	0	1	0
898	8980	0	1	0
899	8990	0	1	0
900	9000	0	1	0
901	9010	0	1	0
902	9020	0	1	0
903	9030	0	1	0
904	9040	0	1	0
905	9050	0	1	0
906	9060	0	1	0
907	9070	0	1	0
908	9080	0	1	0
909	9090	0	1	0
910	9100	0	1	0
911	9110	106	1	0
912	9120	106	1	0
913	9130	106	1	0
914	9140	95	1	0
915	9150	127	1	0
916	9160	127	1	0
917	9170	127	1	0
918	9180	127	1	0
919	9190	127	1	0
920	9200	0	1	0
921	9210	0	1	0
922	9220	0	1	0
923	9230	0	1	0
924	9240	0	1	0
925	9250	0	1	0
926	9260	0	1	0
927	9270	0	1	0
928	9280	0	1	0
929	9290	0	1	0
930	9300	0	1	0
931	9310	0	1	0
932	9320	0	1	0
933	9330	0	1	0
934	9340	0	1	0
935	9350	0	1	0
936	9360	0	1	0
937	9370	0	1	0
938	9380	1	1	0
939	9390	1	1	0
940	9400	1	1	0
941	9410	1	1	0
942	9420	1	1	0
943	9430	1	1	0
944	9440	1	1	0
945	9450	1	1	0
946	9460	0	1	0
947	9470	0	1	0
948	9480	0	1	0
949	9490	0	1	0
950	9500	0	1	0
951	9510	0	1	0
952	9520	0	1	0
953	9530	0	1	0
954	9540	0	1	0
955	9550	0	1	0
956	9560	0	1	0
957	9570	0	1	0
958	9580	0	1	0
959	9590	0	1	0
960	9600	0	1	0
961	9610	-127	1	0
962	9620	-127	1	0
963	9630	-127	1	0
964	9640	-126	1	0
965	9650	-121	1	0
966	9660	-121	1	0
967	9670	-121	1	0
968	9680	-121	1	0
969	9690	-71	1	0
970	9700	-55	1	0
971	9710	-44	1	0
972	9720	-45	1	0
973	9730	-66	1	0
974	9740	-66	1	0
975	9750	-66	1	0
976	9760	-67	1	0
977	9770	-69	1	0
978	9780	-71	1	0
979	9790	-125	1	0
980	9800	-127	1	0
981	9810	-127	1	0
982	9820	-127	1	0
983	9830	-127	1	0
984	9840	-127	1	0
985	9850	-127	1	0
986	9860	-127	1	0
987	9870	-127	1	0
988	9880	-116	1	0
989	9890	-69	1	0
990	9900	-44	1	0
991	9910	-60	1	0
992	9920	-97	1	0
993	9930	-114	1	0
994	9940	-116	1	0
995	9950	-116	1	0
996	9960	-116	1	0
997	9970	-116	1	0
998	9980	-116	1	0
999	9990	-99	1	0
1000	10000	-80	1	0
1001	10010	-44	1	0
1002	10020	-26	1	0
1003	10030	-40	1	0
1004	10040	-78	1	0
1005	10050	-95	1	0
1006	10060	-109	1	0
1007	10070	-127	1	0
1008	10080	-127	1	0
1009	10090	-127	1	0
1010	10100	-114	1	0
1011	10110	-102	1	0
1012	10120	-102	1	0
1013	10130	-108	1	0
1014	10140	-111	1	0
1015	10150	-114	1	0
1016	10160	-127	1	0
1017	10170	-127	1	0
1018	10180	-127	1	0
1019	10190	-127	1	0
1020	10200	-127	1	0
1021	10210	-127	1	0
1022	10220	-127	1	0
1023	10230	-127	1	0
1024	10240	-127	1	0
1025	10250	-127	1	0
1026	10260	-127	1	0
1027	10270	-127	1	0
1028	10280	-127	1	0
1029	10290	-127	1	0
1030	10300	-127	1	0
1031	10310	-127	1	0
1032	10320	-127	1	0
1033	10330	-127	1	0
1034	10340	-127	1	0
1035	10350	-127	1	0
1036	10360	-127	1	0
1037	10370	-127	1	0
1038	10380	-127	1	0
1039	10390	-127	1	0
1040	10400	-127	1	0
1041	10410	-127	1	0
1042	10420	-127	1	0
1043	10430	-127	1	0
1044	10440	-127	1	0
1045	10450	-127	1	0
1046	10460	-127	1	0
1047	10470	-127	1	0
1048	10480	-15	1	0
1049	10490	-12	1	0
1050	10500	-8	1	0
1051	10510	-6	1	0
1052	10520	-2	1	0
1053	10530	-2	1	0
1054	10540	-1	1	0
1055	10550	-1	1	0
1056	10560	-1	1	0
1057	10570	-1	1	0
1058	10580	-1	1	0
1059	10590	0	1	0
1060	10600	0	1	0
1061	10610	0	1	0
1062	10620	0	1	0
1063	10630	0	1	0
1064	10640	0	1	0
1065	10650	-127	1	0
1066	10660	-116	1	0
1067	10670	-116	1	0
1068	10680	-116	1	0
1069	10690	-116	1	0
1070	10700	-116	1	0
1071	10710	-116	1	0
1072	10720	-116	1	0
1073	10730	-116	1	0
1074	10740	-116	1	0
1075	10750	-127	1	0
1076	10760	-127	1	0
1077	10770	-127	1	0
1078	10780	-127	1	0
1079	10790	-127	1	0
1080	10800	-127	1	0
1081	10810	-127	1	0
1082	10820	-127	1	0
1083	10830	-127	1	0
1084	10840	-127	1	0
1085	10850	-127	1	0
1086	10860	-127	1	0
1087	10870	-127	1	0
1088	10880	-77	1	0
1089	10890	-65	1	0
1090	10900	-37	1	0
1091	10910	-7	1	0
1092	10920	127	1	0
1093	10930	127	1	0
1094	10940	127	1	0
1095	10950	127	1	0
1096	10960	127	1	0
1097	10970	127	1	0
1098	10980	127	1	0
1099	10990	127	1	0
1100	11000	127	1	0
1101	11010	127	1	0
1102	11020	127	1	0
1103	11030	127	1	0
1104	11040	127	1	0
1105	11050	127	1	0
1106	11060	127	1	0
1107	11070	127	1	0
1108	11080	127	1	0
1109	11090	127	1	0
1110	11100	127	1	0
1111	11110	127	1	0
1112	11120	127	1	0
1113	11130	127	1	0
1114	11140	127	1	0
1115	11150	127	1	0
1116	11160	127	1	0
1117	11170	127	1	0
1118	11180	127	1	0
1119	11190	127	1	0
1120	11200	127	1	0
1121	11210	127	1	0
1122	11220	127	1	0
1123	11230	127	1	0
1124	11240	127	1	0
1125	11250	127	1	0
1126	11260	127	1	0
1127	11270	127	1	0
1128	11280	127	1	0
1129	11290	127	1	0
1130	11300	0	1	0
1131	11310	0	1	0
1132	11320	0	1	0
1133	11330	0	1	0
1134	11340	0	1	0
1135	11350	0	1	0
1136	11360	0	1	0
1137	11370	0	1	0
1138	11380	0	1	0
1139	11390	0	1	0
1140	11400	0	1	0
1141	11410	0	1	0
1142	11420	0	1	0
1143	11430	0	1	0
1144	11440	0	1	0
1145	11450	0	1	0
1146	11460	0	1	0
1147	11470	127	1	0
1148	11480	127	1	0
1149	11490	127	1	0
1150	11500	127	1	0
1151	11510	127	1	0
1152	11520	127	1	0
1153	11530	127	1	0
1154	11540	127	1	0
1155	11550	127	1	0
1156	11560	127	1	0
1157	11570	127	1	0
1158	11580	127	1	0
1159	11590	127	1	0
1160	11600	127	1	0
1161	11610	127	1	0
1162	11620	127	1	0
1163	11630	127	1	0
1164	11640	0	1	0
1165	11650	0	1	0
1166	11660	0	1	0
1167	11670	0	1	0
1168	11680	0	1	0
1169	11690	0	1	0
1170	11700	0	1	0
1171	11710	0	1	0
1172	11720	0	1	0
1173	11730	0	1	0
1174	11740	0	1	0
1175	11750	0	1	0
1176	11760	0	1	0
1177	11770	127	1	0
1178	11780	127	1	0
1179	11790	124	1	0
1180	11800	106	1	0
1181	11810	89	1	0
1182	11820	106	1	0
1183	11830	103	1	0
1184	11840	103	1	0
1185	11850	120	1	0
1186	11860	0	1	0
1187	11870	7	1	0
1188	11880	24	1	0
1189	11890	41	1	0
1190	11900	48	1	0
1191	11910	41	1	0
1192	11920	24	1	0
1193	11930	7	1	0
1194	11940	0	1	0
1195	11950	0	1	0
1196	11960	0	1	0
1197	11970	0	1	0
1198	11980	127	1	0
1199	11990	127	1	0
1200	12000	127	1	0
1201	12010	127	1	0
1202	12020	127	1	0
1203	12030	127	1	0
1204	12040	127	1	0
1205	12050	127	1	0
1206	12060	124	1	0
1207	12070	118	1	0
1208	12080	111	1	0
1209	12090	111	1	0
1210	12100	111	1	0
1211	12110	16	1	0
1212	12120	38	1	0
1213	12130	49	1	0
1214	12140	44	1	0
1215	12150	35	1	0
1216	12160	22	1	0
1217	12170	-108	1	0
1218	12180	-118	1	0
1219	12190	-118	1	0
1220	12200	-124	1	0
1221	12210	-127	1	0
1222	12220	-126	1	0
1223	12230	-126	1	0
1224	12240	-126	1	0
1225	12250	-126	1	0
1226	12260	-127	1	0
1227	12270	-127	1	0
1228	12280	-127	1	0
1229	12290	-127	1	0
1230	12300	-127	1	0
1231	12310	-127	1	0
1232	12320	-127	1	0
1233	12330	-127	1	0
1234	12340	-127	1	0
1235	12350	-127	1	0
1236	12360	-127	1	0
1237	12370	-127	1	0
1238	12380	-127	1	0
1239	12390	-127	1	0
1240	12400	-127	1	0
1241	12410	-127	1	0
1242	12420	-127	1	0
1243	12430	-127	1	0
1244	12440	-127	1	0
1245	12450	-127	1	0
1246	12460	-127	1	0
1247	12470	-1	1	0
1248	12480	30	1	0
1249	12490	57	1	0
1250	12500	90	1	0
1251	12510	117	1	0
1252	12520	120	1	0
1253	12530	118	1	0
1254	12540	91	1	0
1255	12550	58	1	0
1256	12560	1	1	0
1257	12570	3	1	0
1258	12580	1	1	0
1259	12590	1	1	0
1260	12600	-30	1	0
1261	12610	-56	1	0
1262	12620	-127	1	0
1263	12630	-127	1	0
1264	12640	-127	1	0
1265	12650	-127	1	0
1266	12660	-127	1	0
1267	12670	-127	1	0
1268	12680	-45	1	0
1269	12690	-46	1	0
1270	12700	-46	1	0
1271	12710	-46	1	0
1272	12720	-46	1	0
1273	12730	-38	1	0
1274	12740	-39	1	0
1275	12750	0	1	0
1276	12760	0	1	0
1277	12770	0	1	0
1278	12780	0	1	0
1279	12790	0	1	0
1280	12800	-127	1	0
1281	12810	-127	1	0
1282	12820	-127	1	0
1283	12830	-127	1	0
1284	12840	-127	1	0
1285	12850	-127	1	0
1286	12860	-126	1	0
1287	12870	-124	1	0
1288	12880	-123	1	0
1289	12890	-123	1	0
1290	12900	-123	1	0
1291	12910	-124	1	0
1292	12920	1	1	0
1293	12930	0	1	0
1294	12940	0	1	0
1295	12950	127	1	0
1296	12960	127	1	0
1297	12970	127	1	0
1298	12980	127	1	0
1299	12990	127	1	0
1300	13000	127	1	0
1301	13010	127	1	0
1302	13020	127	1	0
1303	13030	127	1	0
1304	13040	127	1	0
1305	13050	127	1	0
1306	13060	127	1	0
1307	13070	127	1	0
1308	13080	127	1	0
1309	13090	127	1	0
1310	13100	127	1	0
1311	13110	127	1	0
1312	13120	127	1	0
1313	13130	127	1	0
1314	13140	127	1	0
1315	13150	127	1	0
1316	13160	127	1	0
1317	13170	127	1	0
1318	13180	127	1	0
1319	13190	127	1	0
1320	13200	127	1	0
1321	13210	127	1	0
1322	13220	127	1	0
1323	13230	127	1	0
1324	13240	37	1	0
1325	13250	40	1	0
1326	13260	37	1	0
1327	13270	30	1	0
1328	13280	18	1	0
1329	13290	9	1	0
1330	13300	3	1	0
1331	13310	0	1	0
1332	13320	0	1	0
1333	13330	0	1	0
1334	13340	0	1	0
1335	13350	0	1	0
1336	13360	0	1	0
1337	13370	0	1	0
1338	13380	0	1	0
1339	13390	116	1	0
1340	13400	116	1	0
1341	13410	116	1	0
1342	13420	116	1	0
1343	13430	116	1	0
1344	13440	116	1	0
1345	13450	116	1	0
1346	13460	116	1	0
1347	13470	0	1	0
1348	13480	0	1	0
1349	13490	0	1	0
1350	13500	0	1	0
1351	13510	0	1	0
1352	13520	0	1	0
1353	13530	0	1	0
1354	13540	0	1	0
1355	13550	0	1	0
1356	13560	127	1	0
1357	13570	127	1	0
1358	13580	127	1	0
1359	13590	127	1	0
1360	13600	127	1	0
1361	13610	127	1	0
1362	13620	127	1	0
1363	13630	127	1	0
1364	13640	127	1	0
1365	13650	127	1	0
1366	13660	0	1	0
1367	13670	0	1	0
1368	13680	0	1	0
1369	13690	0	1	0
1370	13700	0	1	0
1371	13710	-127	1	0
1372	13720	-127	1	0
1373	13730	-127	1	0
1374	13740	-127	1	0
1375	13750	-127	1	0
1376	13760	-127	1	0
1377	13770	-127	1	0
1378	13780	-127	1	0
1379	13790	-127	1	0
1380	13800	-127	1	0
1381	13810	-127	1	0
1382	13820	-127	1	0
1383	13830	-127	1	0
1384	13840	-127	1	0
1385	13850	-127	1	0
1386	13860	-127	1	0
1387	13870	-127	1	0
1388	13880	-127	1	0
1389	13890	-127	1	0
1390	13900	-127	1	0
1391	13910	-127	1	0
1392	13920	-127	1	0
1393	13930	-127	1	0
1394	13940	-127	1	0
1395	13950	-127	1	0
1396	13960	-127	1	0
1397	13970	0	1	0
1398	13980	0	1	0
1399	13990	0	1	0
1400	14000	0	1	0
1401	14010	0	1	0
1402	14020	0	1	0
1403	14030	0	1	0
1404	14040	0	1	0
1405	14050	0	1	0
1406	14060	0	1	0
1407	14070	0	1	0
1408	14080	0	1	0
1409	14090	-127	1	0
1410	14100	-127	1	0
1411	14110	-127	1	0
1412	14120	-127	1	0
1413	14130	-127	1	0
1414	14140	-127	1	0
1415	14150	0	1	0
1416	14160	0	1	0
1417	14170	0	1	0
1418	14180	0	1	0
1419	14190	0	1	0
1420	14200	0	1	0
1421	14210	0	1	0
1422	14220	0	1	0
1423	14230	0	1	0
1424	14240	0	1	0
1425	14250	0	1	0
1426	14260	-127	1	0
1427	14270	-127	1	0
1428	14280	-127	1	0
1429	14290	-127	1	0
1430	14300	-127	1	0
1431	14310	-127	1	0
1432	14320	0	1	0
1433	14330	0	1	0
1434	14340	0	1	0
1435	14350	0	1	0
1436	14360	0	1	0
1437	14370	0	1	0
1438	14380	0	1	0
1439	14390	-127	1	0
1440	14400	-127	1	0
1441	14410	-127	1	0
1442	14420	-127	1	0
1443	14430	-127	1	0
1444	14440	-127	1	0
1445	14450	-127	1	0
1446	14460	0	1	0
1447	14470	0	1	0
1448	14480	0	1	0
1449	14490	0	1	0
1450	14500	0	1	0
1451	14510	0	1	0
1452	14520	0	1	0
1453	14530	0	1	0
1454	14540	-127	1	0
1455	14550	-127	1	0
1456	14560	-127	1	0
1457	14570	-127	1	0
1458	14580	-127	1	0
1459	14590	-127	1	0
1460	14600	-127	1	0
1461	14610	0	1	0
