path	uid	decoration	waypoint_order	dir	cx	cy	cz	x	y	z	status
/var/svcscm/persistent/private-30d/tm-unbeaten/126859/map.Map.Gbx	Z4p7Gy3gjXINzu8pgm_WzYYjtmg	48x48Day	0	0	-1	0	-1	-	-	-	/var/svcscm/persistent/private-30d/tm-unbeaten/126859/map.Map.Gbx: RoadTechStart uses decoration "48x48Day", whose vertical origin is not in the                   from-scratch writer's constant table. This is an unimplemented map constant, not                   evidence that the map has no start.
/var/svcscm/persistent/private-30d/tm-unbeaten/134672/134672.map.Map.Gbx	agH9XtjTZd8iZbuGp_KhC16jMO7	48x48Day	-	-	-	-	-	-	-	-	no-RoadTechStart
/var/svcscm/persistent/private-30d/tm-unbeaten/145875/map.Map.Gbx	_GsJKvxawnKoIgkiWCpy9tRIMM0	48x48Day	-	-	-	-	-	-	-	-	no-RoadTechStart
/var/svcscm/persistent/private-30d/tm-unbeaten/146612/map.Map.Gbx	jchzEcocJbNJreH4ebIoUYOt286	NoStadium48x48Sunrise	0	3	10	13	25	-	-	-	/var/svcscm/persistent/private-30d/tm-unbeaten/146612/map.Map.Gbx: RoadTechStart uses decoration "NoStadium48x48Sunrise", whose vertical origin is not in the                   from-scratch writer's constant table. This is an unimplemented map constant, not                   evidence that the map has no start.
/var/svcscm/persistent/private-30d/tm-unbeaten/153527/map.Map.Gbx	4ympwQ3XZfX8balg2UcVJBL_pnf	NoStadium48x48Day	-	-	-	-	-	-	-	-	no-RoadTechStart
/var/svcscm/persistent/private-30d/tm-unbeaten/165922/map.Map.Gbx	mP8HzG68YxUY6yJcrQFx2inUjtk	48x48Screen155Sunset	-	-	-	-	-	-	-	-	no-RoadTechStart
/var/svcscm/persistent/private-30d/tm-unbeaten/165922/map_mP8HzG68YxUY6yJcrQFx2inUjtk.Map.Gbx	mP8HzG68YxUY6yJcrQFx2inUjtk	48x48Screen155Sunset	-	-	-	-	-	-	-	-	no-RoadTechStart
/var/svcscm/persistent/private-30d/tm-unbeaten/165922/probe_box_spawn.Map.Gbx	mP8HzG68YxUY6yJcrQFx2inUjtk	48x48Screen155Sunset	-	-	-	-	-	-	-	-	no-RoadTechStart
/var/svcscm/persistent/private-30d/tm-unbeaten/173636/map.Map.Gbx	psnXaq_c26TynrBA_sS5_xGj7Xc	48x48Day	0	3	1	38	20	-	-	-	/var/svcscm/persistent/private-30d/tm-unbeaten/173636/map.Map.Gbx: RoadTechStart uses decoration "48x48Day", whose vertical origin is not in the                   from-scratch writer's constant table. This is an unimplemented map constant, not                   evidence that the map has no start.
/var/svcscm/persistent/private-30d/tm-unbeaten/186935/186935.map.Map.Gbx	sOIkPZULktmoT_OoFbT4HlVxpOe	NoStadium48x48Night	-	-	-	-	-	-	-	-	no-RoadTechStart
/var/svcscm/persistent/private-30d/tm-unbeaten/189922/base6.Map.Gbx	Sz5ThnOZuONYCugVF4hK3SLl_Va	48x48Screen155Day	3	0	46	16	22	-	-	-	/var/svcscm/persistent/private-30d/tm-unbeaten/189922/base6.Map.Gbx: RoadTechStart uses decoration "48x48Screen155Day", whose vertical origin is not in the                   from-scratch writer's constant table. This is an unimplemented map constant, not                   evidence that the map has no start.
/var/svcscm/persistent/private-30d/tm-unbeaten/189922/base7.Map.Gbx	Sz5ThnOZuONYCugVF4hK3SLl_Va	48x48Screen155Day	3	0	46	16	22	-	-	-	/var/svcscm/persistent/private-30d/tm-unbeaten/189922/base7.Map.Gbx: RoadTechStart uses decoration "48x48Screen155Day", whose vertical origin is not in the                   from-scratch writer's constant table. This is an unimplemented map constant, not                   evidence that the map has no start.
/var/svcscm/persistent/private-30d/tm-unbeaten/189922/bnc_map_189922_v1.Map.Gbx	Sz5ThnOZuONYCugVF4hK3SLl_Va	48x48Screen155Day	3	0	46	16	22	-	-	-	/var/svcscm/persistent/private-30d/tm-unbeaten/189922/bnc_map_189922_v1.Map.Gbx: RoadTechStart uses decoration "48x48Screen155Day", whose vertical origin is not in the                   from-scratch writer's constant table. This is an unimplemented map constant, not                   evidence that the map has no start.
/var/svcscm/persistent/private-30d/tm-unbeaten/189922/bnc_probe_clean_item_v1.Map.Gbx	Sz5ThnOZuONYCugVF4hK3SLl_Va	48x48Screen155Day	3	0	46	16	22	-	-	-	/var/svcscm/persistent/private-30d/tm-unbeaten/189922/bnc_probe_clean_item_v1.Map.Gbx: RoadTechStart uses decoration "48x48Screen155Day", whose vertical origin is not in the                   from-scratch writer's constant table. This is an unimplemented map constant, not                   evidence that the map has no start.
/var/svcscm/persistent/private-30d/tm-unbeaten/191465/t10long.Map.Gbx	kpOLuGFTMICPkW7gp383PEQ_0A2	48x48Day	0	1	47	11	25	-	-	-	/var/svcscm/persistent/private-30d/tm-unbeaten/191465/t10long.Map.Gbx: RoadTechStart uses decoration "48x48Day", whose vertical origin is not in the                   from-scratch writer's constant table. This is an unimplemented map constant, not                   evidence that the map has no start.
/var/svcscm/persistent/private-30d/tm-unbeaten/197047/map197047_v1.Map.Gbx	VFK89hRxW1Wu2gicRvoe3uKCyeb	48x48Day	-	-	-	-	-	-	-	-	no-RoadTechStart
/var/svcscm/persistent/private-30d/tm-unbeaten/199100/map.Map.Gbx	zFw7p8IFpSWwZcZMxLy4rTpX7o2	48x48Day	-	-	-	-	-	-	-	-	no-RoadTechStart
/var/svcscm/persistent/private-30d/tm-unbeaten/203072/map.Map.Gbx	EnEzR77_U96WsKsPyet1Ay4lcCc	48x48Screen155Day	-	-	-	-	-	-	-	-	no-RoadTechStart
/var/svcscm/persistent/private-30d/tm-unbeaten/203330/map.Map.Gbx	RL64wn0vFhuqHfKGLnMOql2SMaj	48x48Screen155Day	0	1	47	16	7	-	-	-	/var/svcscm/persistent/private-30d/tm-unbeaten/203330/map.Map.Gbx: RoadTechStart uses decoration "48x48Screen155Day", whose vertical origin is not in the                   from-scratch writer's constant table. This is an unimplemented map constant, not                   evidence that the map has no start.
/var/svcscm/persistent/private-30d/tm-unbeaten/208024/hl_map.Map.Gbx	6BbaQo4A6VbrpPiTNVbbP0uE5Vd	48x48Screen155Day	-	-	-	-	-	-	-	-	no-RoadTechStart
/var/svcscm/persistent/private-30d/tm-unbeaten/210218/map.Map.Gbx	VHalgyxHqys7loscd1RQhgqp3Fe	48x48Screen155Sunset	-	-	-	-	-	-	-	-	no-RoadTechStart
/var/svcscm/persistent/private-30d/tm-unbeaten/227654/map.Map.Gbx	bV_szgZIzzKGbW3Zujo8pjxZSC2	48x48Screen155Day	-	-	-	-	-	-	-	-	no-RoadTechStart
/var/svcscm/persistent/private-30d/tm-unbeaten/227654/map_seg2.Map.Gbx	bV_szgZIzzKGbW3Zujo8pjxZSC2	48x48Screen155Day	-	-	-	-	-	-	-	-	no-RoadTechStart
/var/svcscm/persistent/private-30d/tm-unbeaten/227969/map165_227969.Map.Gbx	LtSUTxJ71u7ayvLj57wUdVPyH2h	48x48Screen155Day	0	1	35	10	24	-	-	-	/var/svcscm/persistent/private-30d/tm-unbeaten/227969/map165_227969.Map.Gbx: RoadTechStart uses decoration "48x48Screen155Day", whose vertical origin is not in the                   from-scratch writer's constant table. This is an unimplemented map constant, not                   evidence that the map has no start.
/var/svcscm/persistent/private-30d/tm-unbeaten/228607/map.Map.Gbx	k_wnFsncFgk0zxOANipiRPveqp7	48x48Screen155Day	-	-	-	-	-	-	-	-	no-RoadTechStart
/var/svcscm/persistent/private-30d/tm-unbeaten/228811/map.Map.Gbx	ZgaSSXHZYHB1wOSWmXnTmEQiLyk	48x48Screen155Day	-	-	-	-	-	-	-	-	no-RoadTechStart
/var/svcscm/persistent/private-30d/tm-unbeaten/238835/map.Map.Gbx	KHmZyqOJ9oTOvTFIRkxGNTTK1D8	NoStadium48x48Sunrise	3	3	28	23	22	-	-	-	/var/svcscm/persistent/private-30d/tm-unbeaten/238835/map.Map.Gbx: RoadTechStart uses decoration "NoStadium48x48Sunrise", whose vertical origin is not in the                   from-scratch writer's constant table. This is an unimplemented map constant, not                   evidence that the map has no start.
/var/svcscm/persistent/private-30d/tm-unbeaten/249521/map.Map.Gbx	DwkgE7TRMbyvBu_ASI5z7YmaRtg	48x48Screen155Day	0	1	25	9	23	-	-	-	/var/svcscm/persistent/private-30d/tm-unbeaten/249521/map.Map.Gbx: RoadTechStart uses decoration "48x48Screen155Day", whose vertical origin is not in the                   from-scratch writer's constant table. This is an unimplemented map constant, not                   evidence that the map has no start.
/var/svcscm/persistent/private-30d/tm-unbeaten/252289/map_eetemRii0Hscd6vEudBsy4mbMK3.Map.Gbx	eetemRii0Hscd6vEudBsy4mbMK3	48x48Screen155Day	0	0	16	9	22	-	-	-	/var/svcscm/persistent/private-30d/tm-unbeaten/252289/map_eetemRii0Hscd6vEudBsy4mbMK3.Map.Gbx: RoadTechStart uses decoration "48x48Screen155Day", whose vertical origin is not in the                   from-scratch writer's constant table. This is an unimplemented map constant, not                   evidence that the map has no start.
/var/svcscm/persistent/private-30d/tm-unbeaten/267460/map_267460.Map.Gbx	KLiIUnR3oNZTnfJwL3GImI1VtOl	48x48Screen155Day	-	-	-	-	-	-	-	-	no-RoadTechStart
/var/svcscm/persistent/private-30d/tm-unbeaten/267460/ml_map_DETECTOR_ramp860.Map.Gbx	KLiIUnR3oNZTnfJwL3GImI1VtOl	48x48Screen155Day	-	-	-	-	-	-	-	-	no-RoadTechStart
/var/svcscm/persistent/private-30d/tm-unbeaten/267460/ml_map_SCREENREMOVED_z686.Map.Gbx	KLiIUnR3oNZTnfJwL3GImI1VtOl	48x48Screen155Day	-	-	-	-	-	-	-	-	no-RoadTechStart
/var/svcscm/persistent/private-30d/tm-unbeaten/267460/nowall686.Map.Gbx	KLiIUnR3oNZTnfJwL3GImI1VtOl	48x48Screen155Day	-	-	-	-	-	-	-	-	no-RoadTechStart
/var/svcscm/persistent/private-30d/tm-unbeaten/267859/map.Map.Gbx	auaaMFbt2cKnZPYjP11sySqEb_6	48x48Screen155Day	-	-	-	-	-	-	-	-	no-RoadTechStart
/var/svcscm/persistent/private-30d/tm-unbeaten/270051/map16.Map.Gbx	vsiB0RwTzQeq5Loh21CuloIzjf9	48x48Screen155Day	-	-	-	-	-	-	-	-	no-RoadTechStart
/var/svcscm/persistent/private-30d/tm-unbeaten/270053/map18_270053.Map.Gbx	6r7HjKPCuImnLMBfqiKwWpGK1U1	48x48Screen155Sunset	-	-	-	-	-	-	-	-	no-RoadTechStart
/var/svcscm/persistent/private-30d/tm-unbeaten/274191/map_274191_v1.Map.Gbx	ieMJgDjCjWkZ45apoiK2DPmQeQg	48x48Day	-	-	-	-	-	-	-	-	no-RoadTechStart
/var/svcscm/persistent/private-30d/tm-unbeaten/276874/276874.map.Map.Gbx	9wv8HirGqNFCJsFeVJg6ErKYH6b	NoStadium48x48Day	-	-	-	-	-	-	-	-	no-RoadTechStart
/var/svcscm/persistent/private-30d/tm-unbeaten/276877/276877.map.Map.Gbx	qG5Osw7Uuwwi3VmqTCwIr3bbNUf	NoStadium48x48Day	-	-	-	-	-	-	-	-	no-RoadTechStart
/var/svcscm/persistent/private-30d/tm-unbeaten/279197/map.Map.Gbx	_jkbEKnkKNw1B_TOgzbm5IYlkfc	48x48Screen155Day	-	-	-	-	-	-	-	-	no-RoadTechStart
/var/svcscm/persistent/private-30d/tm-unbeaten/279209/map.Map.Gbx	uKd2hMaH4k0KekCMv1rZUbrKFag	48x48Screen155Sunrise	-	-	-	-	-	-	-	-	no-RoadTechStart
/var/svcscm/persistent/private-30d/tm-unbeaten/279218/map.Map.Gbx	_Toadb_vTfXnT7PfAIpHypSJClk	48x48Screen155Day	0	1	35	15	11	-	-	-	/var/svcscm/persistent/private-30d/tm-unbeaten/279218/map.Map.Gbx: RoadTechStart uses decoration "48x48Screen155Day", whose vertical origin is not in the                   from-scratch writer's constant table. This is an unimplemented map constant, not                   evidence that the map has no start.
/var/svcscm/persistent/private-30d/tm-unbeaten/284238/map.Map.Gbx	65bbJpDhtacfnZLT4E9YGGpRhMg	48x48Day	-	-	-	-	-	-	-	-	no-RoadTechStart
/var/svcscm/persistent/private-30d/tm-unbeaten/285268/map285268.Map.Gbx	c94vCARJWKM_FsXQ4dnaqQWUHqf	48x48Screen155Sunset	-	-	-	-	-	-	-	-	no-RoadTechStart
/var/svcscm/persistent/private-30d/tm-unbeaten/285885/map.Map.Gbx	bCvuulofsP5dkPvVma8nclZKZ2l	48x48Screen155Sunrise	0	3	4	9	20	-	-	-	/var/svcscm/persistent/private-30d/tm-unbeaten/285885/map.Map.Gbx: RoadTechStart uses decoration "48x48Screen155Sunrise", whose vertical origin is not in the                   from-scratch writer's constant table. This is an unimplemented map constant, not                   evidence that the map has no start.
/var/svcscm/persistent/private-30d/tm-unbeaten/286279/map286279_v1.Map.Gbx	p0tVjdmb1DfkCVrDE_DfQN84kq8	48x48Screen155Day	3	1	28	12	24	-	-	-	/var/svcscm/persistent/private-30d/tm-unbeaten/286279/map286279_v1.Map.Gbx: RoadTechStart uses decoration "48x48Screen155Day", whose vertical origin is not in the                   from-scratch writer's constant table. This is an unimplemented map constant, not                   evidence that the map has no start.
/var/svcscm/persistent/private-30d/tm-unbeaten/_key_altered_nadeo/key_348639_wood.Map.Gbx	mL0l4hdwICcZe3cCNUzMh0e0lO2	48x48Screen155Day	-	-	-	-	-	-	-	-	no-RoadTechStart
/var/svcscm/persistent/private-30d/tm-unbeaten/a3_scratch/s13_75000_node1.Map.Gbx	VHalgyxHqys7loscd1RQhgqp3Fe	48x48Screen155Sunset	-	-	-	-	-	-	-	-	no-RoadTechStart
/var/svcscm/persistent/private-30d/tm-unbeaten/nan_u01_map_276874.Map.Gbx	9wv8HirGqNFCJsFeVJg6ErKYH6b	NoStadium48x48Day	-	-	-	-	-	-	-	-	no-RoadTechStart
/var/svcscm/persistent/private-30d/tm-unbeaten/prs_210218_seg/CONTROL_origin.Map.Gbx	VHalgyxHqys7loscd1RQhgqp3Fe	48x48Screen155Sunset	-	-	-	-	-	-	-	-	no-RoadTechStart
/var/svcscm/persistent/private-30d/tm-unbeaten/prs_210218_seg/map210218_prs.Map.Gbx	VHalgyxHqys7loscd1RQhgqp3Fe	48x48Screen155Sunset	-	-	-	-	-	-	-	-	no-RoadTechStart
/var/svcscm/persistent/private-30d/tm-unbeaten/prs_210218_seg/seg11.Map.Gbx	VHalgyxHqys7loscd1RQhgqp3Fe	48x48Screen155Sunset	-	-	-	-	-	-	-	-	no-RoadTechStart
/var/svcscm/persistent/private-30d/tm-unbeaten/prs_210218_seg/seg12.Map.Gbx	VHalgyxHqys7loscd1RQhgqp3Fe	48x48Screen155Sunset	-	-	-	-	-	-	-	-	no-RoadTechStart
/var/svcscm/persistent/private-30d/tm-unbeaten/prs_210218_seg/seg13.Map.Gbx	VHalgyxHqys7loscd1RQhgqp3Fe	48x48Screen155Sunset	-	-	-	-	-	-	-	-	no-RoadTechStart
/var/svcscm/persistent/private-30d/tm-unbeaten/prs_210218_seg/seg14.Map.Gbx	VHalgyxHqys7loscd1RQhgqp3Fe	48x48Screen155Sunset	-	-	-	-	-	-	-	-	no-RoadTechStart
/var/svcscm/persistent/private-30d/tm-unbeaten/prs_210218_seg/seg15.Map.Gbx	VHalgyxHqys7loscd1RQhgqp3Fe	48x48Screen155Sunset	-	-	-	-	-	-	-	-	no-RoadTechStart
/var/svcscm/persistent/private-30d/tm-unbeaten/prs_210218_seg/seg16.Map.Gbx	VHalgyxHqys7loscd1RQhgqp3Fe	48x48Screen155Sunset	-	-	-	-	-	-	-	-	no-RoadTechStart
/var/svcscm/persistent/private-30d/tm-unbeaten/snow_MAP_156451_nadeo_v1.Map.Gbx	7jgWLFiAFRQ09bAnRA6DeGFnm_e	48x48Screen155Day	-	-	-	-	-	-	-	-	no-RoadTechStart
/var/svcscm/persistent/private-30d/tm-unbeaten/u01_map_276874.Map.Gbx	9wv8HirGqNFCJsFeVJg6ErKYH6b	NoStadium48x48Day	-	-	-	-	-	-	-	-	no-RoadTechStart
/var/svcscm/persistent/private-30d/tm-unbeaten/u02_map_276877.Map.Gbx	qG5Osw7Uuwwi3VmqTCwIr3bbNUf	NoStadium48x48Day	-	-	-	-	-	-	-	-	no-RoadTechStart
/var/svcscm/persistent/private-30d/tm-unbeaten/uw_map_173691.Map.Gbx	D0KdisOjKSxSIAXawtwlBqLz9Kb	48x48Day	-	-	-	-	-	-	-	-	no-RoadTechStart
/var/svcscm/persistent/private-30d/tm-unbeaten/uw_map_endgame_probe_v1.Map.Gbx	D0KdisOjKSxSIAXawtwlBqLz9Kb	48x48Day	-	-	-	-	-	-	-	-	no-RoadTechStart
/var/svcscm/persistent/private-30d/tm-unbeaten/uw_map_original_100652.Map.Gbx	anR5Gj5OpLsXZOVzyUfdah1R3wk	48x48Day	-	-	-	-	-	-	-	-	no-RoadTechStart
/var/svcscm/persistent/private-30d/tm-unbeaten/uwj_film_rig_map_v1.Map.Gbx	D0KdisOjKSxSIAXawtwlBqLz9Kb	48x48Day	-	-	-	-	-	-	-	-	no-RoadTechStart
/var/svcscm/persistent/private-30d/tm-unbeaten/uwj_map_cps_neutralised_v1.Map.Gbx	D0KdisOjKSxSIAXawtwlBqLz9Kb	48x48Day	-	-	-	-	-	-	-	-	no-RoadTechStart
/var/svcscm/persistent/private-30d/tm-unbeaten/uwj_map_finish_neutralised_CONTROL_v1.Map.Gbx	D0KdisOjKSxSIAXawtwlBqLz9Kb	48x48Day	-	-	-	-	-	-	-	-	no-RoadTechStart
/var/svcscm/persistent/private-30d/tm-unbeaten/uwj_map_glide_runway_v1.Map.Gbx	D0KdisOjKSxSIAXawtwlBqLz9Kb	48x48Day	-	-	-	-	-	-	-	-	no-RoadTechStart
/var/svcscm/persistent/private-30d/tm-unbeaten/uwj_map_spawn_LOWER_canopy_v1.Map.Gbx	D0KdisOjKSxSIAXawtwlBqLz9Kb	48x48Day	-	-	-	-	-	-	-	-	no-RoadTechStart
/var/svcscm/persistent/private-30d/tm-unbeaten/uwj_map_spawn_UPPER_canopy_v1.Map.Gbx	D0KdisOjKSxSIAXawtwlBqLz9Kb	48x48Day	-	-	-	-	-	-	-	-	no-RoadTechStart
