# frame	172
tick	steer	gas	brake
0	-37	1	0
1	-37	1	0
2	-37	1	0
3	-37	1	0
4	-37	1	0
5	-36	1	0
6	-36	1	0
7	-36	1	0
8	-36	1	0
9	-36	1	0
10	-37	1	0
11	-37	1	0
12	-37	1	0
13	-37	1	0
14	-37	1	0
15	-31	1	0
16	-31	1	0
17	-31	1	0
18	-31	1	0
19	-31	1	0
20	-26	1	0
21	-26	1	0
22	-26	1	0
23	-26	1	0
24	-26	1	0
25	-14	1	0
26	-14	1	0
27	-14	1	0
28	-14	1	0
29	-14	1	0
30	-7	1	0
31	-7	1	0
32	-7	1	0
33	-7	1	0
34	-7	1	0
35	1	1	0
36	1	1	0
37	1	1	0
38	1	1	0
39	1	1	0
40	8	1	0
41	8	1	0
42	8	1	0
43	8	1	0
44	8	1	0
45	15	1	0
46	15	1	0
47	15	1	0
48	15	1	0
49	15	1	0
50	20	1	0
51	20	1	0
52	20	1	0
53	20	1	0
54	20	1	0
55	22	1	0
56	22	1	0
57	22	1	0
58	22	1	0
59	22	1	0
60	23	1	0
61	23	1	0
62	23	1	0
63	23	1	0
64	23	1	0
65	23	0	0
66	23	0	0
67	23	0	0
68	23	0	0
69	23	0	0
70	21	1	0
71	21	1	0
72	21	1	0
73	21	1	0
74	21	1	0
75	18	1	0
76	18	1	0
77	18	1	0
78	18	1	0
79	18	1	0
80	15	1	0
81	15	1	0
82	15	1	0
83	15	1	0
84	15	1	0
85	12	1	0
86	12	1	0
87	12	1	0
88	12	1	0
89	12	1	0
90	8	1	0
91	8	1	0
92	8	1	0
93	8	1	0
94	8	1	0
95	5	1	0
96	5	1	0
97	5	1	0
98	5	1	0
99	5	1	0
100	2	1	0
101	2	1	0
102	2	1	0
103	2	1	0
104	2	1	0
105	-1	1	0
106	-1	1	0
107	-1	1	0
108	-1	1	0
109	-1	1	0
110	-3	1	0
111	-3	1	0
112	-3	1	0
113	-3	1	0
114	-3	1	0
115	-3	1	0
116	-3	1	0
117	-3	1	0
118	-3	1	0
119	-3	1	0
120	-3	1	0
121	-3	1	0
122	-3	1	0
123	-3	1	0
124	-3	1	0
125	-3	1	0
126	-3	1	0
127	-3	1	0
128	-3	1	0
129	-3	1	0
130	-2	1	0
131	-2	1	0
132	-2	1	0
133	-2	1	0
134	-2	1	0
135	-1	1	0
136	-1	1	0
137	-1	1	0
138	-1	1	0
139	-1	1	0
140	1	1	0
141	1	1	0
142	1	1	0
143	1	1	0
144	1	1	0
145	2	1	0
146	2	1	0
147	2	1	0
148	2	1	0
149	2	1	0
150	4	1	0
151	4	1	0
152	4	1	0
153	4	1	0
154	4	1	0
155	5	1	0
156	5	1	0
157	5	1	0
158	5	1	0
159	5	1	0
160	5	0	0
161	5	0	0
162	5	0	0
163	5	0	0
164	5	0	0
165	6	0	0
166	6	0	0
167	6	0	0
168	6	0	0
169	6	0	0
170	6	0	0
171	6	0	0
172	6	0	0
173	6	0	0
174	6	0	0
175	5	0	1
176	5	0	1
177	5	0	1
178	5	0	1
179	5	0	1
180	4	1	0
181	4	1	0
182	4	1	0
183	4	1	0
184	4	1	0
185	3	0	0
186	3	0	0
187	3	0	0
188	3	0	0
189	3	0	0
190	2	0	0
191	2	0	0
192	2	0	0
193	2	0	0
194	2	0	0
195	1	0	0
196	1	0	0
197	1	0	0
198	1	0	0
199	1	0	0
200	0	0	1
201	0	0	1
202	0	0	1
203	0	0	1
204	0	0	1
205	-1	0	0
206	-1	0	0
207	-1	0	0
208	-1	0	0
209	-1	0	0
210	-2	1	0
211	-2	1	0
212	-2	1	0
213	-2	1	0
214	-2	1	0
215	-3	0	0
216	-3	0	0
217	-3	0	0
218	-3	0	0
219	-3	0	0
220	-4	0	0
221	-4	0	0
222	-4	0	0
223	-4	0	0
224	-4	0	0
225	-5	0	1
226	-5	0	1
227	-5	0	1
228	-5	0	1
229	-5	0	1
230	-5	0	0
231	-5	0	0
232	-5	0	0
233	-5	0	0
234	-5	0	0
235	-5	0	0
236	-5	0	0
237	-5	0	0
238	-5	0	0
239	-5	0	0
240	-6	0	0
241	-6	0	0
242	-6	0	0
243	-6	0	0
244	-6	0	0
245	-6	0	0
246	-6	0	0
247	-6	0	0
248	-6	0	0
249	-6	0	0
250	-6	0	1
251	-6	0	1
252	-6	0	1
253	-6	0	1
254	-6	0	1
255	-5	0	0
256	-5	0	0
257	-5	0	0
258	-5	0	0
259	-5	0	0
260	-5	0	0
261	-5	0	0
262	-5	0	0
263	-5	0	0
264	-5	0	0
265	-4	0	0
266	-4	0	0
267	-4	0	0
268	-4	0	0
269	-4	0	0
270	-3	0	0
271	-3	0	0
272	-3	0	0
273	-3	0	0
274	-3	0	0
275	-2	0	0
276	-2	0	0
277	-2	0	0
278	-2	0	0
279	-2	0	0
280	-2	0	1
281	-2	0	1
282	-2	0	1
283	-2	0	1
284	-2	0	1
285	-1	0	0
286	-1	0	0
287	-1	0	0
288	-1	0	0
289	-1	0	0
290	-1	0	0
291	-1	0	0
292	-1	0	0
293	-1	0	0
294	-1	0	0
295	-1	0	0
296	-1	0	0
297	-1	0	0
298	-1	0	0
299	-1	0	0
300	-3	0	0
301	-3	0	0
302	-3	0	0
303	-3	0	0
304	-3	0	0
305	-7	0	1
306	-7	0	1
307	-7	0	1
308	-7	0	1
309	-7	0	1
310	-6	0	0
311	-6	0	0
312	-6	0	0
313	-6	0	0
314	-6	0	0
315	-6	0	0
316	-6	0	0
317	-6	0	0
318	-6	0	0
319	-6	0	0
320	-11	0	0
321	-11	0	0
322	-11	0	0
323	-11	0	0
324	-11	0	0
325	-18	0	0
326	-18	0	0
327	-18	0	0
328	-18	0	0
329	-18	0	0
330	-27	0	1
331	-27	0	1
332	-27	0	1
333	-27	0	1
334	-27	0	1
335	-25	0	0
336	-25	0	0
337	-25	0	0
338	-25	0	0
339	-25	0	0
340	-32	0	0
341	-32	0	0
342	-32	0	0
343	-32	0	0
344	-32	0	0
345	-40	0	0
346	-40	0	0
347	-40	0	0
348	-40	0	0
349	-40	0	0
350	-47	0	0
351	-47	0	0
352	-47	0	0
353	-47	0	0
354	-47	0	0
355	-54	0	1
356	-54	0	1
357	-54	0	1
358	-54	0	1
359	-54	0	1
360	-39	1	0
361	-39	1	0
362	-39	1	0
363	-39	1	0
364	-39	1	0
365	-52	0	0
366	-52	0	0
367	-52	0	0
368	-52	0	0
369	-52	0	0
370	-58	0	1
371	-58	0	1
372	-58	0	1
373	-58	0	1
374	-58	0	1
375	-48	0	0
376	-48	0	0
377	-48	0	0
378	-48	0	0
379	-48	0	0
380	-47	1	0
381	-47	1	0
382	-47	1	0
383	-47	1	0
384	-47	1	0
385	-56	0	0
386	-56	0	0
387	-56	0	0
388	-56	0	0
389	-56	0	0
390	-58	0	0
391	-58	0	0
392	-58	0	0
393	-58	0	0
394	-58	0	0
395	-56	0	0
396	-56	0	0
397	-56	0	0
398	-56	0	0
399	-56	0	0
400	-59	0	0
401	-59	0	0
402	-59	0	0
403	-59	0	0
404	-59	0	0
405	-56	0	0
406	-56	0	0
407	-56	0	0
408	-56	0	0
409	-56	0	0
410	-52	1	0
411	-52	1	0
412	-52	1	0
413	-52	1	0
414	-52	1	0
415	-63	0	0
416	-63	0	0
417	-63	0	0
418	-63	0	0
419	-63	0	0
420	-56	1	0
421	-56	1	0
422	-56	1	0
423	-56	1	0
424	-56	1	0
425	-60	1	0
426	-60	1	0
427	-60	1	0
428	-60	1	0
429	-60	1	0
430	-62	1	0
431	-62	1	0
432	-62	1	0
433	-62	1	0
434	-62	1	0
435	-71	0	0
436	-71	0	0
437	-71	0	0
438	-71	0	0
439	-71	0	0
440	-71	1	0
441	-71	1	0
442	-71	1	0
443	-71	1	0
444	-71	1	0
445	-75	0	0
446	-75	0	0
447	-75	0	0
448	-75	0	0
449	-75	0	0
450	-72	0	0
451	-72	0	0
452	-72	0	0
453	-72	0	0
454	-72	0	0
455	-72	0	1
456	-72	0	1
457	-72	0	1
458	-72	0	1
459	-72	0	1
460	-60	0	0
461	-60	0	0
462	-60	0	0
463	-60	0	0
464	-60	0	0
465	-53	0	0
466	-53	0	0
467	-53	0	0
468	-53	0	0
469	-53	0	0
470	-52	0	0
471	-52	0	0
472	-52	0	0
473	-52	0	0
474	-52	0	0
475	-49	0	0
476	-49	0	0
477	-49	0	0
478	-49	0	0
479	-49	0	0
480	-46	0	0
481	-46	0	0
482	-46	0	0
483	-46	0	0
484	-46	0	0
485	-45	0	0
486	-45	0	0
487	-45	0	0
488	-45	0	0
489	-45	0	0
490	-45	0	0
491	-45	0	0
492	-45	0	0
493	-45	0	0
494	-45	0	0
495	-44	0	0
496	-44	0	0
497	-44	0	0
498	-44	0	0
499	-44	0	0
500	-44	0	0
501	-44	0	0
502	-44	0	0
503	-44	0	0
504	-44	0	0
505	-47	0	0
506	-47	0	0
507	-47	0	0
508	-47	0	0
509	-47	0	0
510	-47	0	0
511	-47	0	0
512	-47	0	0
513	-47	0	0
514	-47	0	0
515	-47	0	0
516	-47	0	0
517	-47	0	0
518	-47	0	0
519	-47	0	0
520	-48	0	0
521	-48	0	0
522	-48	0	0
523	-48	0	0
524	-48	0	0
525	-50	0	0
526	-50	0	0
527	-50	0	0
528	-50	0	0
529	-50	0	0
530	-52	0	0
531	-52	0	0
532	-52	0	0
533	-52	0	0
534	-52	0	0
535	-53	0	0
536	-53	0	0
537	-53	0	0
538	-53	0	0
539	-53	0	0
540	-56	0	0
541	-56	0	0
542	-56	0	0
543	-56	0	0
544	-56	0	0
545	-56	0	0
546	-56	0	0
547	-56	0	0
548	-56	0	0
549	-56	0	0
550	-56	0	0
551	-56	0	0
552	-56	0	0
553	-56	0	0
554	-56	0	0
555	-56	0	0
556	-56	0	0
557	-56	0	0
558	-56	0	0
559	-56	0	0
560	-58	0	0
561	-58	0	0
562	-58	0	0
563	-58	0	0
564	-58	0	0
565	-56	0	0
566	-56	0	0
567	-56	0	0
568	-56	0	0
569	-56	0	0
570	-53	0	0
571	-53	0	0
572	-53	0	0
573	-53	0	0
574	-53	0	0
575	-56	0	0
576	-56	0	0
577	-56	0	0
578	-56	0	0
579	-56	0	0
580	-52	1	0
581	-52	1	0
582	-52	1	0
583	-52	1	0
584	-52	1	0
585	-55	0	0
586	-55	0	0
587	-55	0	0
588	-55	0	0
589	-55	0	0
590	-52	0	0
591	-52	0	0
592	-52	0	0
593	-52	0	0
594	-52	0	0
595	-47	1	0
596	-47	1	0
597	-47	1	0
598	-47	1	0
599	-47	1	0
600	-47	1	0
601	-47	1	0
602	-47	1	0
603	-47	1	0
604	-47	1	0
605	-44	1	0
606	-44	1	0
607	-44	1	0
608	-44	1	0
609	-44	1	0
610	-48	0	0
611	-48	0	0
612	-48	0	0
613	-48	0	0
614	-48	0	0
615	-47	1	0
616	-47	1	0
617	-47	1	0
618	-47	1	0
619	-47	1	0
620	-47	1	0
621	-47	1	0
622	-47	1	0
623	-47	1	0
624	-47	1	0
625	-49	1	0
626	-49	1	0
627	-49	1	0
628	-49	1	0
629	-49	1	0
630	-50	1	0
631	-50	1	0
632	-50	1	0
633	-50	1	0
634	-50	1	0
635	-52	0	0
636	-52	0	0
637	-52	0	0
638	-52	0	0
639	-52	0	0
640	-48	0	1
641	-48	0	1
642	-48	0	1
643	-48	0	1
644	-48	0	1
645	-40	0	0
646	-40	0	0
647	-40	0	0
648	-40	0	0
649	-40	0	0
650	-32	0	0
651	-32	0	0
652	-32	0	0
653	-32	0	0
654	-32	0	0
655	-26	0	0
656	-26	0	0
657	-26	0	0
658	-26	0	0
659	-26	0	0
660	-19	0	0
661	-19	0	0
662	-19	0	0
663	-19	0	0
664	-19	0	0
665	-12	0	0
666	-12	0	0
667	-12	0	0
668	-12	0	0
669	-12	0	0
670	-6	1	0
671	-6	1	0
672	-6	1	0
673	-6	1	0
674	-6	1	0
675	0	1	0
676	0	1	0
677	0	1	0
678	0	1	0
679	0	1	0
680	8	1	0
681	8	1	0
682	8	1	0
683	8	1	0
684	8	1	0
685	14	1	0
686	14	1	0
687	14	1	0
688	14	1	0
689	14	1	0
690	21	1	0
691	21	1	0
692	21	1	0
693	21	1	0
694	21	1	0
695	25	1	0
696	25	1	0
697	25	1	0
698	25	1	0
699	25	1	0
700	30	0	0
701	30	0	0
702	30	0	0
703	30	0	0
704	30	0	0
705	33	0	0
706	33	0	0
707	33	0	0
708	33	0	0
709	33	0	0
710	36	0	0
711	36	0	0
712	36	0	0
713	36	0	0
714	36	0	0
715	41	0	1
716	41	0	1
717	41	0	1
718	41	0	1
719	41	0	1
720	35	0	0
721	35	0	0
722	35	0	0
723	35	0	0
724	35	0	0
725	35	0	0
726	35	0	0
727	35	0	0
728	35	0	0
729	35	0	0
730	37	0	0
731	37	0	0
732	37	0	0
733	37	0	0
734	37	0	0
735	39	0	0
736	39	0	0
737	39	0	0
738	39	0	0
739	39	0	0
740	42	0	1
741	42	0	1
742	42	0	1
743	42	0	1
744	42	0	1
745	36	0	0
746	36	0	0
747	36	0	0
748	36	0	0
749	36	0	0
750	33	0	0
751	33	0	0
752	33	0	0
753	33	0	0
754	33	0	0
755	36	0	0
756	36	0	0
757	36	0	0
758	36	0	0
759	36	0	0
760	36	0	0
761	36	0	0
762	36	0	0
763	36	0	0
764	36	0	0
765	40	0	0
766	40	0	0
767	40	0	0
768	40	0	0
769	40	0	0
770	45	0	1
771	45	0	1
772	45	0	1
773	45	0	1
774	45	0	1
775	39	0	0
776	39	0	0
777	39	0	0
778	39	0	0
779	39	0	0
780	40	0	0
781	40	0	0
782	40	0	0
783	40	0	0
784	40	0	0
785	44	0	0
786	44	0	0
787	44	0	0
788	44	0	0
789	44	0	0
790	49	0	0
791	49	0	0
792	49	0	0
793	49	0	0
794	49	0	0
795	51	0	0
796	51	0	0
797	51	0	0
798	51	0	0
799	51	0	0
800	56	0	1
801	56	0	1
802	56	0	1
803	56	0	1
804	56	0	1
805	47	1	0
806	47	1	0
807	47	1	0
808	47	1	0
809	47	1	0
810	54	0	0
811	54	0	0
812	54	0	0
813	54	0	0
814	54	0	0
815	60	0	0
816	60	0	0
817	60	0	0
818	60	0	0
819	60	0	0
820	63	0	0
821	63	0	0
822	63	0	0
823	63	0	0
824	63	0	0
825	65	0	0
826	65	0	0
827	65	0	0
828	65	0	0
829	65	0	0
830	67	0	0
831	67	0	0
832	67	0	0
833	67	0	0
834	67	0	0
835	70	0	0
836	70	0	0
837	70	0	0
838	70	0	0
839	70	0	0
840	70	0	0
841	70	0	0
842	70	0	0
843	70	0	0
844	70	0	0
845	69	0	0
846	69	0	0
847	69	0	0
848	69	0	0
849	69	0	0
850	73	0	0
851	73	0	0
852	73	0	0
853	73	0	0
854	73	0	0
855	70	0	0
856	70	0	0
857	70	0	0
858	70	0	0
859	70	0	0
860	67	0	0
861	67	0	0
862	67	0	0
863	67	0	0
864	67	0	0
865	70	0	0
866	70	0	0
867	70	0	0
868	70	0	0
869	70	0	0
870	66	0	0
871	66	0	0
872	66	0	0
873	66	0	0
874	66	0	0
875	61	1	0
876	61	1	0
877	61	1	0
878	61	1	0
879	61	1	0
880	65	0	0
881	65	0	0
882	65	0	0
883	65	0	0
884	65	0	0
885	62	0	0
886	62	0	0
887	62	0	0
888	62	0	0
889	62	0	0
890	56	1	0
891	56	1	0
892	56	1	0
893	56	1	0
894	56	1	0
895	55	1	0
896	55	1	0
897	55	1	0
898	55	1	0
899	55	1	0
900	54	0	0
901	54	0	0
902	54	0	0
903	54	0	0
904	54	0	0
905	49	1	0
906	49	1	0
907	49	1	0
908	49	1	0
909	49	1	0
910	47	1	0
911	47	1	0
912	47	1	0
913	47	1	0
914	47	1	0
915	41	1	0
916	41	1	0
917	41	1	0
918	41	1	0
919	41	1	0
920	40	1	0
921	40	1	0
922	40	1	0
923	40	1	0
924	40	1	0
925	36	1	0
926	36	1	0
927	36	1	0
928	36	1	0
929	36	1	0
930	34	1	0
931	34	1	0
932	34	1	0
933	34	1	0
934	34	1	0
935	29	1	0
936	29	1	0
937	29	1	0
938	29	1	0
939	29	1	0
940	23	1	0
941	23	1	0
942	23	1	0
943	23	1	0
944	23	1	0
945	12	1	0
946	12	1	0
947	12	1	0
948	12	1	0
949	12	1	0
950	3	1	0
951	3	1	0
952	3	1	0
953	3	1	0
954	3	1	0
955	-12	0	0
956	-12	0	0
957	-12	0	0
958	-12	0	0
959	-12	0	0
960	-22	0	0
961	-22	0	0
962	-22	0	0
963	-22	0	0
964	-22	0	0
965	-30	0	0
966	-30	0	0
967	-30	0	0
968	-30	0	0
969	-30	0	0
970	-36	0	0
971	-36	0	0
972	-36	0	0
973	-36	0	0
974	-36	0	0
975	-38	0	1
976	-38	0	1
977	-38	0	1
978	-38	0	1
979	-38	0	1
980	-32	0	0
981	-32	0	0
982	-32	0	0
983	-32	0	0
984	-32	0	0
985	-27	0	0
986	-27	0	0
987	-27	0	0
988	-27	0	0
989	-27	0	0
990	-26	0	0
991	-26	0	0
992	-26	0	0
993	-26	0	0
994	-26	0	0
995	-20	0	0
996	-20	0	0
997	-20	0	0
998	-20	0	0
999	-20	0	0
1000	-14	0	1
1001	-14	0	1
1002	-14	0	1
1003	-14	0	1
1004	-14	0	1
1005	-9	1	0
1006	-9	1	0
1007	-9	1	0
1008	-9	1	0
1009	-9	1	0
1010	-4	1	0
1011	-4	1	0
1012	-4	1	0
1013	-4	1	0
1014	-4	1	0
1015	-1	1	0
1016	-1	1	0
1017	-1	1	0
1018	-1	1	0
1019	-1	1	0
1020	-1	1	0
1021	-1	1	0
1022	-1	1	0
1023	-1	1	0
1024	-1	1	0
1025	-9	0	0
1026	-9	0	0
1027	-9	0	0
1028	-9	0	0
1029	-9	0	0
1030	-15	0	0
1031	-15	0	0
1032	-15	0	0
1033	-15	0	0
1034	-15	0	0
1035	-21	0	0
1036	-21	0	0
1037	-21	0	0
1038	-21	0	0
1039	-21	0	0
1040	-29	0	1
1041	-29	0	1
1042	-29	0	1
1043	-29	0	1
1044	-29	0	1
1045	-27	0	0
1046	-27	0	0
1047	-27	0	0
1048	-27	0	0
1049	-27	0	0
1050	-26	0	0
1051	-26	0	0
1052	-26	0	0
1053	-26	0	0
1054	-26	0	0
1055	-28	0	0
1056	-28	0	0
1057	-28	0	0
1058	-28	0	0
1059	-28	0	0
1060	-28	0	1
1061	-28	0	1
1062	-28	0	1
1063	-28	0	1
1064	-28	0	1
1065	-24	0	0
1066	-24	0	0
1067	-24	0	0
1068	-24	0	0
1069	-24	0	0
1070	-23	1	0
1071	-23	1	0
1072	-23	1	0
1073	-23	1	0
1074	-23	1	0
1075	-23	0	0
1076	-23	0	0
1077	-23	0	0
1078	-23	0	0
1079	-23	0	0
1080	-21	0	1
1081	-21	0	1
1082	-21	0	1
1083	-21	0	1
1084	-21	0	1
1085	-17	1	0
1086	-17	1	0
1087	-17	1	0
1088	-17	1	0
1089	-17	1	0
1090	-15	1	0
1091	-15	1	0
1092	-15	1	0
1093	-15	1	0
1094	-15	1	0
1095	-13	1	0
1096	-13	1	0
1097	-13	1	0
1098	-13	1	0
1099	-13	1	0
1100	-12	1	0
1101	-12	1	0
1102	-12	1	0
1103	-12	1	0
1104	-12	1	0
1105	-11	1	0
1106	-11	1	0
1107	-11	1	0
1108	-11	1	0
1109	-11	1	0
1110	-11	1	0
1111	-11	1	0
1112	-11	1	0
1113	-11	1	0
1114	-11	1	0
1115	-12	1	0
1116	-12	1	0
1117	-12	1	0
1118	-12	1	0
1119	-12	1	0
1120	-13	1	0
1121	-13	1	0
1122	-13	1	0
1123	-13	1	0
1124	-13	1	0
1125	-15	1	0
1126	-15	1	0
1127	-15	1	0
1128	-15	1	0
1129	-15	1	0
1130	-15	1	0
1131	-15	1	0
1132	-15	1	0
1133	-15	1	0
1134	-15	1	0
1135	-15	1	0
1136	-15	1	0
1137	-15	1	0
1138	-15	1	0
1139	-15	1	0
1140	-14	1	0
1141	-14	1	0
1142	-14	1	0
1143	-14	1	0
1144	-14	1	0
1145	-13	1	0
1146	-13	1	0
1147	-13	1	0
1148	-13	1	0
1149	-13	1	0
1150	-12	1	0
1151	-12	1	0
1152	-12	1	0
1153	-12	1	0
1154	-12	1	0
1155	-10	1	0
1156	-10	1	0
1157	-10	1	0
1158	-10	1	0
1159	-10	1	0
1160	-9	1	0
1161	-9	1	0
1162	-9	1	0
1163	-9	1	0
1164	-9	1	0
1165	-7	0	0
1166	-7	0	0
1167	-7	0	0
1168	-7	0	0
1169	-7	0	0
1170	-5	0	1
1171	-5	0	1
1172	-5	0	1
1173	-5	0	1
1174	-5	0	1
1175	-3	0	0
1176	-3	0	0
1177	-3	0	0
1178	-3	0	0
1179	-3	0	0
1180	-2	1	0
1181	-2	1	0
1182	-2	1	0
1183	-2	1	0
1184	-2	1	0
1185	0	0	0
1186	0	0	0
1187	0	0	0
1188	0	0	0
1189	0	0	0
1190	1	0	1
1191	1	0	1
1192	1	0	1
1193	1	0	1
1194	1	0	1
1195	1	0	0
1196	1	0	0
1197	1	0	0
1198	1	0	0
1199	1	0	0
1200	2	1	0
1201	2	1	0
1202	2	1	0
1203	2	1	0
1204	2	1	0
1205	1	0	0
1206	1	0	0
1207	1	0	0
1208	1	0	0
1209	1	0	0
1210	0	0	1
1211	0	0	1
1212	0	0	1
1213	0	0	1
1214	0	0	1
1215	0	0	0
1216	0	0	0
1217	0	0	0
1218	0	0	0
1219	0	0	0
1220	-1	0	0
1221	-1	0	0
1222	-1	0	0
1223	-1	0	0
1224	-1	0	0
1225	-3	0	0
1226	-3	0	0
1227	-3	0	0
1228	-3	0	0
1229	-3	0	0
1230	-8	0	0
1231	-8	0	0
1232	-8	0	0
1233	-8	0	0
1234	-8	0	0
1235	-14	0	1
1236	-14	0	1
1237	-14	0	1
1238	-14	0	1
1239	-14	0	1
1240	-13	0	0
1241	-13	0	0
1242	-13	0	0
1243	-13	0	0
1244	-13	0	0
1245	-19	0	0
1246	-19	0	0
1247	-19	0	0
1248	-19	0	0
1249	-19	0	0
1250	-26	0	0
1251	-26	0	0
1252	-26	0	0
1253	-26	0	0
1254	-26	0	0
1255	-35	0	0
1256	-35	0	0
1257	-35	0	0
1258	-35	0	0
1259	-35	0	0
1260	-45	0	1
1261	-45	0	1
1262	-45	0	1
1263	-45	0	1
1264	-45	0	1
1265	-27	1	0
1266	-27	1	0
1267	-27	1	0
1268	-27	1	0
1269	-27	1	0
1270	-46	0	0
1271	-46	0	0
1272	-46	0	0
1273	-46	0	0
1274	-46	0	0
1275	-57	0	1
1276	-57	0	1
1277	-57	0	1
1278	-57	0	1
1279	-57	0	1
1280	-50	0	0
1281	-50	0	0
1282	-50	0	0
1283	-50	0	0
1284	-50	0	0
1285	-43	1	0
1286	-43	1	0
1287	-43	1	0
1288	-43	1	0
1289	-43	1	0
1290	-67	0	1
1291	-67	0	1
1292	-67	0	1
1293	-67	0	1
1294	-67	0	1
1295	-59	0	0
1296	-59	0	0
1297	-59	0	0
1298	-59	0	0
1299	-59	0	0
1300	-59	0	0
1301	-59	0	0
1302	-59	0	0
1303	-59	0	0
1304	-59	0	0
1305	-64	0	0
1306	-64	0	0
1307	-64	0	0
1308	-64	0	0
1309	-64	0	0
1310	-72	0	0
1311	-72	0	0
1312	-72	0	0
1313	-72	0	0
1314	-72	0	0
1315	-78	0	0
1316	-78	0	0
1317	-78	0	0
1318	-78	0	0
1319	-78	0	0
1320	-83	0	0
1321	-83	0	0
1322	-83	0	0
1323	-83	0	0
1324	-83	0	0
1325	-89	0	0
1326	-89	0	0
1327	-89	0	0
1328	-89	0	0
1329	-89	0	0
1330	-90	0	0
1331	-90	0	0
1332	-90	0	0
1333	-90	0	0
1334	-90	0	0
1335	-96	0	0
1336	-96	0	0
1337	-96	0	0
1338	-96	0	0
1339	-96	0	0
1340	-92	0	0
1341	-92	0	0
1342	-92	0	0
1343	-92	0	0
1344	-92	0	0
1345	-97	0	0
1346	-97	0	0
1347	-97	0	0
1348	-97	0	0
1349	-97	0	0
1350	-89	0	0
1351	-89	0	0
1352	-89	0	0
1353	-89	0	0
1354	-89	0	0
1355	-110	1	0
1356	-110	1	0
1357	-110	1	0
1358	-110	1	0
1359	-110	1	0
1360	-102	0	0
1361	-102	0	0
1362	-102	0	0
1363	-102	0	0
1364	-102	0	0
1365	-111	0	0
1366	-111	0	0
1367	-111	0	0
1368	-111	0	0
1369	-111	0	0
1370	-99	0	0
1371	-99	0	0
1372	-99	0	0
1373	-99	0	0
1374	-99	0	0
1375	-102	0	0
1376	-102	0	0
1377	-102	0	0
1378	-102	0	0
1379	-102	0	0
1380	-89	1	0
1381	-89	1	0
1382	-89	1	0
1383	-89	1	0
1384	-89	1	0
1385	-111	0	0
1386	-111	0	0
1387	-111	0	0
1388	-111	0	0
1389	-111	0	0
1390	-102	0	0
1391	-102	0	0
1392	-102	0	0
1393	-102	0	0
1394	-102	0	0
1395	-105	0	0
1396	-105	0	0
1397	-105	0	0
1398	-105	0	0
1399	-105	0	0
1400	-108	1	0
1401	-108	1	0
1402	-108	1	0
1403	-108	1	0
1404	-108	1	0
1405	-94	0	0
1406	-94	0	0
1407	-94	0	0
1408	-94	0	0
1409	-94	0	0
1410	-100	0	0
1411	-100	0	0
1412	-100	0	0
1413	-100	0	0
1414	-100	0	0
1415	-88	1	0
1416	-88	1	0
1417	-88	1	0
1418	-88	1	0
1419	-88	1	0
1420	-106	0	0
1421	-106	0	0
1422	-106	0	0
1423	-106	0	0
1424	-106	0	0
1425	-96	1	0
1426	-96	1	0
1427	-96	1	0
1428	-96	1	0
1429	-96	1	0
1430	-84	1	0
1431	-84	1	0
1432	-84	1	0
1433	-84	1	0
1434	-84	1	0
1435	-89	0	0
1436	-89	0	0
1437	-89	0	0
1438	-89	0	0
1439	-89	0	0
1440	-81	0	0
1441	-81	0	0
1442	-81	0	0
1443	-81	0	0
1444	-81	0	0
1445	-71	1	0
1446	-71	1	0
1447	-71	1	0
1448	-71	1	0
1449	-71	1	0
1450	-78	1	0
1451	-78	1	0
1452	-78	1	0
1453	-78	1	0
1454	-78	1	0
1455	-65	1	0
1456	-65	1	0
1457	-65	1	0
1458	-65	1	0
1459	-65	1	0
1460	-61	1	0
1461	-61	1	0
1462	-61	1	0
1463	-61	1	0
1464	-61	1	0
1465	-49	1	0
1466	-49	1	0
1467	-49	1	0
1468	-49	1	0
1469	-49	1	0
1470	-44	1	0
1471	-44	1	0
1472	-44	1	0
1473	-44	1	0
1474	-44	1	0
1475	-38	0	0
1476	-38	0	0
1477	-38	0	0
1478	-38	0	0
1479	-38	0	0
1480	-30	1	0
1481	-30	1	0
1482	-30	1	0
1483	-30	1	0
1484	-30	1	0
1485	-22	1	0
1486	-22	1	0
1487	-22	1	0
1488	-22	1	0
1489	-22	1	0
1490	-10	1	0
1491	-10	1	0
1492	-10	1	0
1493	-10	1	0
1494	-10	1	0
1495	-2	1	0
1496	-2	1	0
1497	-2	1	0
1498	-2	1	0
1499	-2	1	0
1500	5	1	0
1501	5	1	0
1502	5	1	0
1503	5	1	0
1504	5	1	0
1505	14	1	0
1506	14	1	0
1507	14	1	0
1508	14	1	0
1509	14	1	0
1510	20	1	0
1511	20	1	0
1512	20	1	0
1513	20	1	0
1514	20	1	0
1515	24	1	0
1516	24	1	0
1517	24	1	0
1518	24	1	0
1519	24	1	0
1520	26	1	0
1521	26	1	0
1522	26	1	0
1523	26	1	0
1524	26	1	0
1525	27	1	0
1526	27	1	0
1527	27	1	0
1528	27	1	0
1529	27	1	0
1530	26	1	0
1531	26	1	0
1532	26	1	0
1533	26	1	0
1534	26	1	0
1535	25	1	0
1536	25	1	0
1537	25	1	0
1538	25	1	0
1539	25	1	0
1540	22	1	0
1541	22	1	0
1542	22	1	0
1543	22	1	0
1544	22	1	0
1545	17	1	0
1546	17	1	0
1547	17	1	0
1548	17	1	0
1549	17	1	0
1550	12	1	0
1551	12	1	0
1552	12	1	0
1553	12	1	0
1554	12	1	0
1555	8	1	0
1556	8	1	0
1557	8	1	0
1558	8	1	0
1559	8	1	0
1560	3	1	0
1561	3	1	0
1562	3	1	0
1563	3	1	0
1564	3	1	0
1565	0	1	0
1566	0	1	0
1567	0	1	0
1568	0	1	0
1569	0	1	0
1570	-3	1	0
1571	-3	1	0
1572	-3	1	0
1573	-3	1	0
1574	-3	1	0
1575	-5	1	0
1576	-5	1	0
1577	-5	1	0
1578	-5	1	0
1579	-5	1	0
1580	-8	1	0
1581	-8	1	0
1582	-8	1	0
1583	-8	1	0
1584	-8	1	0
1585	-13	1	0
1586	-13	1	0
1587	-13	1	0
1588	-13	1	0
1589	-13	1	0
1590	-15	1	0
1591	-15	1	0
1592	-15	1	0
1593	-15	1	0
1594	-15	1	0
1595	-18	1	0
1596	-18	1	0
1597	-18	1	0
1598	-18	1	0
1599	-18	1	0
1600	-16	0	0
1601	-16	0	0
1602	-16	0	0
1603	-16	0	0
1604	-16	0	0
1605	-13	0	0
1606	-13	0	0
1607	-13	0	0
1608	-13	0	0
1609	-13	0	0
1610	-7	0	0
1611	-7	0	0
1612	-7	0	0
1613	-7	0	0
1614	-7	0	0
1615	-2	0	0
1616	-2	0	0
1617	-2	0	0
1618	-2	0	0
1619	-2	0	0
1620	4	0	1
1621	4	0	1
1622	4	0	1
1623	4	0	1
1624	4	0	1
1625	6	0	0
1626	6	0	0
1627	6	0	0
1628	6	0	0
1629	6	0	0
1630	9	0	0
1631	9	0	0
1632	9	0	0
1633	9	0	0
1634	9	0	0
1635	11	0	0
1636	11	0	0
1637	11	0	0
1638	11	0	0
1639	11	0	0
1640	11	0	0
1641	11	0	0
1642	11	0	0
1643	11	0	0
1644	11	0	0
1645	11	0	1
1646	11	0	1
1647	11	0	1
1648	11	0	1
1649	11	0	1
1650	9	0	0
1651	9	0	0
1652	9	0	0
1653	9	0	0
1654	9	0	0
1655	8	0	0
1656	8	0	0
1657	8	0	0
1658	8	0	0
1659	8	0	0
1660	6	0	0
1661	6	0	0
1662	6	0	0
1663	6	0	0
1664	6	0	0
1665	4	0	0
1666	4	0	0
1667	4	0	0
1668	4	0	0
1669	4	0	0
1670	3	1	0
1671	3	1	0
1672	3	1	0
1673	3	1	0
1674	3	1	0
1675	1	1	0
1676	1	1	0
1677	1	1	0
1678	1	1	0
1679	1	1	0
1680	0	1	0
1681	0	1	0
1682	0	1	0
1683	0	1	0
1684	0	1	0
1685	-1	1	0
1686	-1	1	0
1687	-1	1	0
1688	-1	1	0
1689	-1	1	0
1690	-2	1	0
1691	-2	1	0
1692	-2	1	0
1693	-2	1	0
1694	-2	1	0
1695	-4	0	0
1696	-4	0	0
1697	-4	0	0
1698	-4	0	0
1699	-4	0	0
1700	-4	0	0
1701	-4	0	0
1702	-4	0	0
1703	-4	0	0
1704	-4	0	0
1705	-5	0	1
1706	-5	0	1
1707	-5	0	1
1708	-5	0	1
1709	-5	0	1
1710	-5	0	0
1711	-5	0	0
1712	-5	0	0
1713	-5	0	0
1714	-5	0	0
1715	-5	0	0
1716	-5	0	0
1717	-5	0	0
1718	-5	0	0
1719	-5	0	0
1720	-5	0	0
1721	-5	0	0
1722	-5	0	0
1723	-5	0	0
1724	-5	0	0
1725	-5	0	0
1726	-5	0	0
1727	-5	0	0
1728	-5	0	0
1729	-5	0	0
1730	-5	0	1
1731	-5	0	1
1732	-5	0	1
1733	-5	0	1
1734	-5	0	1
1735	-4	0	0
1736	-4	0	0
1737	-4	0	0
1738	-4	0	0
1739	-4	0	0
1740	-4	0	0
1741	-4	0	0
1742	-4	0	0
1743	-4	0	0
1744	-4	0	0
1745	-3	0	0
1746	-3	0	0
1747	-3	0	0
1748	-3	0	0
1749	-3	0	0
1750	-1	0	0
1751	-1	0	0
1752	-1	0	0
1753	-1	0	0
1754	-1	0	0
1755	1	0	1
1756	1	0	1
1757	1	0	1
1758	1	0	1
1759	1	0	1
1760	2	1	0
1761	2	1	0
1762	2	1	0
1763	2	1	0
1764	2	1	0
1765	5	0	0
1766	5	0	0
1767	5	0	0
1768	5	0	0
1769	5	0	0
1770	10	0	0
1771	10	0	0
1772	10	0	0
1773	10	0	0
1774	10	0	0
1775	16	0	1
1776	16	0	1
1777	16	0	1
1778	16	0	1
1779	16	0	1
1780	15	0	0
1781	15	0	0
1782	15	0	0
1783	15	0	0
1784	15	0	0
1785	16	0	0
1786	16	0	0
1787	16	0	0
1788	16	0	0
1789	16	0	0
1790	23	0	0
1791	23	0	0
1792	23	0	0
1793	23	0	0
1794	23	0	0
1795	31	0	0
1796	31	0	0
1797	31	0	0
1798	31	0	0
1799	31	0	0
1800	40	0	1
1801	40	0	1
1802	40	0	1
1803	40	0	1
1804	40	0	1
1805	36	0	0
1806	36	0	0
1807	36	0	0
1808	36	0	0
1809	36	0	0
1810	40	0	0
1811	40	0	0
1812	40	0	0
1813	40	0	0
1814	40	0	0
1815	43	0	0
1816	43	0	0
1817	43	0	0
1818	43	0	0
1819	43	0	0
1820	49	0	0
1821	49	0	0
1822	49	0	0
1823	49	0	0
1824	49	0	0
1825	55	0	0
1826	55	0	0
1827	55	0	0
1828	55	0	0
1829	55	0	0
1830	60	0	1
1831	60	0	1
1832	60	0	1
1833	60	0	1
1834	60	0	1
1835	48	1	0
1836	48	1	0
1837	48	1	0
1838	48	1	0
1839	48	1	0
1840	57	0	0
1841	57	0	0
1842	57	0	0
1843	57	0	0
1844	57	0	0
1845	62	0	0
1846	62	0	0
1847	62	0	0
1848	62	0	0
1849	62	0	0
1850	62	0	0
1851	62	0	0
1852	62	0	0
1853	62	0	0
1854	62	0	0
1855	66	0	0
1856	66	0	0
1857	66	0	0
1858	66	0	0
1859	66	0	0
1860	65	0	0
1861	65	0	0
1862	65	0	0
1863	65	0	0
1864	65	0	0
1865	62	0	0
1866	62	0	0
1867	62	0	0
1868	62	0	0
1869	62	0	0
1870	72	0	0
1871	72	0	0
1872	72	0	0
1873	72	0	0
1874	72	0	0
1875	68	1	0
1876	68	1	0
1877	68	1	0
1878	68	1	0
1879	68	1	0
1880	66	0	0
1881	66	0	0
1882	66	0	0
1883	66	0	0
1884	66	0	0
1885	71	0	0
1886	71	0	0
1887	71	0	0
1888	71	0	0
1889	71	0	0
1890	66	1	0
1891	66	1	0
1892	66	1	0
1893	66	1	0
1894	66	1	0
1895	61	1	0
1896	61	1	0
1897	61	1	0
1898	61	1	0
1899	61	1	0
1900	69	0	0
1901	69	0	0
1902	69	0	0
1903	69	0	0
1904	69	0	0
1905	63	1	0
1906	63	1	0
1907	63	1	0
1908	63	1	0
1909	63	1	0
1910	53	1	0
1911	53	1	0
1912	53	1	0
1913	53	1	0
1914	53	1	0
1915	49	1	0
1916	49	1	0
1917	49	1	0
1918	49	1	0
1919	49	1	0
1920	39	1	0
1921	39	1	0
1922	39	1	0
1923	39	1	0
1924	39	1	0
1925	33	1	0
1926	33	1	0
1927	33	1	0
1928	33	1	0
1929	33	1	0
1930	19	0	0
1931	19	0	0
1932	19	0	0
1933	19	0	0
1934	19	0	0
1935	8	0	0
1936	8	0	0
1937	8	0	0
1938	8	0	0
1939	8	0	0
1940	-3	0	0
1941	-3	0	0
1942	-3	0	0
1943	-3	0	0
1944	-3	0	0
1945	-15	0	1
1946	-15	0	1
1947	-15	0	1
1948	-15	0	1
1949	-15	0	1
1950	-17	0	0
1951	-17	0	0
1952	-17	0	0
1953	-17	0	0
1954	-17	0	0
1955	-12	1	0
1956	-12	1	0
1957	-12	1	0
1958	-12	1	0
1959	-12	1	0
1960	-31	0	0
1961	-31	0	0
1962	-31	0	0
1963	-31	0	0
1964	-31	0	0
1965	-44	0	0
1966	-44	0	0
1967	-44	0	0
1968	-44	0	0
1969	-44	0	0
1970	-55	0	1
1971	-55	0	1
1972	-55	0	1
1973	-55	0	1
1974	-55	0	1
1975	-44	0	0
1976	-44	0	0
1977	-44	0	0
1978	-44	0	0
1979	-44	0	0
1980	-50	0	0
1981	-50	0	0
1982	-50	0	0
1983	-50	0	0
1984	-50	0	0
1985	-58	0	0
1986	-58	0	0
1987	-58	0	0
1988	-58	0	0
1989	-58	0	0
1990	-66	0	1
1991	-66	0	1
1992	-66	0	1
1993	-66	0	1
1994	-66	0	1
1995	-53	1	0
1996	-53	1	0
1997	-53	1	0
1998	-53	1	0
1999	-53	1	0
2000	-63	0	0
2001	-63	0	0
2002	-63	0	0
2003	-63	0	0
2004	-63	0	0
2005	-72	0	1
2006	-72	0	1
2007	-72	0	1
2008	-72	0	1
2009	-72	0	1
2010	-60	0	0
2011	-60	0	0
2012	-60	0	0
2013	-60	0	0
2014	-60	0	0
2015	-58	1	0
2016	-58	1	0
2017	-58	1	0
2018	-58	1	0
2019	-58	1	0
2020	-71	0	0
2021	-71	0	0
2022	-71	0	0
2023	-71	0	0
2024	-71	0	0
2025	-77	0	0
2026	-77	0	0
2027	-77	0	0
2028	-77	0	0
2029	-77	0	0
2030	-82	0	0
2031	-82	0	0
2032	-82	0	0
2033	-82	0	0
2034	-82	0	0
2035	-82	0	0
2036	-82	0	0
2037	-82	0	0
2038	-82	0	0
2039	-82	0	0
2040	-87	0	0
2041	-87	0	0
2042	-87	0	0
2043	-87	0	0
2044	-87	0	0
2045	-84	0	0
2046	-84	0	0
2047	-84	0	0
2048	-84	0	0
2049	-84	0	0
2050	-80	0	0
2051	-80	0	0
2052	-80	0	0
2053	-80	0	0
2054	-80	0	0
2055	-84	0	0
2056	-84	0	0
2057	-84	0	0
2058	-84	0	0
2059	-84	0	0
2060	-79	0	0
2061	-79	0	0
2062	-79	0	0
2063	-79	0	0
2064	-79	0	0
2065	-93	1	0
2066	-93	1	0
2067	-93	1	0
2068	-93	1	0
2069	-93	1	0
2070	-90	0	0
2071	-90	0	0
2072	-90	0	0
2073	-90	0	0
2074	-90	0	0
2075	-98	0	0
2076	-98	0	0
2077	-98	0	0
2078	-98	0	0
2079	-98	0	0
2080	-90	0	0
2081	-90	0	0
2082	-90	0	0
2083	-90	0	0
2084	-90	0	0
2085	-83	1	0
2086	-83	1	0
2087	-83	1	0
2088	-83	1	0
2089	-83	1	0
2090	-88	0	0
2091	-88	0	0
2092	-88	0	0
2093	-88	0	0
2094	-88	0	0
2095	-84	0	0
2096	-84	0	0
2097	-84	0	0
2098	-84	0	0
2099	-84	0	0
2100	-87	0	0
2101	-87	0	0
2102	-87	0	0
2103	-87	0	0
2104	-87	0	0
2105	-90	1	0
2106	-90	1	0
2107	-90	1	0
2108	-90	1	0
2109	-90	1	0
2110	-93	0	0
2111	-93	0	0
2112	-93	0	0
2113	-93	0	0
2114	-93	0	0
2115	-85	0	0
2116	-85	0	0
2117	-85	0	0
2118	-85	0	0
2119	-85	0	0
2120	-75	1	0
2121	-75	1	0
2122	-75	1	0
2123	-75	1	0
2124	-75	1	0
2125	-73	0	0
2126	-73	0	0
2127	-73	0	0
2128	-73	0	0
2129	-73	0	0
2130	-63	1	0
2131	-63	1	0
2132	-63	1	0
2133	-63	1	0
2134	-63	1	0
2135	-56	1	0
2136	-56	1	0
2137	-56	1	0
2138	-56	1	0
2139	-56	1	0
2140	-37	1	0
2141	-37	1	0
2142	-37	1	0
2143	-37	1	0
2144	-37	1	0
2145	-37	1	0
2146	-37	1	0
2147	-37	1	0
2148	-37	1	0
2149	-37	1	0
2150	-12	1	0
2151	-12	1	0
2152	-12	1	0
2153	-12	1	0
2154	-12	1	0
2155	4	0	0
2156	4	0	0
2157	4	0	0
2158	4	0	0
2159	4	0	0
2160	23	0	1
2161	23	0	1
2162	23	0	1
2163	23	0	1
2164	23	0	1
2165	26	0	0
2166	26	0	0
2167	26	0	0
2168	26	0	0
2169	26	0	0
2170	39	0	0
2171	39	0	0
2172	39	0	0
2173	39	0	0
2174	39	0	0
2175	53	0	0
2176	53	0	0
2177	53	0	0
2178	53	0	0
2179	53	0	0
2180	65	0	0
2181	65	0	0
2182	65	0	0
2183	65	0	0
2184	65	0	0
2185	75	0	1
2186	75	0	1
2187	75	0	1
2188	75	0	1
2189	75	0	1
2190	62	0	0
2191	62	0	0
2192	62	0	0
2193	62	0	0
2194	62	0	0
2195	62	1	0
2196	62	1	0
2197	62	1	0
2198	62	1	0
2199	62	1	0
2200	80	0	1
2201	80	0	1
2202	80	0	1
2203	80	0	1
2204	80	0	1
2205	70	0	0
2206	70	0	0
2207	70	0	0
2208	70	0	0
2209	70	0	0
2210	68	1	0
2211	68	1	0
2212	68	1	0
2213	68	1	0
2214	68	1	0
2215	81	0	0
2216	81	0	0
2217	81	0	0
2218	81	0	0
2219	81	0	0
2220	84	0	0
2221	84	0	0
2222	84	0	0
2223	84	0	0
2224	84	0	0
2225	82	0	0
2226	82	0	0
2227	82	0	0
2228	82	0	0
2229	82	0	0
2230	86	0	0
2231	86	0	0
2232	86	0	0
2233	86	0	0
2234	86	0	0
2235	80	0	0
2236	80	0	0
2237	80	0	0
2238	80	0	0
2239	80	0	0
2240	74	1	0
2241	74	1	0
2242	74	1	0
2243	74	1	0
2244	74	1	0
2245	88	0	0
2246	88	0	0
2247	88	0	0
2248	88	0	0
2249	88	0	0
2250	83	0	0
2251	83	0	0
2252	83	0	0
2253	83	0	0
2254	83	0	0
2255	74	1	0
2256	74	1	0
2257	74	1	0
2258	74	1	0
2259	74	1	0
2260	73	1	0
2261	73	1	0
2262	73	1	0
2263	73	1	0
2264	73	1	0
2265	70	1	0
2266	70	1	0
2267	70	1	0
2268	70	1	0
2269	70	1	0
2270	58	1	0
2271	58	1	0
2272	58	1	0
2273	58	1	0
2274	58	1	0
2275	54	1	0
2276	54	1	0
2277	54	1	0
2278	54	1	0
2279	54	1	0
2280	44	1	0
2281	44	1	0
2282	44	1	0
2283	44	1	0
2284	44	1	0
2285	39	1	0
2286	39	1	0
2287	39	1	0
2288	39	1	0
2289	39	1	0
2290	30	1	0
2291	30	1	0
2292	30	1	0
2293	30	1	0
2294	30	1	0
2295	21	1	0
2296	21	1	0
2297	21	1	0
2298	21	1	0
2299	21	1	0
2300	14	1	0
2301	14	1	0
2302	14	1	0
2303	14	1	0
2304	14	1	0
2305	8	1	0
2306	8	1	0
2307	8	1	0
2308	8	1	0
2309	8	1	0
2310	0	1	0
2311	0	1	0
2312	0	1	0
2313	0	1	0
2314	0	1	0
2315	-6	1	0
2316	-6	1	0
2317	-6	1	0
2318	-6	1	0
2319	-6	1	0
2320	-11	1	0
2321	-11	1	0
2322	-11	1	0
2323	-11	1	0
2324	-11	1	0
2325	-15	1	0
2326	-15	1	0
2327	-15	1	0
2328	-15	1	0
2329	-15	1	0
2330	-17	1	0
2331	-17	1	0
2332	-17	1	0
2333	-17	1	0
2334	-17	1	0
2335	-18	1	0
2336	-18	1	0
2337	-18	1	0
2338	-18	1	0
2339	-18	1	0
2340	-18	1	0
2341	-18	1	0
2342	-18	1	0
2343	-18	1	0
2344	-18	1	0
2345	-16	1	0
2346	-16	1	0
2347	-16	1	0
2348	-16	1	0
2349	-16	1	0
2350	-15	1	0
2351	-15	1	0
2352	-15	1	0
2353	-15	1	0
2354	-15	1	0
2355	-12	1	0
2356	-12	1	0
2357	-12	1	0
2358	-12	1	0
2359	-12	1	0
2360	-10	1	0
2361	-10	1	0
2362	-10	1	0
2363	-10	1	0
2364	-10	1	0
2365	-7	1	0
2366	-7	1	0
2367	-7	1	0
2368	-7	1	0
2369	-7	1	0
2370	-5	1	0
2371	-5	1	0
2372	-5	1	0
2373	-5	1	0
2374	-5	1	0
2375	-4	1	0
2376	-4	1	0
2377	-4	1	0
2378	-4	1	0
2379	-4	1	0
2380	-4	1	0
2381	-4	1	0
2382	-4	1	0
2383	-4	1	0
2384	-4	1	0
2385	-3	1	0
2386	-3	1	0
2387	-3	1	0
2388	-3	1	0
2389	-3	1	0
2390	-3	1	0
2391	-3	1	0
2392	-3	1	0
2393	-3	1	0
2394	-3	1	0
2395	-2	1	0
2396	-2	1	0
2397	-2	1	0
2398	-2	1	0
2399	-2	1	0
2400	-1	1	0
2401	-1	1	0
2402	-1	1	0
2403	-1	1	0
2404	-1	1	0
2405	0	1	0
2406	0	1	0
2407	0	1	0
2408	0	1	0
2409	0	1	0
2410	1	1	0
2411	1	1	0
2412	1	1	0
2413	1	1	0
2414	1	1	0
2415	1	1	0
2416	1	1	0
2417	1	1	0
2418	1	1	0
2419	1	1	0
2420	2	1	0
2421	2	1	0
2422	2	1	0
2423	2	1	0
2424	2	1	0
2425	2	1	0
2426	2	1	0
2427	2	1	0
2428	2	1	0
2429	2	1	0
2430	3	1	0
2431	3	1	0
2432	3	1	0
2433	3	1	0
2434	3	1	0
2435	4	1	0
2436	4	1	0
2437	4	1	0
2438	4	1	0
2439	4	1	0
2440	4	1	0
2441	4	1	0
2442	4	1	0
2443	4	1	0
2444	4	1	0
2445	4	0	0
2446	4	0	0
2447	4	0	0
2448	4	0	0
2449	4	0	0
2450	3	0	0
2451	3	0	0
2452	3	0	0
2453	3	0	0
2454	3	0	0
2455	1	0	1
2456	1	0	1
2457	1	0	1
2458	1	0	1
2459	1	0	1
2460	0	0	0
2461	0	0	0
2462	0	0	0
2463	0	0	0
2464	0	0	0
2465	-2	0	0
2466	-2	0	0
2467	-2	0	0
2468	-2	0	0
2469	-2	0	0
2470	-3	0	0
2471	-3	0	0
2472	-3	0	0
2473	-3	0	0
2474	-3	0	0
2475	-4	0	0
2476	-4	0	0
2477	-4	0	0
2478	-4	0	0
2479	-4	0	0
2480	-5	0	0
2481	-5	0	0
2482	-5	0	0
2483	-5	0	0
2484	-5	0	0
2485	-5	0	1
2486	-5	0	1
2487	-5	0	1
2488	-5	0	1
2489	-5	0	1
2490	-4	0	0
2491	-4	0	0
2492	-4	0	0
2493	-4	0	0
2494	-4	0	0
2495	-4	0	0
2496	-4	0	0
2497	-4	0	0
2498	-4	0	0
2499	-4	0	0
2500	-3	0	0
2501	-3	0	0
2502	-3	0	0
2503	-3	0	0
2504	-3	0	0
2505	-2	0	0
2506	-2	0	0
2507	-2	0	0
2508	-2	0	0
2509	-2	0	0
2510	-2	0	1
2511	-2	0	1
2512	-2	0	1
2513	-2	0	1
2514	-2	0	1
2515	-1	0	0
2516	-1	0	0
2517	-1	0	0
2518	-1	0	0
2519	-1	0	0
2520	0	0	0
2521	0	0	0
2522	0	0	0
2523	0	0	0
2524	0	0	0
2525	1	0	0
2526	1	0	0
2527	1	0	0
2528	1	0	0
2529	1	0	0
2530	1	0	0
2531	1	0	0
2532	1	0	0
2533	1	0	0
2534	1	0	0
2535	1	0	1
2536	1	0	1
2537	1	0	1
2538	1	0	1
2539	1	0	1
2540	2	1	0
2541	2	1	0
2542	2	1	0
2543	2	1	0
2544	2	1	0
2545	0	0	0
2546	0	0	0
2547	0	0	0
2548	0	0	0
2549	0	0	0
2550	-1	0	0
2551	-1	0	0
2552	-1	0	0
2553	-1	0	0
2554	-1	0	0
2555	-4	0	0
2556	-4	0	0
2557	-4	0	0
2558	-4	0	0
2559	-4	0	0
2560	-7	0	1
2561	-7	0	1
2562	-7	0	1
2563	-7	0	1
2564	-7	0	1
2565	-7	0	0
2566	-7	0	0
2567	-7	0	0
2568	-7	0	0
2569	-7	0	0
2570	-10	0	0
2571	-10	0	0
2572	-10	0	0
2573	-10	0	0
2574	-10	0	0
2575	-14	0	0
2576	-14	0	0
2577	-14	0	0
2578	-14	0	0
2579	-14	0	0
2580	-19	0	1
2581	-19	0	1
2582	-19	0	1
2583	-19	0	1
2584	-19	0	1
2585	-18	1	0
2586	-18	1	0
2587	-18	1	0
2588	-18	1	0
2589	-18	1	0
2590	-23	0	0
2591	-23	0	0
2592	-23	0	0
2593	-23	0	0
2594	-23	0	0
2595	-29	0	0
2596	-29	0	0
2597	-29	0	0
2598	-29	0	0
2599	-29	0	0
2600	-36	0	1
2601	-36	0	1
2602	-36	0	1
2603	-36	0	1
2604	-36	0	1
2605	-32	0	0
2606	-32	0	0
2607	-32	0	0
2608	-32	0	0
2609	-32	0	0
2610	-31	1	0
2611	-31	1	0
2612	-31	1	0
2613	-31	1	0
2614	-31	1	0
2615	-39	0	0
2616	-39	0	0
2617	-39	0	0
2618	-39	0	0
2619	-39	0	0
2620	-47	0	1
2621	-47	0	1
2622	-47	0	1
2623	-47	0	1
2624	-47	0	1
2625	-41	0	0
2626	-41	0	0
2627	-41	0	0
2628	-41	0	0
2629	-41	0	0
2630	-43	0	0
2631	-43	0	0
2632	-43	0	0
2633	-43	0	0
2634	-43	0	0
2635	-47	0	0
2636	-47	0	0
2637	-47	0	0
2638	-47	0	0
2639	-47	0	0
2640	-50	0	0
2641	-50	0	0
2642	-50	0	0
2643	-50	0	0
2644	-50	0	0
2645	-54	0	0
2646	-54	0	0
2647	-54	0	0
2648	-54	0	0
2649	-54	0	0
2650	-58	0	1
2651	-58	0	1
2652	-58	0	1
2653	-58	0	1
2654	-58	0	1
2655	-49	1	0
2656	-49	1	0
2657	-49	1	0
2658	-49	1	0
2659	-49	1	0
2660	-55	0	0
2661	-55	0	0
2662	-55	0	0
2663	-55	0	0
2664	-55	0	0
2665	-60	0	0
2666	-60	0	0
2667	-60	0	0
2668	-60	0	0
2669	-60	0	0
2670	-62	0	0
2671	-62	0	0
2672	-62	0	0
2673	-62	0	0
2674	-62	0	0
2675	-64	0	0
2676	-64	0	0
2677	-64	0	0
2678	-64	0	0
2679	-64	0	0
2680	-67	0	0
2681	-67	0	0
2682	-67	0	0
2683	-67	0	0
2684	-67	0	0
2685	-68	0	0
2686	-68	0	0
2687	-68	0	0
2688	-68	0	0
2689	-68	0	0
2690	-67	0	0
2691	-67	0	0
2692	-67	0	0
2693	-67	0	0
2694	-67	0	0
2695	-71	0	0
2696	-71	0	0
2697	-71	0	0
2698	-71	0	0
2699	-71	0	0
2700	-69	0	0
2701	-69	0	0
2702	-69	0	0
2703	-69	0	0
2704	-69	0	0
2705	-67	0	0
2706	-67	0	0
2707	-67	0	0
2708	-67	0	0
2709	-67	0	0
2710	-70	0	0
2711	-70	0	0
2712	-70	0	0
2713	-70	0	0
2714	-70	0	0
2715	-74	1	0
2716	-74	1	0
2717	-74	1	0
2718	-74	1	0
2719	-74	1	0
2720	-74	0	0
2721	-74	0	0
2722	-74	0	0
2723	-74	0	0
2724	-74	0	0
2725	-81	0	0
2726	-81	0	0
2727	-81	0	0
2728	-81	0	0
2729	-81	0	0
2730	-77	0	0
2731	-77	0	0
2732	-77	0	0
2733	-77	0	0
2734	-77	0	0
2735	-72	0	0
2736	-72	0	0
2737	-72	0	0
2738	-72	0	0
2739	-72	0	0
2740	-75	0	0
2741	-75	0	0
2742	-75	0	0
2743	-75	0	0
2744	-75	0	0
2745	-70	0	0
2746	-70	0	0
2747	-70	0	0
2748	-70	0	0
2749	-70	0	0
2750	-66	0	0
2751	-66	0	0
2752	-66	0	0
2753	-66	0	0
2754	-66	0	0
2755	-68	0	0
2756	-68	0	0
2757	-68	0	0
2758	-68	0	0
2759	-68	0	0
2760	-65	0	0
2761	-65	0	0
2762	-65	0	0
2763	-65	0	0
2764	-65	0	0
2765	-62	0	0
2766	-62	0	0
2767	-62	0	0
2768	-62	0	0
2769	-62	0	0
2770	-64	0	0
2771	-64	0	0
2772	-64	0	0
2773	-64	0	0
2774	-64	0	0
2775	-63	0	0
2776	-63	0	0
2777	-63	0	0
2778	-63	0	0
2779	-63	0	0
2780	-62	0	0
2781	-62	0	0
2782	-62	0	0
2783	-62	0	0
2784	-62	0	0
2785	-65	0	0
2786	-65	0	0
2787	-65	0	0
2788	-65	0	0
2789	-65	0	0
2790	-65	0	0
2791	-65	0	0
2792	-65	0	0
2793	-65	0	0
2794	-65	0	0
2795	-66	0	0
2796	-66	0	0
2797	-66	0	0
2798	-66	0	0
2799	-66	0	0
2800	-69	0	0
2801	-69	0	0
2802	-69	0	0
2803	-69	0	0
2804	-69	0	0
2805	-70	0	1
2806	-70	0	1
2807	-70	0	1
2808	-70	0	1
2809	-70	0	1
2810	-57	0	0
2811	-57	0	0
2812	-57	0	0
2813	-57	0	0
2814	-57	0	0
2815	-59	1	0
2816	-59	1	0
2817	-59	1	0
2818	-59	1	0
2819	-59	1	0
2820	-65	0	0
2821	-65	0	0
2822	-65	0	0
2823	-65	0	0
2824	-65	0	0
2825	-73	0	1
2826	-73	0	1
2827	-73	0	1
2828	-73	0	1
2829	-73	0	1
2830	-59	1	0
2831	-59	1	0
2832	-59	1	0
2833	-59	1	0
2834	-59	1	0
2835	-70	0	0
2836	-70	0	0
2837	-70	0	0
2838	-70	0	0
2839	-70	0	0
2840	-73	0	0
2841	-73	0	0
2842	-73	0	0
2843	-73	0	0
2844	-73	0	0
2845	-78	0	0
2846	-78	0	0
2847	-78	0	0
2848	-78	0	0
2849	-78	0	0
2850	-77	0	0
2851	-77	0	0
2852	-77	0	0
2853	-77	0	0
2854	-77	0	0
2855	-83	0	0
2856	-83	0	0
2857	-83	0	0
2858	-83	0	0
2859	-83	0	0
2860	-81	0	0
2861	-81	0	0
2862	-81	0	0
2863	-81	0	0
2864	-81	0	0
2865	-86	0	0
2866	-86	0	0
2867	-86	0	0
2868	-86	0	0
2869	-86	0	0
2870	-82	0	0
2871	-82	0	0
2872	-82	0	0
2873	-82	0	0
2874	-82	0	0
2875	-87	0	0
2876	-87	0	0
2877	-87	0	0
2878	-87	0	0
2879	-87	0	0
2880	-81	0	0
2881	-81	0	0
2882	-81	0	0
2883	-81	0	0
2884	-81	0	0
2885	-86	0	0
2886	-86	0	0
2887	-86	0	0
2888	-86	0	0
2889	-86	0	0
2890	-79	0	0
2891	-79	0	0
2892	-79	0	0
2893	-79	0	0
2894	-79	0	0
2895	-83	0	0
2896	-83	0	0
2897	-83	0	0
2898	-83	0	0
2899	-83	0	0
2900	-87	1	0
2901	-87	1	0
2902	-87	1	0
2903	-87	1	0
2904	-87	1	0
2905	-94	0	0
2906	-94	0	0
2907	-94	0	0
2908	-94	0	0
2909	-94	0	0
2910	-104	0	0
2911	-104	0	0
2912	-104	0	0
2913	-104	0	0
2914	-104	0	0
2915	-93	0	0
2916	-93	0	0
2917	-93	0	0
2918	-93	0	0
2919	-93	0	0
2920	-97	0	0
2921	-97	0	0
2922	-97	0	0
2923	-97	0	0
2924	-97	0	0
2925	-84	1	0
2926	-84	1	0
2927	-84	1	0
2928	-84	1	0
2929	-84	1	0
2930	-87	0	0
2931	-87	0	0
2932	-87	0	0
2933	-87	0	0
2934	-87	0	0
2935	-81	0	0
2936	-81	0	0
2937	-81	0	0
2938	-81	0	0
2939	-81	0	0
2940	-84	1	0
2941	-84	1	0
2942	-84	1	0
2943	-84	1	0
2944	-84	1	0
2945	-87	0	0
2946	-87	0	0
2947	-87	0	0
2948	-87	0	0
2949	-87	0	0
2950	-94	0	0
2951	-94	0	0
2952	-94	0	0
2953	-94	0	0
2954	-94	0	0
2955	-82	1	0
2956	-82	1	0
2957	-82	1	0
2958	-82	1	0
2959	-82	1	0
2960	-82	0	0
2961	-82	0	0
2962	-82	0	0
2963	-82	0	0
2964	-82	0	0
2965	-73	1	0
2966	-73	1	0
2967	-73	1	0
2968	-73	1	0
2969	-73	1	0
2970	-60	1	0
2971	-60	1	0
2972	-60	1	0
2973	-60	1	0
2974	-60	1	0
2975	-67	1	0
2976	-67	1	0
2977	-67	1	0
2978	-67	1	0
2979	-67	1	0
2980	-50	1	0
2981	-50	1	0
2982	-50	1	0
2983	-50	1	0
2984	-50	1	0
2985	-44	1	0
2986	-44	1	0
2987	-44	1	0
2988	-44	1	0
2989	-44	1	0
2990	-29	1	0
2991	-29	1	0
2992	-29	1	0
2993	-29	1	0
2994	-29	1	0
2995	-21	1	0
2996	-21	1	0
2997	-21	1	0
2998	-21	1	0
2999	-21	1	0
3000	-7	1	0
3001	-7	1	0
3002	-7	1	0
3003	-7	1	0
3004	-7	1	0
3005	2	1	0
3006	2	1	0
3007	2	1	0
3008	2	1	0
3009	2	1	0
3010	13	1	0
3011	13	1	0
3012	13	1	0
3013	13	1	0
3014	13	1	0
3015	21	1	0
3016	21	1	0
3017	21	1	0
3018	21	1	0
3019	21	1	0
3020	27	1	0
3021	27	1	0
3022	27	1	0
3023	27	1	0
3024	27	1	0
3025	32	1	0
3026	32	1	0
3027	32	1	0
3028	32	1	0
3029	32	1	0
3030	35	1	0
3031	35	1	0
3032	35	1	0
3033	35	1	0
3034	35	1	0
3035	36	1	0
3036	36	1	0
3037	36	1	0
3038	36	1	0
3039	36	1	0
3040	36	1	0
3041	36	1	0
3042	36	1	0
3043	36	1	0
3044	36	1	0
3045	35	1	0
3046	35	1	0
3047	35	1	0
3048	35	1	0
3049	35	1	0
3050	33	1	0
3051	33	1	0
3052	33	1	0
3053	33	1	0
3054	33	1	0
3055	30	1	0
3056	30	1	0
3057	30	1	0
3058	30	1	0
3059	30	1	0
3060	28	1	0
3061	28	1	0
3062	28	1	0
3063	28	1	0
3064	28	1	0
3065	26	1	0
3066	26	1	0
3067	26	1	0
3068	26	1	0
3069	26	1	0
3070	24	1	0
3071	24	1	0
3072	24	1	0
3073	24	1	0
3074	24	1	0
3075	23	1	0
3076	23	1	0
3077	23	1	0
3078	23	1	0
3079	23	1	0
3080	21	1	0
3081	21	1	0
3082	21	1	0
3083	21	1	0
3084	21	1	0
3085	22	0	0
3086	22	0	0
3087	22	0	0
3088	22	0	0
3089	22	0	0
3090	20	0	0
3091	20	0	0
3092	20	0	0
3093	20	0	0
3094	20	0	0
3095	18	0	1
3096	18	0	1
3097	18	0	1
3098	18	0	1
3099	18	0	1
3100	13	0	0
3101	13	0	0
3102	13	0	0
3103	13	0	0
3104	13	0	0
3105	10	0	0
3106	10	0	0
3107	10	0	0
3108	10	0	0
3109	10	0	0
3110	10	0	0
3111	10	0	0
3112	10	0	0
3113	10	0	0
3114	10	0	0
3115	9	0	0
3116	9	0	0
3117	9	0	0
3118	9	0	0
3119	9	0	0
3120	8	0	0
3121	8	0	0
3122	8	0	0
3123	8	0	0
3124	8	0	0
3125	8	0	0
3126	8	0	0
3127	8	0	0
3128	8	0	0
3129	8	0	0
3130	8	1	0
3131	8	1	0
3132	8	1	0
3133	8	1	0
3134	8	1	0
3135	8	1	0
3136	8	1	0
3137	8	1	0
3138	8	1	0
3139	8	1	0
3140	9	1	0
3141	9	1	0
3142	9	1	0
3143	9	1	0
3144	9	1	0
3145	9	1	0
3146	9	1	0
3147	9	1	0
3148	9	1	0
3149	9	1	0
3150	9	1	0
3151	9	1	0
3152	9	1	0
3153	9	1	0
3154	9	1	0
3155	8	1	0
3156	8	1	0
3157	8	1	0
3158	8	1	0
3159	8	1	0
3160	8	1	0
3161	8	1	0
3162	8	1	0
3163	8	1	0
3164	8	1	0
3165	7	1	0
3166	7	1	0
3167	7	1	0
3168	7	1	0
3169	7	1	0
3170	7	1	0
3171	7	1	0
3172	7	1	0
3173	7	1	0
3174	7	1	0
3175	6	1	0
3176	6	1	0
3177	6	1	0
3178	6	1	0
3179	6	1	0
3180	5	1	0
3181	5	1	0
3182	5	1	0
3183	5	1	0
3184	5	1	0
3185	4	1	0
3186	4	1	0
3187	4	1	0
3188	4	1	0
3189	4	1	0
3190	3	1	0
3191	3	1	0
3192	3	1	0
3193	3	1	0
3194	3	1	0
3195	2	1	0
3196	2	1	0
3197	2	1	0
3198	2	1	0
3199	2	1	0
3200	2	1	0
3201	2	1	0
3202	2	1	0
3203	2	1	0
3204	2	1	0
3205	1	1	0
3206	1	1	0
3207	1	1	0
3208	1	1	0
3209	1	1	0
3210	1	1	0
3211	1	1	0
3212	1	1	0
3213	1	1	0
3214	1	1	0
3215	1	1	0
3216	1	1	0
3217	1	1	0
3218	1	1	0
3219	1	1	0
3220	1	1	0
3221	1	1	0
3222	1	1	0
3223	1	1	0
3224	1	1	0
3225	0	1	0
3226	0	1	0
3227	0	1	0
3228	0	1	0
3229	0	1	0
3230	0	1	0
3231	0	1	0
3232	0	1	0
3233	0	1	0
3234	0	1	0
3235	0	0	0
3236	0	0	0
3237	0	0	0
3238	0	0	0
3239	0	0	0
3240	1	0	0
3241	1	0	0
3242	1	0	0
3243	1	0	0
3244	1	0	0
3245	1	0	0
3246	1	0	0
3247	1	0	0
3248	1	0	0
3249	1	0	0
3250	1	0	0
3251	1	0	0
3252	1	0	0
3253	1	0	0
3254	1	0	0
3255	3	0	1
3256	3	0	1
3257	3	0	1
3258	3	0	1
3259	3	0	1
3260	3	0	0
3261	3	0	0
3262	3	0	0
3263	3	0	0
3264	3	0	0
3265	4	0	0
3266	4	0	0
3267	4	0	0
3268	4	0	0
3269	4	0	0
3270	5	0	0
3271	5	0	0
3272	5	0	0
3273	5	0	0
3274	5	0	0
3275	5	0	0
3276	5	0	0
3277	5	0	0
3278	5	0	0
3279	5	0	0
3280	6	0	0
3281	6	0	0
3282	6	0	0
3283	6	0	0
3284	6	0	0
3285	5	0	1
3286	5	0	1
3287	5	0	1
3288	5	0	1
3289	5	0	1
3290	4	0	0
3291	4	0	0
3292	4	0	0
3293	4	0	0
3294	4	0	0
3295	0	0	0
3296	0	0	0
3297	0	0	0
3298	0	0	0
3299	0	0	0
3300	-3	0	0
3301	-3	0	0
3302	-3	0	0
3303	-3	0	0
3304	-3	0	0
3305	-7	0	0
3306	-7	0	0
3307	-7	0	0
3308	-7	0	0
3309	-7	0	0
3310	-14	0	1
3311	-14	0	1
3312	-14	0	1
3313	-14	0	1
3314	-14	0	1
3315	-11	1	0
3316	-11	1	0
3317	-11	1	0
3318	-11	1	0
3319	-11	1	0
3320	-14	0	0
3321	-14	0	0
3322	-14	0	0
3323	-14	0	0
3324	-14	0	0
3325	-19	0	0
3326	-19	0	0
3327	-19	0	0
3328	-19	0	0
3329	-19	0	0
3330	-22	0	0
3331	-22	0	0
3332	-22	0	0
3333	-22	0	0
3334	-22	0	0
3335	-24	0	1
3336	-24	0	1
3337	-24	0	1
3338	-24	0	1
3339	-24	0	1
3340	-21	1	0
3341	-21	1	0
3342	-21	1	0
3343	-21	1	0
3344	-21	1	0
3345	-22	0	0
3346	-22	0	0
3347	-22	0	0
3348	-22	0	0
3349	-22	0	0
3350	-22	0	0
3351	-22	0	0
3352	-22	0	0
3353	-22	0	0
3354	-22	0	0
3355	-23	0	1
3356	-23	0	1
3357	-23	0	1
3358	-23	0	1
3359	-23	0	1
3360	-19	1	0
3361	-19	1	0
3362	-19	1	0
3363	-19	1	0
3364	-19	1	0
3365	-19	0	0
3366	-19	0	0
3367	-19	0	0
3368	-19	0	0
3369	-19	0	0
3370	-19	1	0
3371	-19	1	0
3372	-19	1	0
3373	-19	1	0
3374	-19	1	0
3375	-20	1	0
3376	-20	1	0
3377	-20	1	0
3378	-20	1	0
3379	-20	1	0
3380	-22	1	0
3381	-22	1	0
3382	-22	1	0
3383	-22	1	0
3384	-22	1	0
3385	-23	1	0
3386	-23	1	0
3387	-23	1	0
3388	-23	1	0
3389	-23	1	0
3390	-24	1	0
3391	-24	1	0
3392	-24	1	0
3393	-24	1	0
3394	-24	1	0
3395	-28	1	0
3396	-28	1	0
3397	-28	1	0
3398	-28	1	0
3399	-28	1	0
3400	-30	0	0
3401	-30	0	0
3402	-30	0	0
3403	-30	0	0
3404	-30	0	0
3405	-36	0	1
3406	-36	0	1
3407	-36	0	1
3408	-36	0	1
3409	-36	0	1
3410	-28	1	0
3411	-28	1	0
3412	-28	1	0
3413	-28	1	0
3414	-28	1	0
3415	-33	0	0
3416	-33	0	0
3417	-33	0	0
3418	-33	0	0
3419	-33	0	0
3420	-36	0	0
3421	-36	0	0
3422	-36	0	0
3423	-36	0	0
3424	-36	0	0
3425	-37	0	0
3426	-37	0	0
3427	-37	0	0
3428	-37	0	0
3429	-37	0	0
3430	-38	0	1
3431	-38	0	1
3432	-38	0	1
3433	-38	0	1
3434	-38	0	1
3435	-31	0	0
3436	-31	0	0
3437	-31	0	0
3438	-31	0	0
3439	-31	0	0
3440	-29	0	0
3441	-29	0	0
3442	-29	0	0
3443	-29	0	0
3444	-29	0	0
3445	-28	0	0
3446	-28	0	0
3447	-28	0	0
3448	-28	0	0
3449	-28	0	0
3450	-26	0	0
3451	-26	0	0
3452	-26	0	0
3453	-26	0	0
3454	-26	0	0
3455	-23	0	0
3456	-23	0	0
3457	-23	0	0
3458	-23	0	0
3459	-23	0	0
3460	-20	0	0
3461	-20	0	0
3462	-20	0	0
3463	-20	0	0
3464	-20	0	0
3465	-16	0	0
3466	-16	0	0
3467	-16	0	0
3468	-16	0	0
3469	-16	0	0
3470	-11	1	0
3471	-11	1	0
3472	-11	1	0
3473	-11	1	0
3474	-11	1	0
3475	-8	1	0
3476	-8	1	0
3477	-8	1	0
3478	-8	1	0
3479	-8	1	0
3480	-4	1	0
3481	-4	1	0
3482	-4	1	0
3483	-4	1	0
3484	-4	1	0
3485	2	1	0
3486	2	1	0
3487	2	1	0
3488	2	1	0
3489	2	1	0
3490	6	1	0
3491	6	1	0
3492	6	1	0
3493	6	1	0
3494	6	1	0
3495	9	1	0
3496	9	1	0
3497	9	1	0
3498	9	1	0
3499	9	1	0
3500	12	1	0
3501	12	1	0
3502	12	1	0
3503	12	1	0
3504	12	1	0
3505	14	1	0
3506	14	1	0
3507	14	1	0
3508	14	1	0
3509	14	1	0
3510	15	1	0
3511	15	1	0
3512	15	1	0
3513	15	1	0
3514	15	1	0
3515	16	1	0
3516	16	1	0
3517	16	1	0
3518	16	1	0
3519	16	1	0
3520	16	1	0
3521	16	1	0
3522	16	1	0
3523	16	1	0
3524	16	1	0
3525	16	1	0
3526	16	1	0
3527	16	1	0
3528	16	1	0
3529	16	1	0
3530	15	1	0
3531	15	1	0
3532	15	1	0
3533	15	1	0
3534	15	1	0
3535	13	1	0
3536	13	1	0
3537	13	1	0
3538	13	1	0
3539	13	1	0
3540	11	1	0
3541	11	1	0
3542	11	1	0
3543	11	1	0
3544	11	1	0
3545	6	1	0
3546	6	1	0
3547	6	1	0
3548	6	1	0
3549	6	1	0
3550	2	1	0
3551	2	1	0
3552	2	1	0
3553	2	1	0
3554	2	1	0
3555	-2	1	0
3556	-2	1	0
3557	-2	1	0
3558	-2	1	0
3559	-2	1	0
3560	-6	1	0
3561	-6	1	0
3562	-6	1	0
3563	-6	1	0
3564	-6	1	0
3565	-11	1	0
3566	-11	1	0
3567	-11	1	0
3568	-11	1	0
3569	-11	1	0
3570	-13	1	0
3571	-13	1	0
3572	-13	1	0
3573	-13	1	0
3574	-13	1	0
3575	-15	1	0
3576	-15	1	0
3577	-15	1	0
3578	-15	1	0
3579	-15	1	0
3580	-15	1	0
3581	-15	1	0
3582	-15	1	0
3583	-15	1	0
3584	-15	1	0
3585	-14	1	0
3586	-14	1	0
3587	-14	1	0
3588	-14	1	0
3589	-14	1	0
3590	-13	1	0
3591	-13	1	0
3592	-13	1	0
3593	-13	1	0
3594	-13	1	0
3595	-10	1	0
3596	-10	1	0
3597	-10	1	0
3598	-10	1	0
3599	-10	1	0
3600	-7	0	0
3601	-7	0	0
3602	-7	0	0
3603	-7	0	0
3604	-7	0	0
3605	-1	0	0
3606	-1	0	0
3607	-1	0	0
3608	-1	0	0
3609	-1	0	0
3610	3	0	0
3611	3	0	0
3612	3	0	0
3613	3	0	0
3614	3	0	0
3615	8	0	1
3616	8	0	1
3617	8	0	1
3618	8	0	1
3619	8	0	1
3620	9	0	0
3621	9	0	0
3622	9	0	0
3623	9	0	0
3624	9	0	0
3625	12	0	0
3626	12	0	0
3627	12	0	0
3628	12	0	0
3629	12	0	0
3630	13	0	0
3631	13	0	0
3632	13	0	0
3633	13	0	0
3634	13	0	0
3635	13	0	0
3636	13	0	0
3637	13	0	0
3638	13	0	0
3639	13	0	0
3640	13	0	1
3641	13	0	1
3642	13	0	1
3643	13	0	1
3644	13	0	1
3645	11	0	0
3646	11	0	0
3647	11	0	0
3648	11	0	0
3649	11	0	0
3650	8	0	0
3651	8	0	0
3652	8	0	0
3653	8	0	0
3654	8	0	0
3655	6	0	0
3656	6	0	0
3657	6	0	0
3658	6	0	0
3659	6	0	0
3660	2	0	0
3661	2	0	0
3662	2	0	0
3663	2	0	0
3664	2	0	0
3665	0	0	1
3666	0	0	1
3667	0	0	1
3668	0	0	1
3669	0	0	1
3670	-2	1	0
3671	-2	1	0
3672	-2	1	0
3673	-2	1	0
3674	-2	1	0
3675	-3	0	0
3676	-3	0	0
3677	-3	0	0
3678	-3	0	0
3679	-3	0	0
3680	-3	0	0
3681	-3	0	0
3682	-3	0	0
3683	-3	0	0
3684	-3	0	0
3685	2	0	1
3686	2	0	1
3687	2	0	1
3688	2	0	1
3689	2	0	1
3690	-1	1	0
3691	-1	1	0
3692	-1	1	0
3693	-1	1	0
3694	-1	1	0
3695	6	0	0
3696	6	0	0
3697	6	0	0
3698	6	0	0
3699	6	0	0
3700	11	0	0
3701	11	0	0
3702	11	0	0
3703	11	0	0
3704	11	0	0
3705	17	0	1
3706	17	0	1
3707	17	0	1
3708	17	0	1
3709	17	0	1
3710	11	0	0
3711	11	0	0
3712	11	0	0
3713	11	0	0
3714	11	0	0
3715	16	0	0
3716	16	0	0
3717	16	0	0
3718	16	0	0
3719	16	0	0
3720	22	0	0
3721	22	0	0
3722	22	0	0
3723	22	0	0
3724	22	0	0
3725	28	0	0
3726	28	0	0
3727	28	0	0
3728	28	0	0
3729	28	0	0
3730	34	0	0
3731	34	0	0
3732	34	0	0
3733	34	0	0
3734	34	0	0
3735	40	0	1
3736	40	0	1
3737	40	0	1
3738	40	0	1
3739	40	0	1
3740	35	0	0
3741	35	0	0
3742	35	0	0
3743	35	0	0
3744	35	0	0
3745	34	0	0
3746	34	0	0
3747	34	0	0
3748	34	0	0
3749	34	0	0
3750	35	0	0
3751	35	0	0
3752	35	0	0
3753	35	0	0
3754	35	0	0
3755	40	0	0
3756	40	0	0
3757	40	0	0
3758	40	0	0
3759	40	0	0
3760	45	0	1
3761	45	0	1
3762	45	0	1
3763	45	0	1
3764	45	0	1
3765	38	1	0
3766	38	1	0
3767	38	1	0
3768	38	1	0
3769	38	1	0
3770	45	0	0
3771	45	0	0
3772	45	0	0
3773	45	0	0
3774	45	0	0
3775	50	0	0
3776	50	0	0
3777	50	0	0
3778	50	0	0
3779	50	0	0
3780	56	0	0
3781	56	0	0
3782	56	0	0
3783	56	0	0
3784	56	0	0
3785	62	0	1
3786	62	0	1
3787	62	0	1
3788	62	0	1
3789	62	0	1
3790	52	1	0
3791	52	1	0
3792	52	1	0
3793	52	1	0
3794	52	1	0
3795	60	0	0
3796	60	0	0
3797	60	0	0
3798	60	0	0
3799	60	0	0
3800	68	0	0
3801	68	0	0
3802	68	0	0
3803	68	0	0
3804	68	0	0
3805	73	0	0
3806	73	0	0
3807	73	0	0
3808	73	0	0
3809	73	0	0
3810	78	0	0
3811	78	0	0
3812	78	0	0
3813	78	0	0
3814	78	0	0
3815	82	0	1
3816	82	0	1
3817	82	0	1
3818	82	0	1
3819	82	0	1
3820	66	1	0
3821	66	1	0
3822	66	1	0
3823	66	1	0
3824	66	1	0
3825	77	0	0
3826	77	0	0
3827	77	0	0
3828	77	0	0
3829	77	0	0
3830	82	0	0
3831	82	0	0
3832	82	0	0
3833	82	0	0
3834	82	0	0
3835	87	0	0
3836	87	0	0
3837	87	0	0
3838	87	0	0
3839	87	0	0
3840	87	0	0
3841	87	0	0
3842	87	0	0
3843	87	0	0
3844	87	0	0
3845	92	0	0
3846	92	0	0
3847	92	0	0
3848	92	0	0
3849	92	0	0
3850	89	0	0
3851	89	0	0
3852	89	0	0
3853	89	0	0
3854	89	0	0
3855	93	0	0
3856	93	0	0
3857	93	0	0
3858	93	0	0
3859	93	0	0
3860	88	0	0
3861	88	0	0
3862	88	0	0
3863	88	0	0
3864	88	0	0
3865	92	0	0
3866	92	0	0
3867	92	0	0
3868	92	0	0
3869	92	0	0
3870	96	0	0
3871	96	0	0
3872	96	0	0
3873	96	0	0
3874	96	0	0
3875	104	0	0
3876	104	0	0
3877	104	0	0
3878	104	0	0
3879	104	0	0
3880	114	1	0
3881	114	1	0
3882	114	1	0
3883	114	1	0
3884	114	1	0
3885	98	0	0
3886	98	0	0
3887	98	0	0
3888	98	0	0
3889	98	0	0
3890	105	0	0
3891	105	0	0
3892	105	0	0
3893	105	0	0
3894	105	0	0
3895	95	0	0
3896	95	0	0
3897	95	0	0
3898	95	0	0
3899	95	0	0
3900	96	0	0
3901	96	0	0
3902	96	0	0
3903	96	0	0
3904	96	0	0
3905	121	0	0
3906	121	0	0
3907	121	0	0
3908	121	0	0
3909	121	0	0
3910	108	1	0
3911	108	1	0
3912	108	1	0
3913	108	1	0
3914	108	1	0
3915	104	0	0
3916	104	0	0
3917	104	0	0
3918	104	0	0
3919	104	0	0
3920	96	0	0
3921	96	0	0
3922	96	0	0
3923	96	0	0
3924	96	0	0
3925	97	0	0
3926	97	0	0
3927	97	0	0
3928	97	0	0
3929	97	0	0
3930	99	0	0
3931	99	0	0
3932	99	0	0
3933	99	0	0
3934	99	0	0
3935	103	1	0
3936	103	1	0
3937	103	1	0
3938	103	1	0
3939	103	1	0
3940	105	0	0
3941	105	0	0
3942	105	0	0
3943	105	0	0
3944	105	0	0
3945	95	0	0
3946	95	0	0
3947	95	0	0
3948	95	0	0
3949	95	0	0
3950	97	0	0
3951	97	0	0
3952	97	0	0
3953	97	0	0
3954	97	0	0
3955	99	1	0
3956	99	1	0
3957	99	1	0
3958	99	1	0
3959	99	1	0
3960	102	0	0
3961	102	0	0
3962	102	0	0
3963	102	0	0
3964	102	0	0
3965	109	0	0
3966	109	0	0
3967	109	0	0
3968	109	0	0
3969	109	0	0
3970	93	1	0
3971	93	1	0
3972	93	1	0
3973	93	1	0
3974	93	1	0
3975	93	0	0
3976	93	0	0
3977	93	0	0
3978	93	0	0
3979	93	0	0
3980	98	0	0
3981	98	0	0
3982	98	0	0
3983	98	0	0
3984	98	0	0
3985	84	1	0
3986	84	1	0
3987	84	1	0
3988	84	1	0
3989	84	1	0
3990	97	1	0
3991	97	1	0
3992	97	1	0
3993	97	1	0
3994	97	1	0
3995	78	1	0
3996	78	1	0
3997	78	1	0
3998	78	1	0
3999	78	1	0
4000	75	1	0
4001	75	1	0
4002	75	1	0
4003	75	1	0
4004	75	1	0
4005	71	1	0
4006	71	1	0
4007	71	1	0
4008	71	1	0
4009	71	1	0
4010	64	1	0
4011	64	1	0
4012	64	1	0
4013	64	1	0
4014	64	1	0
4015	56	1	0
4016	56	1	0
4017	56	1	0
4018	56	1	0
4019	56	1	0
4020	38	1	0
4021	38	1	0
4022	38	1	0
4023	38	1	0
4024	38	1	0
4025	37	1	0
4026	37	1	0
4027	37	1	0
4028	37	1	0
4029	37	1	0
4030	28	1	0
4031	28	1	0
4032	28	1	0
4033	28	1	0
4034	28	1	0
4035	10	1	0
4036	10	1	0
4037	10	1	0
4038	10	1	0
4039	10	1	0
4040	0	1	0
4041	0	1	0
4042	0	1	0
4043	0	1	0
4044	0	1	0
4045	-15	1	0
4046	-15	1	0
4047	-15	1	0
4048	-15	1	0
4049	-15	1	0
4050	-26	1	0
4051	-26	1	0
4052	-26	1	0
4053	-26	1	0
4054	-26	1	0
4055	-40	1	0
4056	-40	1	0
4057	-40	1	0
4058	-40	1	0
4059	-40	1	0
4060	-49	1	0
4061	-49	1	0
4062	-49	1	0
4063	-49	1	0
4064	-49	1	0
4065	-56	1	0
4066	-56	1	0
4067	-56	1	0
4068	-56	1	0
4069	-56	1	0
4070	-60	1	0
4071	-60	1	0
4072	-60	1	0
4073	-60	1	0
4074	-60	1	0
4075	-62	1	0
4076	-62	1	0
4077	-62	1	0
4078	-62	1	0
4079	-62	1	0
4080	-60	1	0
4081	-60	1	0
4082	-60	1	0
4083	-60	1	0
4084	-60	1	0
4085	-57	1	0
4086	-57	1	0
4087	-57	1	0
4088	-57	1	0
4089	-57	1	0
4090	-50	1	0
4091	-50	1	0
4092	-50	1	0
4093	-50	1	0
4094	-50	1	0
4095	-45	1	0
4096	-45	1	0
4097	-45	1	0
4098	-45	1	0
4099	-45	1	0
4100	-39	0	0
4101	-39	0	0
4102	-39	0	0
4103	-39	0	0
4104	-39	0	0
4105	-33	1	0
4106	-33	1	0
4107	-33	1	0
4108	-33	1	0
4109	-33	1	0
4110	-28	1	0
4111	-28	1	0
4112	-28	1	0
4113	-28	1	0
4114	-28	1	0
4115	-24	1	0
4116	-24	1	0
4117	-24	1	0
4118	-24	1	0
4119	-24	1	0
4120	-21	1	0
4121	-21	1	0
4122	-21	1	0
4123	-21	1	0
4124	-21	1	0
4125	-18	1	0
4126	-18	1	0
4127	-18	1	0
4128	-18	1	0
4129	-18	1	0
4130	-12	1	0
4131	-12	1	0
4132	-12	1	0
4133	-12	1	0
4134	-12	1	0
4135	-6	0	0
4136	-6	0	0
4137	-6	0	0
4138	-6	0	0
4139	-6	0	0
4140	0	0	0
4141	0	0	0
4142	0	0	0
4143	0	0	0
4144	0	0	0
4145	7	0	0
4146	7	0	0
4147	7	0	0
4148	7	0	0
4149	7	0	0
4150	10	0	1
4151	10	0	1
4152	10	0	1
4153	10	0	1
4154	10	0	1
4155	13	1	0
4156	13	1	0
4157	13	1	0
4158	13	1	0
4159	13	1	0
4160	15	1	0
4161	15	1	0
4162	15	1	0
4163	15	1	0
4164	15	1	0
4165	17	1	0
4166	17	1	0
4167	17	1	0
4168	17	1	0
4169	17	1	0
4170	16	1	0
4171	16	1	0
4172	16	1	0
4173	16	1	0
4174	16	1	0
4175	14	1	0
4176	14	1	0
4177	14	1	0
4178	14	1	0
4179	14	1	0
4180	12	0	0
4181	12	0	0
4182	12	0	0
4183	12	0	0
4184	12	0	0
4185	5	0	0
4186	5	0	0
4187	5	0	0
4188	5	0	0
4189	5	0	0
4190	1	0	0
4191	1	0	0
4192	1	0	0
4193	1	0	0
4194	1	0	0
4195	-4	0	1
4196	-4	0	1
4197	-4	0	1
4198	-4	0	1
4199	-4	0	1
4200	-6	1	0
4201	-6	1	0
4202	-6	1	0
4203	-6	1	0
4204	-6	1	0
4205	-9	0	0
4206	-9	0	0
4207	-9	0	0
4208	-9	0	0
4209	-9	0	0
4210	-11	0	0
4211	-11	0	0
4212	-11	0	0
4213	-11	0	0
4214	-11	0	0
4215	-12	0	0
4216	-12	0	0
4217	-12	0	0
4218	-12	0	0
4219	-12	0	0
4220	-12	0	0
4221	-12	0	0
4222	-12	0	0
4223	-12	0	0
4224	-12	0	0
4225	-11	0	1
4226	-11	0	1
4227	-11	0	1
4228	-11	0	1
4229	-11	0	1
4230	-10	0	0
4231	-10	0	0
4232	-10	0	0
4233	-10	0	0
4234	-10	0	0
4235	-7	0	0
4236	-7	0	0
4237	-7	0	0
4238	-7	0	0
4239	-7	0	0
4240	-4	0	0
4241	-4	0	0
4242	-4	0	0
4243	-4	0	0
4244	-4	0	0
4245	1	0	0
4246	1	0	0
4247	1	0	0
4248	1	0	0
4249	1	0	0
4250	6	0	1
4251	6	0	1
4252	6	0	1
4253	6	0	1
4254	6	0	1
4255	7	1	0
4256	7	1	0
4257	7	1	0
4258	7	1	0
4259	7	1	0
4260	13	0	0
4261	13	0	0
4262	13	0	0
4263	13	0	0
4264	13	0	0
4265	19	0	0
4266	19	0	0
4267	19	0	0
4268	19	0	0
4269	19	0	0
4270	26	0	1
4271	26	0	1
4272	26	0	1
4273	26	0	1
4274	26	0	1
4275	20	0	0
4276	20	0	0
4277	20	0	0
4278	20	0	0
4279	20	0	0
4280	24	0	0
4281	24	0	0
4282	24	0	0
4283	24	0	0
4284	24	0	0
4285	31	0	0
4286	31	0	0
4287	31	0	0
4288	31	0	0
4289	31	0	0
4290	37	0	0
4291	37	0	0
4292	37	0	0
4293	37	0	0
4294	37	0	0
4295	39	0	0
4296	39	0	0
4297	39	0	0
4298	39	0	0
4299	39	0	0
4300	45	0	1
4301	45	0	1
4302	45	0	1
4303	45	0	1
4304	45	0	1
4305	39	0	0
4306	39	0	0
4307	39	0	0
4308	39	0	0
4309	39	0	0
4310	38	0	0
4311	38	0	0
4312	38	0	0
4313	38	0	0
4314	38	0	0
4315	43	0	0
4316	43	0	0
4317	43	0	0
4318	43	0	0
4319	43	0	0
4320	48	0	0
4321	48	0	0
4322	48	0	0
4323	48	0	0
4324	48	0	0
4325	51	0	0
4326	51	0	0
4327	51	0	0
4328	51	0	0
4329	51	0	0
4330	56	0	0
4331	56	0	0
4332	56	0	0
4333	56	0	0
4334	56	0	0
4335	60	0	0
4336	60	0	0
4337	60	0	0
4338	60	0	0
4339	60	0	0
4340	64	0	0
4341	64	0	0
4342	64	0	0
4343	64	0	0
4344	64	0	0
4345	68	0	0
4346	68	0	0
4347	68	0	0
4348	68	0	0
4349	68	0	0
4350	72	0	1
4351	72	0	1
4352	72	0	1
4353	72	0	1
4354	72	0	1
4355	60	1	0
4356	60	1	0
4357	60	1	0
4358	60	1	0
4359	60	1	0
4360	67	0	0
4361	67	0	0
4362	67	0	0
4363	67	0	0
4364	67	0	0
4365	71	0	0
4366	71	0	0
4367	71	0	0
4368	71	0	0
4369	71	0	0
4370	76	0	0
4371	76	0	0
4372	76	0	0
4373	76	0	0
4374	76	0	0
4375	76	0	0
4376	76	0	0
4377	76	0	0
4378	76	0	0
4379	76	0	0
4380	75	0	0
4381	75	0	0
4382	75	0	0
4383	75	0	0
4384	75	0	0
4385	79	0	0
4386	79	0	0
4387	79	0	0
4388	79	0	0
4389	79	0	0
4390	77	0	0
4391	77	0	0
4392	77	0	0
4393	77	0	0
4394	77	0	0
4395	90	0	0
4396	90	0	0
4397	90	0	0
4398	90	0	0
4399	90	0	0
4400	85	0	0
4401	85	0	0
4402	85	0	0
4403	85	0	0
4404	85	0	0
4405	90	1	0
4406	90	1	0
4407	90	1	0
4408	90	1	0
4409	90	1	0
4410	88	0	0
4411	88	0	0
4412	88	0	0
4413	88	0	0
4414	88	0	0
4415	96	0	0
4416	96	0	0
4417	96	0	0
4418	96	0	0
4419	96	0	0
4420	90	0	0
4421	90	0	0
4422	90	0	0
4423	90	0	0
4424	90	0	0
4425	93	0	0
4426	93	0	0
4427	93	0	0
4428	93	0	0
4429	93	0	0
4430	85	0	0
4431	85	0	0
4432	85	0	0
4433	85	0	0
4434	85	0	0
4435	78	1	0
4436	78	1	0
4437	78	1	0
4438	78	1	0
4439	78	1	0
4440	95	0	0
4441	95	0	0
4442	95	0	0
4443	95	0	0
4444	95	0	0
4445	90	0	0
4446	90	0	0
4447	90	0	0
4448	90	0	0
4449	90	0	0
4450	94	0	0
4451	94	0	0
4452	94	0	0
4453	94	0	0
4454	94	0	0
4455	84	0	0
4456	84	0	0
4457	84	0	0
4458	84	0	0
4459	84	0	0
4460	87	1	0
4461	87	1	0
4462	87	1	0
4463	87	1	0
4464	87	1	0
4465	77	0	0
4466	77	0	0
4467	77	0	0
4468	77	0	0
4469	77	0	0
4470	70	1	0
4471	70	1	0
4472	70	1	0
4473	70	1	0
4474	70	1	0
4475	83	0	0
4476	83	0	0
4477	83	0	0
4478	83	0	0
4479	83	0	0
4480	63	1	0
4481	63	1	0
4482	63	1	0
4483	63	1	0
4484	63	1	0
4485	70	0	0
4486	70	0	0
4487	70	0	0
4488	70	0	0
4489	70	0	0
4490	60	1	0
4491	60	1	0
4492	60	1	0
4493	60	1	0
4494	60	1	0
4495	52	1	0
4496	52	1	0
4497	52	1	0
4498	52	1	0
4499	52	1	0
4500	35	1	0
4501	35	1	0
4502	35	1	0
4503	35	1	0
4504	35	1	0
4505	20	1	0
4506	20	1	0
4507	20	1	0
4508	20	1	0
4509	20	1	0
4510	11	1	0
4511	11	1	0
4512	11	1	0
4513	11	1	0
4514	11	1	0
4515	-2	1	0
4516	-2	1	0
4517	-2	1	0
4518	-2	1	0
4519	-2	1	0
4520	-12	1	0
4521	-12	1	0
4522	-12	1	0
4523	-12	1	0
4524	-12	1	0
4525	-24	1	0
4526	-24	1	0
4527	-24	1	0
4528	-24	1	0
4529	-24	1	0
4530	-32	1	0
4531	-32	1	0
4532	-32	1	0
4533	-32	1	0
4534	-32	1	0
4535	-39	1	0
4536	-39	1	0
4537	-39	1	0
4538	-39	1	0
4539	-39	1	0
4540	-47	0	0
4541	-47	0	0
4542	-47	0	0
4543	-47	0	0
4544	-47	0	0
4545	-51	0	0
4546	-51	0	0
4547	-51	0	0
4548	-51	0	0
4549	-51	0	0
4550	-55	0	1
4551	-55	0	1
4552	-55	0	1
4553	-55	0	1
4554	-55	0	1
4555	-47	0	0
4556	-47	0	0
4557	-47	0	0
4558	-47	0	0
4559	-47	0	0
4560	-45	0	0
4561	-45	0	0
4562	-45	0	0
4563	-45	0	0
4564	-45	0	0
4565	-45	0	0
4566	-45	0	0
4567	-45	0	0
4568	-45	0	0
4569	-45	0	0
4570	-45	0	0
4571	-45	0	0
4572	-45	0	0
4573	-45	0	0
4574	-45	0	0
4575	-45	0	0
4576	-45	0	0
4577	-45	0	0
4578	-45	0	0
4579	-45	0	0
4580	-46	0	1
4581	-46	0	1
4582	-46	0	1
4583	-46	0	1
4584	-46	0	1
4585	-38	0	0
4586	-38	0	0
4587	-38	0	0
4588	-38	0	0
4589	-38	0	0
4590	-35	0	0
4591	-35	0	0
4592	-35	0	0
4593	-35	0	0
4594	-35	0	0
4595	-36	0	0
4596	-36	0	0
4597	-36	0	0
4598	-36	0	0
4599	-36	0	0
4600	-39	0	0
4601	-39	0	0
4602	-39	0	0
4603	-39	0	0
4604	-39	0	0
4605	-42	0	1
4606	-42	0	1
4607	-42	0	1
4608	-42	0	1
4609	-42	0	1
4610	-32	1	0
4611	-32	1	0
4612	-32	1	0
4613	-32	1	0
4614	-32	1	0
4615	-36	0	0
4616	-36	0	0
4617	-36	0	0
4618	-36	0	0
4619	-36	0	0
4620	-41	0	0
4621	-41	0	0
4622	-41	0	0
4623	-41	0	0
4624	-41	0	0
4625	-46	0	1
4626	-46	0	1
4627	-46	0	1
4628	-46	0	1
4629	-46	0	1
4630	-39	1	0
4631	-39	1	0
4632	-39	1	0
4633	-39	1	0
4634	-39	1	0
4635	-44	0	0
4636	-44	0	0
4637	-44	0	0
4638	-44	0	0
4639	-44	0	0
4640	-51	0	0
4641	-51	0	0
4642	-51	0	0
4643	-51	0	0
4644	-51	0	0
4645	-57	0	1
4646	-57	0	1
4647	-57	0	1
4648	-57	0	1
4649	-57	0	1
4650	-48	1	0
4651	-48	1	0
4652	-48	1	0
4653	-48	1	0
4654	-48	1	0
4655	-56	0	0
4656	-56	0	0
4657	-56	0	0
4658	-56	0	0
4659	-56	0	0
4660	-63	0	0
4661	-63	0	0
4662	-63	0	0
4663	-63	0	0
4664	-63	0	0
4665	-66	0	0
4666	-66	0	0
4667	-66	0	0
4668	-66	0	0
4669	-66	0	0
4670	-70	0	0
4671	-70	0	0
4672	-70	0	0
4673	-70	0	0
4674	-70	0	0
4675	-75	0	0
4676	-75	0	0
4677	-75	0	0
4678	-75	0	0
4679	-75	0	0
4680	-76	0	0
4681	-76	0	0
4682	-76	0	0
4683	-76	0	0
4684	-76	0	0
4685	-81	0	0
4686	-81	0	0
4687	-81	0	0
4688	-81	0	0
4689	-81	0	0
4690	-79	0	0
4691	-79	0	0
4692	-79	0	0
4693	-79	0	0
4694	-79	0	0
4695	-77	0	0
4696	-77	0	0
4697	-77	0	0
4698	-77	0	0
4699	-77	0	0
4700	-80	0	0
4701	-80	0	0
4702	-80	0	0
4703	-80	0	0
4704	-80	0	0
4705	-76	0	0
4706	-76	0	0
4707	-76	0	0
4708	-76	0	0
4709	-76	0	0
4710	-79	1	0
4711	-79	1	0
4712	-79	1	0
4713	-79	1	0
4714	-79	1	0
4715	-75	0	0
4716	-75	0	0
4717	-75	0	0
4718	-75	0	0
4719	-75	0	0
4720	-71	0	0
4721	-71	0	0
4722	-71	0	0
4723	-71	0	0
4724	-71	0	0
4725	-74	0	0
4726	-74	0	0
4727	-74	0	0
4728	-74	0	0
4729	-74	0	0
4730	-77	1	0
4731	-77	1	0
4732	-77	1	0
4733	-77	1	0
4734	-77	1	0
4735	-78	0	0
4736	-78	0	0
4737	-78	0	0
4738	-78	0	0
4739	-78	0	0
4740	-70	1	0
4741	-70	1	0
4742	-70	1	0
4743	-70	1	0
4744	-70	1	0
4745	-55	1	0
4746	-55	1	0
4747	-55	1	0
4748	-55	1	0
4749	-55	1	0
4750	-61	1	0
4751	-61	1	0
4752	-61	1	0
4753	-61	1	0
4754	-61	1	0
4755	-42	1	0
4756	-42	1	0
4757	-42	1	0
4758	-42	1	0
4759	-42	1	0
4760	-32	1	0
4761	-32	1	0
4762	-32	1	0
4763	-32	1	0
4764	-32	1	0
4765	-11	1	0
4766	-11	1	0
4767	-11	1	0
4768	-11	1	0
4769	-11	1	0
4770	2	1	0
4771	2	1	0
4772	2	1	0
4773	2	1	0
4774	2	1	0
4775	22	1	0
4776	22	1	0
4777	22	1	0
4778	22	1	0
4779	22	1	0
4780	36	1	0
4781	36	1	0
4782	36	1	0
4783	36	1	0
4784	36	1	0
4785	52	0	0
4786	52	0	0
4787	52	0	0
4788	52	0	0
4789	52	0	0
4790	61	0	1
4791	61	0	1
4792	61	0	1
4793	61	0	1
4794	61	0	1
4795	56	0	0
4796	56	0	0
4797	56	0	0
4798	56	0	0
4799	56	0	0
4800	55	0	0
4801	55	0	0
4802	55	0	0
4803	55	0	0
4804	55	0	0
4805	56	0	0
4806	56	0	0
4807	56	0	0
4808	56	0	0
4809	56	0	0
4810	56	0	0
4811	56	0	0
4812	56	0	0
4813	56	0	0
4814	56	0	0
4815	55	0	0
4816	55	0	0
4817	55	0	0
4818	55	0	0
4819	55	0	0
4820	54	0	0
4821	54	0	0
4822	54	0	0
4823	54	0	0
4824	54	0	0
4825	52	0	0
4826	52	0	0
4827	52	0	0
4828	52	0	0
4829	52	0	0
4830	51	1	0
4831	51	1	0
4832	51	1	0
4833	51	1	0
4834	51	1	0
4835	53	0	0
4836	53	0	0
4837	53	0	0
4838	53	0	0
4839	53	0	0
4840	53	0	0
4841	53	0	0
4842	53	0	0
4843	53	0	0
4844	53	0	0
4845	51	0	0
4846	51	0	0
4847	51	0	0
4848	51	0	0
4849	51	0	0
4850	49	0	0
4851	49	0	0
4852	49	0	0
4853	49	0	0
4854	49	0	0
4855	47	0	0
4856	47	0	0
4857	47	0	0
4858	47	0	0
4859	47	0	0
4860	45	0	0
4861	45	0	0
4862	45	0	0
4863	45	0	0
4864	45	0	0
4865	42	0	0
4866	42	0	0
4867	42	0	0
4868	42	0	0
4869	42	0	0
4870	39	0	0
4871	39	0	0
4872	39	0	0
4873	39	0	0
4874	39	0	0
4875	37	0	0
4876	37	0	0
4877	37	0	0
4878	37	0	0
4879	37	0	0
4880	34	0	0
4881	34	0	0
4882	34	0	0
4883	34	0	0
4884	34	0	0
4885	30	0	0
4886	30	0	0
4887	30	0	0
4888	30	0	0
4889	30	0	0
4890	27	0	0
4891	27	0	0
4892	27	0	0
4893	27	0	0
4894	27	0	0
4895	24	0	0
4896	24	0	0
4897	24	0	0
4898	24	0	0
4899	24	0	0
4900	21	1	0
4901	21	1	0
4902	21	1	0
4903	21	1	0
4904	21	1	0
4905	20	1	0
4906	20	1	0
4907	20	1	0
4908	20	1	0
4909	20	1	0
4910	17	1	0
4911	17	1	0
4912	17	1	0
4913	17	1	0
4914	17	1	0
4915	15	1	0
4916	15	1	0
4917	15	1	0
4918	15	1	0
4919	15	1	0
4920	12	1	0
4921	12	1	0
4922	12	1	0
4923	12	1	0
4924	12	1	0
4925	10	1	0
4926	10	1	0
4927	10	1	0
4928	10	1	0
4929	10	1	0
4930	7	1	0
4931	7	1	0
4932	7	1	0
4933	7	1	0
4934	7	1	0
4935	3	1	0
4936	3	1	0
4937	3	1	0
4938	3	1	0
4939	3	1	0
4940	1	1	0
4941	1	1	0
4942	1	1	0
4943	1	1	0
4944	1	1	0
4945	-1	1	0
4946	-1	1	0
4947	-1	1	0
4948	-1	1	0
4949	-1	1	0
4950	-3	1	0
4951	-3	1	0
4952	-3	1	0
4953	-3	1	0
4954	-3	1	0
4955	-4	1	0
4956	-4	1	0
4957	-4	1	0
4958	-4	1	0
4959	-4	1	0
4960	-5	1	0
4961	-5	1	0
4962	-5	1	0
4963	-5	1	0
4964	-5	1	0
4965	-6	1	0
4966	-6	1	0
4967	-6	1	0
4968	-6	1	0
4969	-6	1	0
4970	-5	1	0
4971	-5	1	0
4972	-5	1	0
4973	-5	1	0
4974	-5	1	0
4975	-4	1	0
4976	-4	1	0
4977	-4	1	0
4978	-4	1	0
4979	-4	1	0
4980	-2	1	0
4981	-2	1	0
4982	-2	1	0
4983	-2	1	0
4984	-2	1	0
4985	1	1	0
4986	1	1	0
4987	1	1	0
4988	1	1	0
4989	1	1	0
4990	5	1	0
4991	5	1	0
4992	5	1	0
4993	5	1	0
4994	5	1	0
4995	8	1	0
4996	8	1	0
4997	8	1	0
4998	8	1	0
4999	8	1	0
5000	12	1	0
5001	12	1	0
5002	12	1	0
5003	12	1	0
5004	12	1	0
5005	17	0	0
5006	17	0	0
5007	17	0	0
5008	17	0	0
5009	17	0	0
5010	21	0	0
5011	21	0	0
5012	21	0	0
5013	21	0	0
5014	21	0	0
5015	23	0	1
5016	23	0	1
5017	23	0	1
5018	23	0	1
5019	23	0	1
5020	21	0	0
5021	21	0	0
5022	21	0	0
5023	21	0	0
5024	21	0	0
5025	21	0	0
5026	21	0	0
5027	21	0	0
5028	21	0	0
5029	21	0	0
5030	23	0	0
5031	23	0	0
5032	23	0	0
5033	23	0	0
5034	23	0	0
5035	24	0	0
5036	24	0	0
5037	24	0	0
5038	24	0	0
5039	24	0	0
5040	24	0	1
5041	24	0	1
5042	24	0	1
5043	24	0	1
5044	24	0	1
5045	21	0	0
5046	21	0	0
5047	21	0	0
5048	21	0	0
5049	21	0	0
5050	19	0	0
5051	19	0	0
5052	19	0	0
5053	19	0	0
5054	19	0	0
5055	18	0	0
5056	18	0	0
5057	18	0	0
5058	18	0	0
5059	18	0	0
5060	19	0	0
5061	19	0	0
5062	19	0	0
5063	19	0	0
5064	19	0	0
5065	19	0	1
5066	19	0	1
5067	19	0	1
5068	19	0	1
5069	19	0	1
5070	16	1	0
5071	16	1	0
5072	16	1	0
5073	16	1	0
5074	16	1	0
5075	15	1	0
5076	15	1	0
5077	15	1	0
5078	15	1	0
5079	15	1	0
5080	16	0	0
5081	16	0	0
5082	16	0	0
5083	16	0	0
5084	16	0	0
5085	16	0	0
5086	16	0	0
5087	16	0	0
5088	16	0	0
5089	16	0	0
5090	19	0	0
5091	19	0	0
5092	19	0	0
5093	19	0	0
5094	19	0	0
5095	21	0	1
5096	21	0	1
5097	21	0	1
5098	21	0	1
5099	21	0	1
5100	18	0	0
5101	18	0	0
5102	18	0	0
5103	18	0	0
5104	18	0	0
5105	19	0	0
5106	19	0	0
5107	19	0	0
5108	19	0	0
5109	19	0	0
5110	22	0	0
5111	22	0	0
5112	22	0	0
5113	22	0	0
5114	22	0	0
5115	26	0	0
5116	26	0	0
5117	26	0	0
5118	26	0	0
5119	26	0	0
5120	31	0	0
5121	31	0	0
5122	31	0	0
5123	31	0	0
5124	31	0	0
5125	37	0	1
5126	37	0	1
5127	37	0	1
5128	37	0	1
5129	37	0	1
5130	27	0	0
5131	27	0	0
5132	27	0	0
5133	27	0	0
5134	27	0	0
5135	31	0	0
5136	31	0	0
5137	31	0	0
5138	31	0	0
5139	31	0	0
5140	37	0	0
5141	37	0	0
5142	37	0	0
5143	37	0	0
5144	37	0	0
5145	43	0	0
5146	43	0	0
5147	43	0	0
5148	43	0	0
5149	43	0	0
5150	50	0	1
5151	50	0	1
5152	50	0	1
5153	50	0	1
5154	50	0	1
5155	39	1	0
5156	39	1	0
5157	39	1	0
5158	39	1	0
5159	39	1	0
5160	47	0	0
5161	47	0	0
5162	47	0	0
5163	47	0	0
5164	47	0	0
5165	55	0	1
5166	55	0	1
5167	55	0	1
5168	55	0	1
5169	55	0	1
5170	47	0	0
5171	47	0	0
5172	47	0	0
5173	47	0	0
5174	47	0	0
5175	41	1	0
5176	41	1	0
5177	41	1	0
5178	41	1	0
5179	41	1	0
5180	59	0	1
5181	59	0	1
5182	59	0	1
5183	59	0	1
5184	59	0	1
5185	52	0	0
5186	52	0	0
5187	52	0	0
5188	52	0	0
5189	52	0	0
5190	52	1	0
5191	52	1	0
5192	52	1	0
5193	52	1	0
5194	52	1	0
5195	67	0	0
5196	67	0	0
5197	67	0	0
5198	67	0	0
5199	67	0	0
5200	75	0	1
5201	75	0	1
5202	75	0	1
5203	75	0	1
5204	75	0	1
5205	63	1	0
5206	63	1	0
5207	63	1	0
5208	63	1	0
5209	63	1	0
5210	70	0	0
5211	70	0	0
5212	70	0	0
5213	70	0	0
5214	70	0	0
5215	74	0	0
5216	74	0	0
5217	74	0	0
5218	74	0	0
5219	74	0	0
5220	79	0	0
5221	79	0	0
5222	79	0	0
5223	79	0	0
5224	79	0	0
5225	84	0	0
5226	84	0	0
5227	84	0	0
5228	84	0	0
5229	84	0	0
5230	90	0	0
5231	90	0	0
5232	90	0	0
5233	90	0	0
5234	90	0	0
5235	87	0	0
5236	87	0	0
5237	87	0	0
5238	87	0	0
5239	87	0	0
5240	92	0	0
5241	92	0	0
5242	92	0	0
5243	92	0	0
5244	92	0	0
5245	86	0	0
5246	86	0	0
5247	86	0	0
5248	86	0	0
5249	86	0	0
5250	91	0	0
5251	91	0	0
5252	91	0	0
5253	91	0	0
5254	91	0	0
5255	84	1	0
5256	84	1	0
5257	84	1	0
5258	84	1	0
5259	84	1	0
5260	106	0	0
5261	106	0	0
5262	106	0	0
5263	106	0	0
5264	106	0	0
5265	103	0	0
5266	103	0	0
5267	103	0	0
5268	103	0	0
5269	103	0	0
5270	107	0	0
5271	107	0	0
5272	107	0	0
5273	107	0	0
5274	107	0	0
5275	98	0	0
5276	98	0	0
5277	98	0	0
5278	98	0	0
5279	98	0	0
5280	101	0	0
5281	101	0	0
5282	101	0	0
5283	101	0	0
5284	101	0	0
5285	91	0	0
5286	91	0	0
5287	91	0	0
5288	91	0	0
5289	91	0	0
5290	93	0	0
5291	93	0	0
5292	93	0	0
5293	93	0	0
5294	93	0	0
5295	84	0	0
5296	84	0	0
5297	84	0	0
5298	84	0	0
5299	84	0	0
5300	86	1	0
5301	86	1	0
5302	86	1	0
5303	86	1	0
5304	86	1	0
5305	108	0	0
5306	108	0	0
5307	108	0	0
5308	108	0	0
5309	108	0	0
5310	102	0	0
5311	102	0	0
5312	102	0	0
5313	102	0	0
5314	102	0	0
5315	105	0	0
5316	105	0	0
5317	105	0	0
5318	105	0	0
5319	105	0	0
5320	94	0	0
5321	94	0	0
5322	94	0	0
5323	94	0	0
5324	94	0	0
5325	96	0	0
5326	96	0	0
5327	96	0	0
5328	96	0	0
5329	96	0	0
5330	85	0	0
5331	85	0	0
5332	85	0	0
5333	85	0	0
5334	85	0	0
5335	87	0	0
5336	87	0	0
5337	87	0	0
5338	87	0	0
5339	87	0	0
5340	107	1	0
5341	107	1	0
5342	107	1	0
5343	107	1	0
5344	107	1	0
5345	95	0	0
5346	95	0	0
5347	95	0	0
5348	95	0	0
5349	95	0	0
5350	102	0	0
5351	102	0	0
5352	102	0	0
5353	102	0	0
5354	102	0	0
5355	90	0	0
5356	90	0	0
5357	90	0	0
5358	90	0	0
5359	90	0	0
5360	92	0	0
5361	92	0	0
5362	92	0	0
5363	92	0	0
5364	92	0	0
5365	94	0	0
5366	94	0	0
5367	94	0	0
5368	94	0	0
5369	94	0	0
5370	82	1	0
5371	82	1	0
5372	82	1	0
5373	82	1	0
5374	82	1	0
5375	101	0	0
5376	101	0	0
5377	101	0	0
5378	101	0	0
5379	101	0	0
5380	94	0	0
5381	94	0	0
5382	94	0	0
5383	94	0	0
5384	94	0	0
5385	96	0	0
5386	96	0	0
5387	96	0	0
5388	96	0	0
5389	96	0	0
5390	98	0	0
5391	98	0	0
5392	98	0	0
5393	98	0	0
5394	98	0	0
5395	85	1	0
5396	85	1	0
5397	85	1	0
5398	85	1	0
5399	85	1	0
5400	89	0	0
5401	89	0	0
5402	89	0	0
5403	89	0	0
5404	89	0	0
5405	82	0	0
5406	82	0	0
5407	82	0	0
5408	82	0	0
5409	82	0	0
5410	83	0	0
5411	83	0	0
5412	83	0	0
5413	83	0	0
5414	83	0	0
5415	86	1	0
5416	86	1	0
5417	86	1	0
5418	86	1	0
5419	86	1	0
5420	87	0	0
5421	87	0	0
5422	87	0	0
5423	87	0	0
5424	87	0	0
5425	93	0	0
5426	93	0	0
5427	93	0	0
5428	93	0	0
5429	93	0	0
5430	80	1	0
5431	80	1	0
5432	80	1	0
5433	80	1	0
5434	80	1	0
5435	94	0	0
5436	94	0	0
5437	94	0	0
5438	94	0	0
5439	94	0	0
5440	81	1	0
5441	81	1	0
5442	81	1	0
5443	81	1	0
5444	81	1	0
5445	62	1	0
5446	62	1	0
5447	62	1	0
5448	62	1	0
5449	62	1	0
5450	70	1	0
5451	70	1	0
5452	70	1	0
5453	70	1	0
5454	70	1	0
5455	51	1	0
5456	51	1	0
5457	51	1	0
5458	51	1	0
5459	51	1	0
5460	42	1	0
5461	42	1	0
5462	42	1	0
5463	42	1	0
5464	42	1	0
5465	43	1	0
5466	43	1	0
5467	43	1	0
5468	43	1	0
5469	43	1	0
5470	24	1	0
5471	24	1	0
5472	24	1	0
5473	24	1	0
5474	24	1	0
5475	13	1	0
5476	13	1	0
5477	13	1	0
5478	13	1	0
5479	13	1	0
5480	-3	1	0
5481	-3	1	0
5482	-3	1	0
5483	-3	1	0
5484	-3	1	0
5485	-14	1	0
5486	-14	1	0
5487	-14	1	0
5488	-14	1	0
5489	-14	1	0
5490	-27	1	0
5491	-27	1	0
5492	-27	1	0
5493	-27	1	0
5494	-27	1	0
5495	-35	1	0
5496	-35	1	0
5497	-35	1	0
5498	-35	1	0
5499	-35	1	0
5500	-42	1	0
5501	-42	1	0
5502	-42	1	0
5503	-42	1	0
5504	-42	1	0
5505	-45	1	0
5506	-45	1	0
5507	-45	1	0
5508	-45	1	0
5509	-45	1	0
5510	-46	1	0
5511	-46	1	0
5512	-46	1	0
5513	-46	1	0
5514	-46	1	0
5515	-43	1	0
5516	-43	1	0
5517	-43	1	0
5518	-43	1	0
5519	-43	1	0
5520	-40	1	0
5521	-40	1	0
5522	-40	1	0
5523	-40	1	0
5524	-40	1	0
5525	-34	1	0
5526	-34	1	0
5527	-34	1	0
5528	-34	1	0
5529	-34	1	0
5530	-30	0	0
5531	-30	0	0
5532	-30	0	0
5533	-30	0	0
5534	-30	0	0
5535	-25	0	0
5536	-25	0	0
5537	-25	0	0
5538	-25	0	0
5539	-25	0	0
5540	-19	0	0
5541	-19	0	0
5542	-19	0	0
5543	-19	0	0
5544	-19	0	0
5545	-12	0	1
5546	-12	0	1
5547	-12	0	1
5548	-12	0	1
5549	-12	0	1
5550	-6	0	0
5551	-6	0	0
5552	-6	0	0
5553	-6	0	0
5554	-6	0	0
5555	-2	1	0
5556	-2	1	0
5557	-2	1	0
5558	-2	1	0
5559	-2	1	0
5560	1	0	0
5561	1	0	0
5562	1	0	0
5563	1	0	0
5564	1	0	0
5565	2	0	0
5566	2	0	0
5567	2	0	0
5568	2	0	0
5569	2	0	0
5570	2	0	1
5571	2	0	1
5572	2	0	1
5573	2	0	1
5574	2	0	1
5575	3	0	0
5576	3	0	0
5577	3	0	0
5578	3	0	0
5579	3	0	0
5580	3	0	0
5581	3	0	0
5582	3	0	0
5583	3	0	0
5584	3	0	0
5585	1	0	0
5586	1	0	0
5587	1	0	0
5588	1	0	0
5589	1	0	0
5590	-4	0	0
5591	-4	0	0
5592	-4	0	0
5593	-4	0	0
5594	-4	0	0
5595	-11	0	0
5596	-11	0	0
5597	-11	0	0
5598	-11	0	0
5599	-11	0	0
5600	-19	0	1
5601	-19	0	1
5602	-19	0	1
5603	-19	0	1
5604	-19	0	1
5605	-18	0	0
5606	-18	0	0
5607	-18	0	0
5608	-18	0	0
5609	-18	0	0
5610	-25	0	0
5611	-25	0	0
5612	-25	0	0
5613	-25	0	0
5614	-25	0	0
5615	-34	0	0
5616	-34	0	0
5617	-34	0	0
5618	-34	0	0
5619	-34	0	0
5620	-44	0	1
5621	-44	0	1
5622	-44	0	1
5623	-44	0	1
5624	-44	0	1
5625	-33	0	0
5626	-33	0	0
5627	-33	0	0
5628	-33	0	0
5629	-33	0	0
5630	-32	1	0
5631	-32	1	0
5632	-32	1	0
5633	-32	1	0
5634	-32	1	0
5635	-53	0	0
5636	-53	0	0
5637	-53	0	0
5638	-53	0	0
5639	-53	0	0
5640	-64	0	1
5641	-64	0	1
5642	-64	0	1
5643	-64	0	1
5644	-64	0	1
5645	-55	0	0
5646	-55	0	0
5647	-55	0	0
5648	-55	0	0
5649	-55	0	0
5650	-51	0	0
5651	-51	0	0
5652	-51	0	0
5653	-51	0	0
5654	-51	0	0
5655	-58	0	0
5656	-58	0	0
5657	-58	0	0
5658	-58	0	0
5659	-58	0	0
5660	-65	0	0
5661	-65	0	0
5662	-65	0	0
5663	-65	0	0
5664	-65	0	0
5665	-70	0	0
5666	-70	0	0
5667	-70	0	0
5668	-70	0	0
5669	-70	0	0
5670	-75	0	0
5671	-75	0	0
5672	-75	0	0
5673	-75	0	0
5674	-75	0	0
5675	-78	0	1
5676	-78	0	1
5677	-78	0	1
5678	-78	0	1
5679	-78	0	1
5680	-65	1	0
5681	-65	1	0
5682	-65	1	0
5683	-65	1	0
5684	-65	1	0
5685	-72	0	0
5686	-72	0	0
5687	-72	0	0
5688	-72	0	0
5689	-72	0	0
5690	-81	0	0
5691	-81	0	0
5692	-81	0	0
5693	-81	0	0
5694	-81	0	0
5695	-80	0	0
5696	-80	0	0
5697	-80	0	0
5698	-80	0	0
5699	-80	0	0
5700	-86	0	0
5701	-86	0	0
5702	-86	0	0
5703	-86	0	0
5704	-86	0	0
5705	-82	0	0
5706	-82	0	0
5707	-82	0	0
5708	-82	0	0
5709	-82	0	0
5710	-86	1	0
5711	-86	1	0
5712	-86	1	0
5713	-86	1	0
5714	-86	1	0
5715	-98	0	0
5716	-98	0	0
5717	-98	0	0
5718	-98	0	0
5719	-98	0	0
5720	-109	0	0
5721	-109	0	0
5722	-109	0	0
5723	-109	0	0
5724	-109	0	0
5725	-100	0	0
5726	-100	0	0
5727	-100	0	0
5728	-100	0	0
5729	-100	0	0
5730	-104	0	0
5731	-104	0	0
5732	-104	0	0
5733	-104	0	0
5734	-104	0	0
5735	-94	0	0
5736	-94	0	0
5737	-94	0	0
5738	-94	0	0
5739	-94	0	0
5740	-97	0	0
5741	-97	0	0
5742	-97	0	0
5743	-97	0	0
5744	-97	0	0
5745	-87	1	0
5746	-87	1	0
5747	-87	1	0
5748	-87	1	0
5749	-87	1	0
5750	-108	0	0
5751	-108	0	0
5752	-108	0	0
5753	-108	0	0
5754	-108	0	0
5755	-102	0	0
5756	-102	0	0
5757	-102	0	0
5758	-102	0	0
5759	-102	0	0
5760	-106	0	0
5761	-106	0	0
5762	-106	0	0
5763	-106	0	0
5764	-106	0	0
5765	-94	0	0
5766	-94	0	0
5767	-94	0	0
5768	-94	0	0
5769	-94	0	0
5770	-97	0	0
5771	-97	0	0
5772	-97	0	0
5773	-97	0	0
5774	-97	0	0
5775	-99	0	0
5776	-99	0	0
5777	-99	0	0
5778	-99	0	0
5779	-99	0	0
5780	-87	1	0
5781	-87	1	0
5782	-87	1	0
5783	-87	1	0
5784	-87	1	0
5785	-108	0	0
5786	-108	0	0
5787	-108	0	0
5788	-108	0	0
5789	-108	0	0
5790	-101	0	0
5791	-101	0	0
5792	-101	0	0
5793	-101	0	0
5794	-101	0	0
5795	-104	0	0
5796	-104	0	0
5797	-104	0	0
5798	-104	0	0
5799	-104	0	0
5800	-92	0	0
5801	-92	0	0
5802	-92	0	0
5803	-92	0	0
5804	-92	0	0
5805	-94	0	0
5806	-94	0	0
5807	-94	0	0
5808	-94	0	0
5809	-94	0	0
5810	-83	0	0
5811	-83	0	0
5812	-83	0	0
5813	-83	0	0
5814	-83	0	0
5815	-85	0	0
5816	-85	0	0
5817	-85	0	0
5818	-85	0	0
5819	-85	0	0
5820	-88	1	0
5821	-88	1	0
5822	-88	1	0
5823	-88	1	0
5824	-88	1	0
5825	-94	0	0
5826	-94	0	0
5827	-94	0	0
5828	-94	0	0
5829	-94	0	0
5830	-102	0	0
5831	-102	0	0
5832	-102	0	0
5833	-102	0	0
5834	-102	0	0
5835	-91	0	0
5836	-91	0	0
5837	-91	0	0
5838	-91	0	0
5839	-91	0	0
5840	-93	0	0
5841	-93	0	0
5842	-93	0	0
5843	-93	0	0
5844	-93	0	0
5845	-83	0	0
5846	-83	0	0
5847	-83	0	0
5848	-83	0	0
5849	-83	0	0
5850	-85	0	0
5851	-85	0	0
5852	-85	0	0
5853	-85	0	0
5854	-85	0	0
5855	-87	0	0
5856	-87	0	0
5857	-87	0	0
5858	-87	0	0
5859	-87	0	0
5860	-77	1	0
5861	-77	1	0
5862	-77	1	0
5863	-77	1	0
5864	-77	1	0
5865	-96	0	0
5866	-96	0	0
5867	-96	0	0
5868	-96	0	0
5869	-96	0	0
5870	-89	0	0
5871	-89	0	0
5872	-89	0	0
5873	-89	0	0
5874	-89	0	0
5875	-92	0	0
5876	-92	0	0
5877	-92	0	0
5878	-92	0	0
5879	-92	0	0
5880	-95	0	0
5881	-95	0	0
5882	-95	0	0
5883	-95	0	0
5884	-95	0	0
5885	-84	0	0
5886	-84	0	0
5887	-84	0	0
5888	-84	0	0
5889	-84	0	0
5890	-86	1	0
5891	-86	1	0
5892	-86	1	0
5893	-86	1	0
5894	-86	1	0
5895	-77	0	0
5896	-77	0	0
5897	-77	0	0
5898	-77	0	0
5899	-77	0	0
5900	-83	0	0
5901	-83	0	0
5902	-83	0	0
5903	-83	0	0
5904	-83	0	0
5905	-74	0	0
5906	-74	0	0
5907	-74	0	0
5908	-74	0	0
5909	-74	0	0
5910	-76	0	0
5911	-76	0	0
5912	-76	0	0
5913	-76	0	0
5914	-76	0	0
5915	-95	1	0
5916	-95	1	0
5917	-95	1	0
5918	-95	1	0
5919	-95	1	0
5920	-80	0	0
5921	-80	0	0
5922	-80	0	0
5923	-80	0	0
5924	-80	0	0
5925	-86	0	0
5926	-86	0	0
5927	-86	0	0
5928	-86	0	0
5929	-86	0	0
5930	-74	1	0
5931	-74	1	0
5932	-74	1	0
5933	-74	1	0
5934	-74	1	0
5935	-72	0	0
5936	-72	0	0
5937	-72	0	0
5938	-72	0	0
5939	-72	0	0
5940	-63	1	0
5941	-63	1	0
5942	-63	1	0
5943	-63	1	0
5944	-63	1	0
5945	-48	1	0
5946	-48	1	0
5947	-48	1	0
5948	-48	1	0
5949	-48	1	0
5950	-54	0	0
5951	-54	0	0
5952	-54	0	0
5953	-54	0	0
5954	-54	0	0
5955	-43	1	0
5956	-43	1	0
5957	-43	1	0
5958	-43	1	0
5959	-43	1	0
5960	-26	1	0
5961	-26	1	0
5962	-26	1	0
5963	-26	1	0
5964	-26	1	0
5965	-18	1	0
5966	-18	1	0
5967	-18	1	0
5968	-18	1	0
5969	-18	1	0
5970	-5	1	0
5971	-5	1	0
5972	-5	1	0
5973	-5	1	0
5974	-5	1	0
5975	3	1	0
5976	3	1	0
5977	3	1	0
5978	3	1	0
5979	3	1	0
5980	13	1	0
5981	13	1	0
5982	13	1	0
5983	13	1	0
5984	13	1	0
5985	20	1	0
5986	20	1	0
5987	20	1	0
5988	20	1	0
5989	20	1	0
5990	27	1	0
5991	27	1	0
5992	27	1	0
5993	27	1	0
5994	27	1	0
5995	31	1	0
5996	31	1	0
5997	31	1	0
5998	31	1	0
5999	31	1	0
6000	34	1	0
6001	34	1	0
6002	34	1	0
6003	34	1	0
6004	34	1	0
6005	36	1	0
6006	36	1	0
6007	36	1	0
6008	36	1	0
6009	36	1	0
6010	37	1	0
6011	37	1	0
6012	37	1	0
6013	37	1	0
6014	37	1	0
6015	37	1	0
6016	37	1	0
6017	37	1	0
6018	37	1	0
6019	37	1	0
6020	34	1	0
6021	34	1	0
6022	34	1	0
6023	34	1	0
6024	34	1	0
6025	29	1	0
6026	29	1	0
6027	29	1	0
6028	29	1	0
6029	29	1	0
6030	24	0	0
6031	24	0	0
6032	24	0	0
6033	24	0	0
6034	24	0	0
6035	17	0	0
6036	17	0	0
6037	17	0	0
6038	17	0	0
6039	17	0	0
6040	5	0	1
6041	5	0	1
6042	5	0	1
6043	5	0	1
6044	5	0	1
6045	0	0	0
6046	0	0	0
6047	0	0	0
6048	0	0	0
6049	0	0	0
6050	-4	0	0
6051	-4	0	0
6052	-4	0	0
6053	-4	0	0
6054	-4	0	0
6055	-11	0	0
6056	-11	0	0
6057	-11	0	0
6058	-11	0	0
6059	-11	0	0
6060	-19	0	0
6061	-19	0	0
6062	-19	0	0
6063	-19	0	0
6064	-19	0	0
6065	-29	0	1
6066	-29	0	1
6067	-29	0	1
6068	-29	0	1
6069	-29	0	1
6070	-28	0	0
6071	-28	0	0
6072	-28	0	0
6073	-28	0	0
6074	-28	0	0
6075	-31	0	0
6076	-31	0	0
6077	-31	0	0
6078	-31	0	0
6079	-31	0	0
6080	-35	0	0
6081	-35	0	0
6082	-35	0	0
6083	-35	0	0
6084	-35	0	0
6085	-38	0	0
6086	-38	0	0
6087	-38	0	0
6088	-38	0	0
6089	-38	0	0
6090	-41	0	1
6091	-41	0	1
6092	-41	0	1
6093	-41	0	1
6094	-41	0	1
6095	-34	0	0
6096	-34	0	0
6097	-34	0	0
6098	-34	0	0
6099	-34	0	0
6100	-33	0	0
6101	-33	0	0
6102	-33	0	0
6103	-33	0	0
6104	-33	0	0
6105	-34	0	0
6106	-34	0	0
6107	-34	0	0
6108	-34	0	0
6109	-34	0	0
6110	-35	0	0
6111	-35	0	0
6112	-35	0	0
6113	-35	0	0
6114	-35	0	0
6115	-36	0	0
6116	-36	0	0
6117	-36	0	0
6118	-36	0	0
6119	-36	0	0
6120	-36	0	0
6121	-36	0	0
6122	-36	0	0
6123	-36	0	0
6124	-36	0	0
6125	-35	0	0
6126	-35	0	0
6127	-35	0	0
6128	-35	0	0
6129	-35	0	0
6130	-34	1	0
6131	-34	1	0
6132	-34	1	0
6133	-34	1	0
6134	-34	1	0
6135	-35	0	0
6136	-35	0	0
6137	-35	0	0
6138	-35	0	0
6139	-35	0	0
6140	-34	1	0
6141	-34	1	0
6142	-34	1	0
6143	-34	1	0
6144	-34	1	0
6145	-31	1	0
6146	-31	1	0
6147	-31	1	0
6148	-31	1	0
6149	-31	1	0
6150	-30	1	0
6151	-30	1	0
6152	-30	1	0
6153	-30	1	0
6154	-30	1	0
6155	-26	1	0
6156	-26	1	0
6157	-26	1	0
6158	-26	1	0
6159	-26	1	0
6160	-25	1	0
6161	-25	1	0
6162	-25	1	0
6163	-25	1	0
6164	-25	1	0
6165	-20	1	0
6166	-20	1	0
6167	-20	1	0
6168	-20	1	0
6169	-20	1	0
6170	-17	1	0
6171	-17	1	0
6172	-17	1	0
6173	-17	1	0
6174	-17	1	0
6175	-14	1	0
6176	-14	1	0
6177	-14	1	0
6178	-14	1	0
6179	-14	1	0
6180	-9	1	0
6181	-9	1	0
6182	-9	1	0
6183	-9	1	0
6184	-9	1	0
6185	-5	1	0
6186	-5	1	0
6187	-5	1	0
6188	-5	1	0
6189	-5	1	0
6190	-1	1	0
6191	-1	1	0
6192	-1	1	0
6193	-1	1	0
6194	-1	1	0
6195	2	1	0
6196	2	1	0
6197	2	1	0
6198	2	1	0
6199	2	1	0
6200	4	1	0
6201	4	1	0
6202	4	1	0
6203	4	1	0
6204	4	1	0
6205	6	1	0
6206	6	1	0
6207	6	1	0
6208	6	1	0
6209	6	1	0
6210	7	1	0
6211	7	1	0
6212	7	1	0
6213	7	1	0
6214	7	1	0
6215	7	1	0
6216	7	1	0
6217	7	1	0
6218	7	1	0
6219	7	1	0
6220	7	0	0
6221	7	0	0
6222	7	0	0
6223	7	0	0
6224	7	0	0
6225	6	0	0
6226	6	0	0
6227	6	0	0
6228	6	0	0
6229	6	0	0
6230	5	0	1
6231	5	0	1
6232	5	0	1
6233	5	0	1
6234	5	0	1
6235	3	0	0
6236	3	0	0
6237	3	0	0
6238	3	0	0
6239	3	0	0
6240	3	0	0
6241	3	0	0
6242	3	0	0
6243	3	0	0
6244	3	0	0
6245	2	0	0
6246	2	0	0
6247	2	0	0
6248	2	0	0
6249	2	0	0
6250	1	0	0
6251	1	0	0
6252	1	0	0
6253	1	0	0
6254	1	0	0
6255	-1	0	1
6256	-1	0	1
6257	-1	0	1
6258	-1	0	1
6259	-1	0	1
6260	-1	0	0
6261	-1	0	0
6262	-1	0	0
6263	-1	0	0
6264	-1	0	0
6265	-2	1	0
6266	-2	1	0
6267	-2	1	0
6268	-2	1	0
6269	-2	1	0
6270	-3	0	0
6271	-3	0	0
6272	-3	0	0
6273	-3	0	0
6274	-3	0	0
6275	-5	0	0
6276	-5	0	0
6277	-5	0	0
6278	-5	0	0
6279	-5	0	0
6280	-7	0	1
6281	-7	0	1
6282	-7	0	1
6283	-7	0	1
6284	-7	0	1
6285	-7	0	0
6286	-7	0	0
6287	-7	0	0
6288	-7	0	0
6289	-7	0	0
6290	-7	0	0
6291	-7	0	0
6292	-7	0	0
6293	-7	0	0
6294	-7	0	0
6295	-10	0	0
6296	-10	0	0
6297	-10	0	0
6298	-10	0	0
6299	-10	0	0
6300	-15	0	0
6301	-15	0	0
6302	-15	0	0
6303	-15	0	0
6304	-15	0	0
6305	-21	0	1
6306	-21	0	1
6307	-21	0	1
6308	-21	0	1
6309	-21	0	1
6310	-19	0	0
6311	-19	0	0
6312	-19	0	0
6313	-19	0	0
6314	-19	0	0
6315	-24	0	0
6316	-24	0	0
6317	-24	0	0
6318	-24	0	0
6319	-24	0	0
6320	-31	0	0
6321	-31	0	0
6322	-31	0	0
6323	-31	0	0
6324	-31	0	0
6325	-39	0	0
6326	-39	0	0
6327	-39	0	0
6328	-39	0	0
6329	-39	0	0
6330	-48	0	1
6331	-48	0	1
6332	-48	0	1
6333	-48	0	1
6334	-48	0	1
6335	-31	1	0
6336	-31	1	0
6337	-31	1	0
6338	-31	1	0
6339	-31	1	0
6340	-47	0	0
6341	-47	0	0
6342	-47	0	0
6343	-47	0	0
6344	-47	0	0
6345	-57	0	1
6346	-57	0	1
6347	-57	0	1
6348	-57	0	1
6349	-57	0	1
6350	-49	0	0
6351	-49	0	0
6352	-49	0	0
6353	-49	0	0
6354	-49	0	0
6355	-43	1	0
6356	-43	1	0
6357	-43	1	0
6358	-43	1	0
6359	-43	1	0
6360	-65	0	1
6361	-65	0	1
6362	-65	0	1
6363	-65	0	1
6364	-65	0	1
6365	-57	0	0
6366	-57	0	0
6367	-57	0	0
6368	-57	0	0
6369	-57	0	0
6370	-57	0	0
6371	-57	0	0
6372	-57	0	0
6373	-57	0	0
6374	-57	0	0
6375	-61	0	0
6376	-61	0	0
6377	-61	0	0
6378	-61	0	0
6379	-61	0	0
6380	-68	0	0
6381	-68	0	0
6382	-68	0	0
6383	-68	0	0
6384	-68	0	0
6385	-74	0	0
6386	-74	0	0
6387	-74	0	0
6388	-74	0	0
6389	-74	0	0
6390	-79	0	0
6391	-79	0	0
6392	-79	0	0
6393	-79	0	0
6394	-79	0	0
6395	-85	0	0
6396	-85	0	0
6397	-85	0	0
6398	-85	0	0
6399	-85	0	0
6400	-86	0	0
6401	-86	0	0
6402	-86	0	0
6403	-86	0	0
6404	-86	0	0
6405	-92	0	0
6406	-92	0	0
6407	-92	0	0
6408	-92	0	0
6409	-92	0	0
6410	-90	0	0
6411	-90	0	0
6412	-90	0	0
6413	-90	0	0
6414	-90	0	0
6415	-95	0	0
6416	-95	0	0
6417	-95	0	0
6418	-95	0	0
6419	-95	0	0
6420	-89	0	0
6421	-89	0	0
6422	-89	0	0
6423	-89	0	0
6424	-89	0	0
6425	-109	0	0
6426	-109	0	0
6427	-109	0	0
6428	-109	0	0
6429	-109	0	0
6430	-102	1	0
6431	-102	1	0
6432	-102	1	0
6433	-102	1	0
6434	-102	1	0
6435	-105	0	0
6436	-105	0	0
6437	-105	0	0
6438	-105	0	0
6439	-105	0	0
6440	-100	0	0
6441	-100	0	0
6442	-100	0	0
6443	-100	0	0
6444	-100	0	0
6445	-103	0	0
6446	-103	0	0
6447	-103	0	0
6448	-103	0	0
6449	-103	0	0
6450	-91	0	0
6451	-91	0	0
6452	-91	0	0
6453	-91	0	0
6454	-91	0	0
6455	-93	1	0
6456	-93	1	0
6457	-93	1	0
6458	-93	1	0
6459	-93	1	0
6460	-116	0	0
6461	-116	0	0
6462	-116	0	0
6463	-116	0	0
6464	-116	0	0
6465	-107	0	0
6466	-107	0	0
6467	-107	0	0
6468	-107	0	0
6469	-107	0	0
6470	-109	0	0
6471	-109	0	0
6472	-109	0	0
6473	-109	0	0
6474	-109	0	0
6475	-95	1	0
6476	-95	1	0
6477	-95	1	0
6478	-95	1	0
6479	-95	1	0
6480	-116	0	0
6481	-116	0	0
6482	-116	0	0
6483	-116	0	0
6484	-116	0	0
6485	-105	0	0
6486	-105	0	0
6487	-105	0	0
6488	-105	0	0
6489	-105	0	0
6490	-107	0	0
6491	-107	0	0
6492	-107	0	0
6493	-107	0	0
6494	-107	0	0
6495	-110	1	0
6496	-110	1	0
6497	-110	1	0
6498	-110	1	0
6499	-110	1	0
6500	-94	0	0
6501	-94	0	0
6502	-94	0	0
6503	-94	0	0
6504	-94	0	0
6505	-100	0	0
6506	-100	0	0
6507	-100	0	0
6508	-100	0	0
6509	-100	0	0
6510	-86	1	0
6511	-86	1	0
6512	-86	1	0
6513	-86	1	0
6514	-86	1	0
6515	-104	0	0
6516	-104	0	0
6517	-104	0	0
6518	-104	0	0
6519	-104	0	0
6520	-93	1	0
6521	-93	1	0
6522	-93	1	0
6523	-93	1	0
6524	-93	1	0
6525	-78	1	0
6526	-78	1	0
6527	-78	1	0
6528	-78	1	0
6529	-78	1	0
6530	-78	0	0
6531	-78	0	0
6532	-78	0	0
6533	-78	0	0
6534	-78	0	0
6535	-69	1	0
6536	-69	1	0
6537	-69	1	0
6538	-69	1	0
6539	-69	1	0
6540	-62	1	0
6541	-62	1	0
6542	-62	1	0
6543	-62	1	0
6544	-62	1	0
6545	-56	1	0
6546	-56	1	0
6547	-56	1	0
6548	-56	1	0
6549	-56	1	0
6550	-49	1	0
6551	-49	1	0
6552	-49	1	0
6553	-49	1	0
6554	-49	1	0
6555	-32	1	0
6556	-32	1	0
6557	-32	1	0
6558	-32	1	0
6559	-32	1	0
6560	-22	1	0
6561	-22	1	0
6562	-22	1	0
6563	-22	1	0
6564	-22	1	0
6565	-7	1	0
6566	-7	1	0
6567	-7	1	0
6568	-7	1	0
6569	-7	1	0
6570	3	1	0
6571	3	1	0
6572	3	1	0
6573	3	1	0
6574	3	1	0
6575	15	1	0
6576	15	1	0
6577	15	1	0
6578	15	1	0
6579	15	1	0
6580	23	1	0
6581	23	1	0
6582	23	1	0
6583	23	1	0
6584	23	1	0
6585	29	1	0
6586	29	1	0
6587	29	1	0
6588	29	1	0
6589	29	1	0
6590	35	1	0
6591	35	1	0
6592	35	1	0
6593	35	1	0
6594	35	1	0
6595	38	1	0
6596	38	1	0
6597	38	1	0
6598	38	1	0
6599	38	1	0
6600	38	1	0
6601	38	1	0
6602	38	1	0
6603	38	1	0
6604	38	1	0
6605	37	1	0
6606	37	1	0
6607	37	1	0
6608	37	1	0
6609	37	1	0
6610	32	1	0
6611	32	1	0
6612	32	1	0
6613	32	1	0
6614	32	1	0
6615	29	1	0
6616	29	1	0
6617	29	1	0
6618	29	1	0
6619	29	1	0
6620	22	1	0
6621	22	1	0
6622	22	1	0
6623	22	1	0
6624	22	1	0
6625	18	1	0
6626	18	1	0
6627	18	1	0
6628	18	1	0
6629	18	1	0
6630	14	1	0
6631	14	1	0
6632	14	1	0
6633	14	1	0
6634	14	1	0
6635	12	1	0
6636	12	1	0
6637	12	1	0
6638	12	1	0
6639	12	1	0
6640	9	0	0
6641	9	0	0
6642	9	0	0
6643	9	0	0
6644	9	0	0
6645	5	0	0
6646	5	0	0
6647	5	0	0
6648	5	0	0
6649	5	0	0
6650	1	0	1
6651	1	0	1
6652	1	0	1
6653	1	0	1
6654	1	0	1
6655	-2	1	0
6656	-2	1	0
6657	-2	1	0
6658	-2	1	0
6659	-2	1	0
6660	-5	0	0
6661	-5	0	0
6662	-5	0	0
6663	-5	0	0
6664	-5	0	0
6665	-9	0	0
6666	-9	0	0
6667	-9	0	0
6668	-9	0	0
6669	-9	0	0
6670	-12	0	0
6671	-12	0	0
6672	-12	0	0
6673	-12	0	0
6674	-12	0	0
6675	-15	0	1
6676	-15	0	1
6677	-15	0	1
6678	-15	0	1
6679	-15	0	1
6680	-14	0	0
6681	-14	0	0
6682	-14	0	0
6683	-14	0	0
6684	-14	0	0
6685	-15	0	0
6686	-15	0	0
6687	-15	0	0
6688	-15	0	0
6689	-15	0	0
6690	-18	0	0
6691	-18	0	0
6692	-18	0	0
6693	-18	0	0
6694	-18	0	0
6695	-22	0	0
6696	-22	0	0
6697	-22	0	0
6698	-22	0	0
6699	-22	0	0
6700	-27	0	1
6701	-27	0	1
6702	-27	0	1
6703	-27	0	1
6704	-27	0	1
6705	-24	0	0
6706	-24	0	0
6707	-24	0	0
6708	-24	0	0
6709	-24	0	0
6710	-26	1	0
6711	-26	1	0
6712	-26	1	0
6713	-26	1	0
6714	-26	1	0
6715	-32	0	0
6716	-32	0	0
6717	-32	0	0
6718	-32	0	0
6719	-32	0	0
6720	-37	0	1
6721	-37	0	1
6722	-37	0	1
6723	-37	0	1
6724	-37	0	1
6725	-32	0	0
6726	-32	0	0
6727	-32	0	0
6728	-32	0	0
6729	-32	0	0
6730	-31	0	0
6731	-31	0	0
6732	-31	0	0
6733	-31	0	0
6734	-31	0	0
6735	-33	0	0
6736	-33	0	0
6737	-33	0	0
6738	-33	0	0
6739	-33	0	0
6740	-33	0	0
6741	-33	0	0
6742	-33	0	0
6743	-33	0	0
6744	-33	0	0
6745	-32	0	0
6746	-32	0	0
6747	-32	0	0
6748	-32	0	0
6749	-32	0	0
6750	-30	0	0
6751	-30	0	0
6752	-30	0	0
6753	-30	0	0
6754	-30	0	0
6755	-26	0	0
6756	-26	0	0
6757	-26	0	0
6758	-26	0	0
6759	-26	0	0
6760	-21	1	0
6761	-21	1	0
6762	-21	1	0
6763	-21	1	0
6764	-21	1	0
6765	-15	1	0
6766	-15	1	0
6767	-15	1	0
6768	-15	1	0
6769	-15	1	0
6770	-12	1	0
6771	-12	1	0
6772	-12	1	0
6773	-12	1	0
6774	-12	1	0
6775	-10	1	0
6776	-10	1	0
6777	-10	1	0
6778	-10	1	0
6779	-10	1	0
6780	-10	1	0
6781	-10	1	0
6782	-10	1	0
6783	-10	1	0
6784	-10	1	0
6785	-12	1	0
6786	-12	1	0
6787	-12	1	0
6788	-12	1	0
6789	-12	1	0
6790	-14	1	0
6791	-14	1	0
6792	-14	1	0
6793	-14	1	0
6794	-14	1	0
6795	-15	1	0
6796	-15	1	0
6797	-15	1	0
6798	-15	1	0
6799	-15	1	0
6800	-17	1	0
6801	-17	1	0
6802	-17	1	0
6803	-17	1	0
6804	-17	1	0
6805	-18	1	0
6806	-18	1	0
6807	-18	1	0
6808	-18	1	0
6809	-18	1	0
6810	-19	1	0
6811	-19	1	0
6812	-19	1	0
6813	-19	1	0
6814	-19	1	0
6815	-18	0	0
6816	-18	0	0
6817	-18	0	0
6818	-18	0	0
6819	-18	0	0
6820	-17	0	0
6821	-17	0	0
6822	-17	0	0
6823	-17	0	0
6824	-17	0	0
6825	-16	0	0
6826	-16	0	0
6827	-16	0	0
6828	-16	0	0
6829	-16	0	0
6830	-14	0	1
6831	-14	0	1
6832	-14	0	1
6833	-14	0	1
6834	-14	0	1
6835	-11	1	0
6836	-11	1	0
6837	-11	1	0
6838	-11	1	0
6839	-11	1	0
6840	-9	1	0
6841	-9	1	0
6842	-9	1	0
6843	-9	1	0
6844	-9	1	0
6845	-9	1	0
6846	-9	1	0
6847	-9	1	0
6848	-9	1	0
6849	-9	1	0
6850	-8	1	0
6851	-8	1	0
6852	-8	1	0
6853	-8	1	0
6854	-8	1	0
6855	-8	1	0
6856	-8	1	0
6857	-8	1	0
6858	-8	1	0
6859	-8	1	0
6860	-9	1	0
6861	-9	1	0
6862	-9	1	0
6863	-9	1	0
6864	-9	1	0
6865	-10	1	0
6866	-10	1	0
6867	-10	1	0
6868	-10	1	0
6869	-10	1	0
6870	-12	1	0
6871	-12	1	0
6872	-12	1	0
6873	-12	1	0
6874	-12	1	0
6875	-13	1	0
6876	-13	1	0
6877	-13	1	0
6878	-13	1	0
6879	-13	1	0
6880	-13	1	0
6881	-13	1	0
6882	-13	1	0
6883	-13	1	0
6884	-13	1	0
6885	-13	1	0
6886	-13	1	0
6887	-13	1	0
6888	-13	1	0
6889	-13	1	0
6890	-12	1	0
6891	-12	1	0
6892	-12	1	0
6893	-12	1	0
6894	-12	1	0
6895	-11	1	0
6896	-11	1	0
6897	-11	1	0
6898	-11	1	0
6899	-11	1	0
6900	-10	1	0
6901	-10	1	0
6902	-10	1	0
6903	-10	1	0
6904	-10	1	0
6905	-9	1	0
6906	-9	1	0
6907	-9	1	0
6908	-9	1	0
6909	-9	1	0
6910	-8	1	0
6911	-8	1	0
6912	-8	1	0
6913	-8	1	0
6914	-8	1	0
6915	-7	1	0
6916	-7	1	0
6917	-7	1	0
6918	-7	1	0
6919	-7	1	0
6920	-6	1	0
6921	-6	1	0
6922	-6	1	0
6923	-6	1	0
6924	-6	1	0
6925	-5	1	0
6926	-5	1	0
6927	-5	1	0
6928	-5	1	0
6929	-5	1	0
6930	-4	1	0
6931	-4	1	0
6932	-4	1	0
6933	-4	1	0
6934	-4	1	0
6935	-2	1	0
6936	-2	1	0
6937	-2	1	0
6938	-2	1	0
6939	-2	1	0
6940	-1	1	0
6941	-1	1	0
6942	-1	1	0
6943	-1	1	0
6944	-1	1	0
6945	0	1	0
6946	0	1	0
6947	0	1	0
6948	0	1	0
6949	0	1	0
6950	2	1	0
6951	2	1	0
6952	2	1	0
6953	2	1	0
6954	2	1	0
6955	3	1	0
6956	3	1	0
6957	3	1	0
6958	3	1	0
6959	3	1	0
6960	4	1	0
6961	4	1	0
6962	4	1	0
6963	4	1	0
6964	4	1	0
6965	6	1	0
6966	6	1	0
6967	6	1	0
6968	6	1	0
6969	6	1	0
6970	6	1	0
6971	6	1	0
6972	6	1	0
6973	6	1	0
6974	6	1	0
6975	5	1	0
6976	5	1	0
6977	5	1	0
6978	5	1	0
6979	5	1	0
6980	2	1	0
6981	2	1	0
6982	2	1	0
6983	2	1	0
6984	2	1	0
6985	-1	1	0
6986	-1	1	0
6987	-1	1	0
6988	-1	1	0
6989	-1	1	0
6990	-3	1	0
6991	-3	1	0
6992	-3	1	0
6993	-3	1	0
6994	-3	1	0
6995	-5	1	0
6996	-5	1	0
6997	-5	1	0
6998	-5	1	0
6999	-5	1	0
7000	-5	1	0
7001	-5	1	0
7002	-5	1	0
7003	-5	1	0
7004	-5	1	0
7005	-4	1	0
7006	-4	1	0
7007	-4	1	0
7008	-4	1	0
7009	-4	1	0
7010	-1	1	0
7011	-1	1	0
7012	-1	1	0
7013	-1	1	0
7014	-1	1	0
7015	2	1	0
7016	2	1	0
7017	2	1	0
7018	2	1	0
7019	2	1	0
7020	3	1	0
7021	3	1	0
7022	3	1	0
7023	3	1	0
7024	3	1	0
7025	3	0	0
7026	3	0	0
7027	3	0	0
7028	3	0	0
7029	3	0	0
7030	2	0	0
7031	2	0	0
7032	2	0	0
7033	2	0	0
7034	2	0	0
7035	1	0	0
7036	1	0	0
7037	1	0	0
7038	1	0	0
7039	1	0	0
7040	0	0	0
7041	0	0	0
7042	0	0	0
7043	0	0	0
7044	0	0	0
7045	-2	0	1
7046	-2	0	1
7047	-2	0	1
7048	-2	0	1
7049	-2	0	1
7050	-3	0	0
7051	-3	0	0
7052	-3	0	0
7053	-3	0	0
7054	-3	0	0
7055	-3	0	0
7056	-3	0	0
7057	-3	0	0
7058	-3	0	0
7059	-3	0	0
7060	-5	1	0
7061	-5	1	0
7062	-5	1	0
7063	-5	1	0
7064	-5	1	0
7065	-7	1	0
7066	-7	1	0
7067	-7	1	0
7068	-7	1	0
7069	-7	1	0
7070	-9	1	0
7071	-9	1	0
7072	-9	1	0
7073	-9	1	0
7074	-9	1	0
7075	-12	1	0
7076	-12	1	0
7077	-12	1	0
7078	-12	1	0
7079	-12	1	0
7080	-13	1	0
7081	-13	1	0
7082	-13	1	0
7083	-13	1	0
7084	-13	1	0
7085	-13	1	0
7086	-13	1	0
7087	-13	1	0
7088	-13	1	0
7089	-13	1	0
7090	-12	1	0
7091	-12	1	0
7092	-12	1	0
7093	-12	1	0
7094	-12	1	0
7095	-9	1	0
7096	-9	1	0
7097	-9	1	0
7098	-9	1	0
7099	-9	1	0
7100	-5	1	0
7101	-5	1	0
7102	-5	1	0
7103	-5	1	0
7104	-5	1	0
7105	0	1	0
7106	0	1	0
7107	0	1	0
7108	0	1	0
7109	0	1	0
