400	5997	BlueBay\Media\Material\Land
401	5997	BlueBay\Media\Material\Sand
402	5997	BlueBay\Media\Material\Water
403	5997	BlueBay\Media\Material\CliffPxz
404	5997	BlueBay\Media\Material\HillPxz
405	5997	BlueBay\Media\Material\RocksTop
406	5997	BlueBay\Media\Material\SeaFloor
407	5997	BlueBay\Media\Material\TransitionToLand
408	5997	BlueBay\Media\Material\RoadTech
409	5997	BlueBay\Media\Material\PlatformTech
410	5997	BlueBay\Media\Material_BlockCustom\CustomConcrete
411	5998	Editors\MeshEditorMedia\Materials\Concrete
412	5998	Editors\MeshEditorMedia\Materials\Metal
413	5998	Editors\MeshEditorMedia\Materials\Plastic
414	5998	Editors\MeshEditorMedia\Materials\Wood
415	5998	Editors\MeshEditorMedia\Materials\Glass
416	5998	Editors\MeshEditorMedia\Materials\Asphalt
417	5998	Editors\MeshEditorMedia\Materials\Grass
418	5998	Editors\MeshEditorMedia\Materials\Dirt
419	5998	Editors\MeshEditorMedia\Materials\Ice
420	5998	Editors\MeshEditorMedia\Materials\Road
421	5998	Editors\MeshEditorMedia\Materials\RoadTech
422	5998	Editors\MeshEditorMedia\Materials\PlatformTech
423	5998	Editors\MeshEditorMedia\Materials\Default
424	5998	Editors\MeshEditorMedia\Materials\Rock
425	5998	Editors\MeshEditorMedia\Materials\Sand
426	5998	Editors\MeshEditorMedia\Materials\Snow
427	5998	Editors\MeshEditorMedia\Materials\Steel
428	5998	Editors\MeshEditorMedia\Materials\Paint
429	5998	Editors\MeshEditorMedia\Materials\Chrome
430	5998	Editors\MeshEditorMedia\Materials\Stone
431	5998	Editors\MeshEditorMedia\Materials\Brick
432	5998	Editors\MeshEditorMedia\Materials\Fabric
433	5998	Editors\MeshEditorMedia\Materials\Leather
434	5998	Editors\MeshEditorMedia\Materials\Tiles
435	5998	Editors\MeshEditorMedia\Materials\Marble
436	5998	Editors\MeshEditorMedia\Materials\Gold
437	5998	Editors\MeshEditorMedia\Materials\Light
438	5998	Editors\MeshEditorMedia\Materials\Neon
439	5998	Editors\MeshEditorMedia\Materials\Mirror
440	5997	RoadTech
441	5997	Rubber
442	5997	Stadium\Media\Material\Rubber
443	5997	Stadium\Media\Material\ItemTrackBarrier
444	5997	Stadium\Media\Material\SpeedometerLight_Dyna
