race_ms,steer,accel,brake
0,0,1,0
10,0,1,0
20,0,1,0
30,0,1,0
40,0,1,0
50,0,1,0
60,0,1,0
70,0,1,0
80,0,1,0
90,0,1,0
100,0,1,0
110,0,1,0
120,0,1,0
130,0,1,0
140,0,1,0
150,0,1,0
160,0,1,0
170,0,1,0
180,0,1,0
190,0,1,0
200,0,1,0
210,0,1,0
220,0,1,0
230,0,1,0
240,0,1,0
250,0,1,0
260,0,1,0
270,0,1,0
280,0,1,0
290,0,1,0
300,0,1,0
310,0,1,0
320,0,1,0
330,0,1,0
340,0,1,0
350,0,1,0
360,0,1,0
370,0,1,0
380,0,1,0
390,0,1,0
400,0,1,0
410,0,1,0
420,0,1,0
430,0,1,0
440,0,1,0
450,0,1,0
460,0,1,0
470,0,1,0
480,0,1,0
490,0,1,0
500,0,1,0
510,0,1,0
520,0,1,0
530,0,1,0
540,0,1,0
550,0,1,0
560,0,1,0
570,0,1,0
580,0,1,0
590,0,1,0
600,0,1,0
610,0,1,0
620,0,1,0
630,0,1,0
640,0,1,0
650,0,1,0
660,0,1,0
670,0,1,0
680,0,1,0
690,0,1,0
700,0,1,0
710,0,1,0
720,0,1,0
730,0,1,0
740,0,1,0
750,0,1,0
760,0,1,0
770,0,1,0
780,0,1,0
790,0,1,0
800,0,1,0
810,0,1,0
820,0,1,0
830,0,1,0
840,0,1,0
850,0,1,0
860,0,1,0
870,0,1,0
880,0,1,0
890,0,1,0
900,0,1,0
910,0,1,0
920,0,1,0
930,0,1,0
940,0,1,0
950,0,1,0
960,0,1,0
970,0,1,0
980,0,1,0
990,0,1,0
1000,0,1,0
1010,0,1,0
1020,0,1,0
1030,0,1,0
1040,0,1,0
1050,0,1,0
1060,0,1,0
1070,0,1,0
1080,0,1,0
1090,0,1,0
1100,0,1,0
1110,0,1,0
1120,0,1,0
1130,0,1,0
1140,0,1,0
1150,0,1,0
1160,0,1,0
1170,0,1,0
1180,0,1,0
1190,0,1,0
1200,0,1,0
1210,0,1,0
1220,0,1,0
1230,0,1,0
1240,0,1,0
1250,0,1,0
1260,0,1,0
1270,0,1,0
1280,0,1,0
1290,0,1,0
1300,0,1,0
1310,0,1,0
1320,0,1,0
1330,0,1,0
1340,0,1,0
1350,0,1,0
1360,0,1,0
1370,0,1,0
1380,0,1,0
1390,0,1,0
1400,0,1,0
1410,0,1,0
1420,0,1,0
1430,0,1,0
1440,0,1,0
1450,0,1,0
1460,0,1,0
1470,0,1,0
1480,0,1,0
1490,0,1,0
1500,0,1,0
1510,0,1,0
1520,0,1,0
1530,0,1,0
1540,0,1,0
1550,0,1,0
1560,0,1,0
1570,0,1,0
1580,0,1,0
1590,0,1,0
1600,0,1,0
1610,0,1,0
1620,0,1,0
1630,0,1,0
1640,0,1,0
1650,127,1,0
1660,127,1,0
1670,127,1,0
1680,127,1,0
1690,127,1,0
1700,127,1,0
1710,127,1,0
1720,127,1,0
1730,127,1,0
1740,127,1,0
1750,0,1,0
1760,0,1,0
1770,0,1,0
1780,0,1,0
1790,0,1,0
1800,0,1,0
1810,0,1,0
1820,0,1,0
1830,0,1,0
1840,0,1,0
1850,0,1,0
1860,0,1,0
1870,0,1,0
1880,0,1,0
1890,0,1,0
1900,0,1,0
1910,0,1,0
1920,0,1,0
1930,0,1,0
1940,0,1,0
1950,0,1,0
1960,0,1,0
1970,0,1,0
1980,0,1,0
1990,0,1,0
2000,0,1,0
2010,0,1,0
2020,0,1,0
2030,0,1,0
2040,0,1,0
2050,0,1,0
2060,0,1,0
2070,0,1,0
2080,0,1,0
2090,0,1,0
2100,0,1,0
2110,0,1,0
2120,0,1,0
2130,0,1,0
2140,0,1,0
2150,0,1,0
2160,0,1,0
2170,0,1,0
2180,0,1,0
2190,0,1,0
2200,127,1,0
2210,127,1,0
2220,127,1,0
2230,127,1,0
2240,127,1,0
2250,127,1,0
2260,0,1,0
2270,0,1,0
2280,0,1,0
2290,0,1,0
2300,0,1,0
2310,0,1,0
2320,0,1,0
2330,0,1,0
2340,0,1,0
2350,0,1,0
2360,0,1,0
2370,0,1,0
2380,0,1,0
2390,0,1,0
2400,0,1,0
2410,0,1,0
2420,0,1,0
2430,0,1,0
2440,0,1,0
2450,0,1,0
2460,127,1,0
2470,127,1,0
2480,127,1,0
2490,127,1,0
2500,127,1,0
2510,127,1,0
2520,127,1,0
2530,0,1,0
2540,0,1,0
2550,0,1,0
2560,0,1,0
2570,0,1,0
2580,0,1,0
2590,0,1,0
2600,0,1,0
2610,0,1,0
2620,0,1,0
2630,0,1,0
2640,0,1,0
2650,0,1,0
2660,0,1,0
2670,0,1,0
2680,127,1,0
2690,127,1,0
2700,127,1,0
2710,127,1,0
2720,127,1,0
2730,127,1,0
2740,127,1,0
2750,127,1,0
2760,127,1,0
2770,127,1,0
2780,127,1,0
2790,127,1,0
2800,127,1,0
2810,127,1,0
2820,127,1,0
2830,127,1,0
2840,127,1,0
2850,127,1,0
2860,127,1,0
2870,127,1,0
2880,127,1,0
2890,0,1,0
2900,0,1,0
2910,0,1,0
2920,0,1,0
2930,0,1,0
2940,0,1,0
2950,0,1,0
2960,0,1,0
2970,0,1,0
2980,0,1,0
2990,0,1,0
3000,0,1,0
3010,0,1,0
3020,0,1,0
3030,0,1,0
3040,0,1,0
3050,0,1,0
3060,0,1,0
3070,0,1,0
3080,0,1,0
3090,0,1,0
3100,0,1,0
3110,0,1,0
3120,0,1,0
3130,0,1,0
3140,0,1,0
3150,127,1,0
3160,127,1,0
3170,127,1,0
3180,127,1,0
3190,127,1,0
3200,127,1,0
3210,127,1,0
3220,127,1,0
3230,127,1,0
3240,127,1,0
3250,127,1,0
3260,127,1,0
3270,127,1,0
3280,127,1,0
3290,127,1,0
3300,127,1,0
3310,127,1,0
3320,127,1,0
3330,127,1,0
3340,127,1,0
3350,127,1,0
3360,127,1,0
3370,127,1,0
3380,127,1,0
3390,127,1,0
3400,127,1,0
3410,127,1,0
3420,127,1,0
3430,127,1,0
3440,127,1,0
3450,127,1,0
3460,127,1,0
3470,127,1,0
3480,127,1,0
3490,127,1,0
3500,127,1,0
3510,127,1,0
3520,127,1,0
3530,127,1,0
3540,127,1,0
3550,127,1,0
3560,127,1,0
3570,127,1,0
3580,127,1,0
3590,127,1,0
3600,127,1,0
3610,127,1,0
3620,127,1,0
3630,127,1,0
3640,127,1,0
3650,127,1,0
3660,0,1,0
3670,0,1,0
3680,0,1,0
3690,0,1,0
3700,0,1,0
3710,0,1,0
3720,0,1,0
3730,0,1,0
3740,0,1,0
3750,0,1,0
3760,0,1,0
3770,0,1,0
3780,0,1,0
3790,0,1,0
3800,0,1,0
3810,0,1,0
3820,0,1,0
3830,0,1,0
3840,0,1,0
3850,0,1,0
3860,0,1,0
3870,0,1,0
3880,127,1,0
3890,127,1,0
3900,127,1,0
3910,127,1,0
3920,127,1,0
3930,127,1,0
3940,127,1,0
3950,127,1,0
3960,127,1,0
3970,127,1,0
3980,127,1,0
3990,0,1,0
4000,0,1,0
4010,0,1,0
4020,0,1,0
4030,0,1,0
4040,0,1,0
4050,0,1,0
4060,0,1,0
4070,0,1,0
4080,0,1,0
4090,0,1,0
4100,0,1,0
4110,0,1,0
4120,0,1,0
4130,0,1,0
4140,127,1,0
4150,127,1,0
4160,127,1,0
4170,127,1,0
4180,127,1,0
4190,127,1,0
4200,127,1,0
4210,127,1,0
4220,127,1,0
4230,127,1,0
4240,127,1,0
4250,127,1,0
4260,127,1,0
4270,127,1,0
4280,127,1,0
4290,127,1,0
4300,127,1,0
4310,127,1,0
4320,127,1,0
4330,127,1,0
4340,127,1,0
4350,127,1,0
4360,127,1,0
4370,127,1,0
4380,127,1,0
4390,127,1,0
4400,127,1,0
4410,127,1,0
4420,127,1,0
4430,127,1,0
4440,127,1,0
4450,127,1,0
4460,127,1,0
4470,127,1,0
4480,127,1,0
4490,127,1,0
4500,127,1,0
4510,127,1,0
4520,127,1,0
4530,127,1,0
4540,127,1,0
4550,127,1,0
4560,127,1,0
4570,127,1,0
4580,127,1,0
4590,127,1,0
4600,127,1,0
4610,127,1,0
4620,127,1,0
4630,0,1,0
4640,0,1,0
4650,0,1,0
4660,0,1,0
4670,0,1,0
4680,0,1,0
4690,0,1,0
4700,0,1,0
4710,0,1,0
4720,0,1,0
4730,0,1,0
4740,0,1,0
4750,0,1,0
4760,0,1,0
4770,-127,1,0
4780,-127,1,0
4790,-127,1,0
4800,-127,1,0
4810,-127,1,0
4820,-127,1,0
4830,-127,1,0
4840,-127,1,0
4850,-127,1,0
4860,-127,1,0
4870,-127,1,0
4880,-127,1,0
4890,-127,1,0
4900,-127,1,0
4910,-127,1,0
4920,-127,1,0
4930,-127,1,0
4940,-127,1,0
4950,-127,1,0
4960,-127,1,0
4970,-127,1,0
4980,-127,1,0
4990,-127,1,0
5000,-127,1,0
5010,-127,1,0
5020,-127,1,0
5030,-127,1,0
5040,-127,1,0
5050,-127,1,1
5060,-127,1,1
5070,-127,1,1
5080,-127,1,1
5090,-127,1,1
5100,-127,1,1
5110,-127,1,1
5120,-127,1,1
5130,-127,1,1
5140,-127,1,1
5150,-127,1,1
5160,-127,1,0
5170,-127,1,0
5180,-127,0,0
5190,-127,0,0
5200,-127,0,0
5210,-127,0,0
5220,-127,0,0
5230,-127,0,0
5240,-127,0,0
5250,-127,0,0
5260,-127,0,0
5270,-127,1,0
5280,-127,1,0
5290,-127,1,0
5300,-127,1,0
5310,-127,1,0
5320,-127,1,0
5330,-127,1,0
5340,-127,1,0
5350,-127,1,0
5360,-127,1,0
5370,-127,1,0
5380,-127,1,0
5390,-127,1,0
5400,-127,1,0
5410,-127,1,0
5420,-127,1,0
5430,-127,1,0
5440,-127,1,0
5450,-127,1,0
5460,-127,1,0
5470,-127,1,0
5480,-127,1,0
5490,-127,1,0
5500,-127,1,0
5510,-127,1,0
5520,-127,1,0
5530,-127,1,0
5540,-127,1,0
5550,-127,1,0
5560,-127,1,0
5570,-127,1,0
5580,-127,1,0
5590,-127,1,0
5600,-127,1,0
5610,-127,1,0
5620,-127,1,0
5630,-127,1,0
5640,-127,1,0
5650,-127,1,0
5660,-127,1,0
5670,-127,1,0
5680,-127,1,0
5690,-127,1,0
5700,-127,1,0
5710,-127,1,0
5720,-127,1,0
5730,-127,1,0
5740,-127,1,0
5750,-127,1,0
5760,-127,1,0
5770,-127,1,0
5780,-127,1,0
5790,-127,1,0
5800,-127,1,0
5810,-127,1,0
5820,-127,1,0
5830,-127,1,0
5840,-127,1,0
5850,-127,1,0
5860,-127,1,0
5870,-127,1,0
5880,-127,1,0
5890,-127,1,0
5900,-127,1,0
5910,-127,1,0
5920,-127,1,0
5930,-127,1,0
5940,-127,1,0
5950,-127,1,0
5960,-127,1,0
5970,-127,1,0
5980,-127,1,0
5990,-127,1,0
6000,-127,1,0
6010,-127,1,0
6020,-127,1,0
6030,-127,1,0
6040,-127,1,0
6050,-127,1,0
6060,-127,1,0
6070,-127,1,0
6080,-127,1,0
6090,-127,1,0
6100,-127,1,0
6110,-127,1,0
6120,-127,1,0
6130,-127,1,0
6140,-127,1,0
6150,-127,1,0
6160,-127,1,0
6170,-127,1,0
6180,-127,1,0
6190,-127,1,0
6200,-127,1,0
6210,-127,1,0
6220,-127,1,0
6230,-127,1,0
6240,-127,1,0
6250,-127,1,0
6260,-127,1,0
6270,-127,1,0
6280,-127,1,0
6290,-127,1,0
6300,-127,1,0
6310,-127,1,0
6320,-127,1,0
6330,-127,1,0
6340,-127,1,0
6350,-127,1,0
6360,-127,1,0
6370,-127,1,0
6380,-127,1,0
6390,-127,1,0
6400,-127,1,0
6410,-127,1,0
6420,-127,1,0
6430,-127,1,0
6440,-127,1,0
6450,-127,1,0
6460,-127,1,0
6470,-127,1,0
6480,-127,1,0
6490,-127,1,0
6500,-127,1,0
6510,-127,1,0
6520,-127,1,0
6530,-127,1,0
6540,-127,1,0
6550,-127,1,0
6560,-127,1,0
6570,-127,1,0
6580,0,1,0
6590,0,1,0
6600,0,1,0
6610,0,1,0
6620,0,1,0
6630,0,1,0
6640,127,1,0
6650,127,1,0
6660,127,1,0
6670,127,1,0
6680,127,1,0
6690,127,1,0
6700,127,1,0
6710,127,1,0
6720,0,1,0
6730,0,1,0
6740,0,1,0
6750,0,1,0
6760,0,1,0
6770,0,1,0
6780,0,1,0
6790,0,1,0
6800,0,1,0
6810,0,1,0
6820,0,1,0
6830,0,1,0
6840,0,1,0
6850,0,1,0
6860,0,1,0
6870,0,1,0
6880,0,1,0
6890,0,1,0
6900,0,1,0
6910,0,1,0
6920,0,1,0
6930,0,1,0
6940,0,1,0
6950,0,1,0
6960,0,1,0
6970,0,1,0
6980,-127,1,0
6990,-127,1,0
7000,-127,1,0
7010,-127,1,0
7020,-127,1,0
7030,-127,1,0
7040,-127,1,0
7050,-127,1,0
7060,0,1,0
7070,0,1,0
7080,0,1,0
7090,0,1,0
7100,0,1,0
7110,0,1,0
7120,0,1,0
7130,0,1,0
7140,0,1,0
7150,0,1,0
7160,0,1,0
7170,0,1,0
7180,0,1,0
7190,0,1,0
7200,0,1,0
7210,0,1,0
7220,127,1,0
7230,127,1,0
7240,127,1,0
7250,127,1,0
7260,0,1,0
7270,0,1,0
7280,0,1,0
7290,0,1,0
7300,0,1,0
7310,0,1,0
7320,0,1,0
7330,0,1,0
7340,0,1,0
7350,0,1,0
7360,0,1,0
7370,0,1,0
7380,0,1,0
7390,0,1,0
7400,0,1,0
7410,0,1,0
7420,0,1,0
7430,0,1,0
7440,0,1,0
7450,0,1,0
7460,0,1,0
7470,0,1,0
7480,0,1,0
7490,0,1,0
7500,0,1,0
7510,0,1,0
7520,0,1,0
7530,0,1,0
7540,0,1,0
7550,0,1,0
7560,0,1,0
7570,0,1,0
7580,0,1,0
7590,0,1,0
7600,0,1,0
7610,0,1,0
7620,0,1,0
7630,0,1,0
7640,0,1,0
7650,0,1,0
7660,0,1,0
7670,0,1,0
7680,0,1,0
7690,0,1,0
7700,0,1,0
7710,0,1,0
7720,0,1,0
7730,0,1,0
7740,0,1,0
7750,0,1,0
7760,0,1,0
7770,0,1,0
7780,0,1,0
7790,0,1,0
7800,0,1,0
7810,0,1,0
7820,0,1,0
7830,0,1,0
7840,0,1,0
7850,0,1,0
7860,0,1,0
7870,0,1,0
7880,0,1,0
7890,0,1,0
7900,0,1,0
7910,0,1,0
7920,0,1,0
7930,0,1,0
7940,0,1,0
7950,0,1,0
7960,0,1,0
7970,0,1,0
7980,0,1,0
7990,0,1,0
8000,0,1,0
8010,0,1,0
8020,0,1,0
8030,0,1,0
8040,0,1,0
8050,0,1,0
8060,0,1,0
8070,0,1,0
8080,0,1,0
8090,0,1,0
8100,0,1,0
8110,0,1,0
8120,0,1,0
8130,0,1,0
8140,0,1,0
8150,0,1,0
8160,0,1,0
8170,0,1,0
8180,0,1,0
8190,0,1,0
8200,0,1,0
8210,0,1,0
8220,0,1,0
8230,0,1,0
8240,0,1,0
8250,0,1,0
8260,0,1,0
8270,0,1,0
8280,0,1,0
8290,0,1,0
8300,0,1,0
8310,0,1,0
8320,0,1,0
8330,0,1,0
8340,0,1,0
8350,0,1,0
8360,0,1,0
8370,0,1,0
8380,0,1,0
8390,0,1,0
8400,0,1,0
8410,0,1,0
8420,0,1,0
8430,0,1,0
8440,0,1,0
8450,0,1,0
8460,0,1,0
8470,0,1,0
8480,0,1,0
8490,0,1,0
8500,0,1,0
8510,0,1,0
8520,0,1,0
8530,0,1,0
8540,0,1,0
8550,0,1,0
8560,0,1,0
8570,0,1,0
8580,0,1,0
8590,0,1,0
8600,0,1,0
8610,0,1,0
8620,0,1,0
8630,0,1,0
8640,0,1,0
8650,0,1,0
8660,0,1,0
8670,0,1,0
8680,0,1,0
8690,0,1,0
8700,0,1,0
8710,0,1,0
8720,0,1,0
8730,0,1,0
8740,0,1,0
8750,0,1,0
8760,0,1,0
8770,0,1,0
8780,0,1,0
8790,0,1,0
8800,0,1,0
8810,0,1,0
8820,0,1,0
8830,0,1,0
8840,0,1,0
8850,0,1,0
8860,0,1,0
8870,0,1,0
8880,0,1,0
8890,0,1,0
8900,0,1,0
8910,-127,1,0
8920,-127,1,0
8930,-127,1,0
8940,-127,1,0
8950,-127,1,0
8960,-127,1,0
8970,-127,1,0
8980,0,1,0
8990,0,1,0
9000,0,1,0
9010,0,1,0
9020,0,1,0
9030,0,1,0
9040,0,1,0
9050,0,1,0
9060,0,1,0
9070,0,1,0
9080,0,1,0
9090,0,1,0
9100,0,1,0
9110,0,1,0
9120,0,1,0
9130,0,1,0
9140,0,1,0
9150,0,1,0
9160,0,1,0
9170,0,1,0
9180,0,1,0
9190,0,1,0
9200,0,1,0
9210,0,1,0
9220,0,1,0
9230,0,1,0
9240,0,1,0
9250,0,1,0
9260,0,1,0
9270,0,1,0
9280,0,1,0
9290,0,1,0
9300,0,1,0
9310,0,1,0
9320,0,1,0
9330,0,1,0
9340,0,1,0
9350,0,1,0
9360,0,1,0
9370,0,1,0
9380,0,1,0
9390,0,1,0
9400,0,1,0
9410,0,1,0
9420,0,1,0
9430,0,1,0
9440,0,1,0
9450,0,1,0
9460,0,1,0
9470,0,1,0
9480,0,1,0
9490,0,1,0
9500,0,1,0
9510,0,1,0
9520,0,1,0
9530,0,1,0
9540,0,1,0
9550,0,1,0
9560,0,1,0
9570,0,1,0
9580,0,1,0
9590,0,1,0
9600,0,1,0
9610,0,1,0
9620,0,1,0
9630,0,1,0
9640,0,1,0
9650,0,1,0
9660,0,1,0
9670,0,1,0
9680,0,1,0
9690,0,1,0
9700,0,1,0
9710,0,1,0
9720,0,1,0
9730,0,1,0
9740,0,1,0
9750,0,1,0
9760,0,1,0
9770,0,1,0
9780,0,1,0
9790,0,1,0
9800,0,1,0
9810,0,1,0
9820,0,1,0
9830,0,1,0
9840,0,1,0
9850,0,1,0
9860,0,1,0
9870,0,1,0
9880,0,1,0
9890,0,1,0
9900,0,1,0
9910,0,1,0
9920,0,1,0
9930,0,1,0
9940,0,1,0
9950,0,1,0
9960,0,1,0
9970,0,1,0
9980,0,1,0
9990,0,1,0
10000,0,1,0
10010,0,1,0
10020,0,1,0
10030,0,1,0
10040,0,1,0
10050,0,1,0
10060,0,1,0
10070,127,1,0
10080,127,1,0
10090,127,1,0
10100,127,1,0
10110,127,1,0
10120,127,1,0
10130,127,1,0
10140,127,1,0
10150,127,1,0
10160,127,1,0
10170,127,1,0
10180,127,1,0
10190,127,1,0
10200,127,1,0
10210,127,1,0
10220,127,1,0
10230,127,1,0
10240,127,1,0
10250,127,1,0
10260,127,1,0
10270,127,1,0
10280,127,1,0
10290,127,1,0
10300,127,1,0
10310,127,1,0
10320,127,1,0
10330,127,1,0
10340,127,1,0
10350,127,1,0
10360,127,1,0
10370,127,1,0
10380,127,1,0
10390,127,1,0
10400,127,1,0
10410,127,1,0
10420,127,1,0
10430,127,1,0
10440,127,1,0
10450,127,1,0
10460,127,1,0
10470,127,1,0
10480,127,1,0
10490,127,1,0
10500,127,1,0
10510,127,1,0
10520,127,1,0
10530,127,1,0
10540,127,1,0
10550,127,1,0
10560,127,1,0
10570,127,1,0
10580,127,1,0
10590,127,1,0
10600,127,1,0
10610,127,1,0
10620,127,1,0
10630,127,1,0
10640,127,1,0
10650,127,1,0
10660,127,1,0
10670,127,1,0
10680,127,1,0
10690,127,1,0
10700,127,1,0
10710,127,1,0
10720,127,1,0
10730,127,1,0
10740,127,1,0
10750,127,1,0
10760,127,1,0
10770,127,1,0
10780,127,1,0
10790,127,1,0
10800,127,1,0
10810,127,1,0
10820,127,1,0
10830,127,1,0
10840,127,1,0
10850,127,1,0
10860,127,1,0
10870,127,1,0
10880,127,1,0
10890,127,1,0
10900,127,1,0
10910,127,1,0
10920,127,1,0
10930,127,1,0
10940,127,1,0
10950,127,1,0
10960,127,1,0
10970,127,1,0
10980,127,1,0
10990,127,1,0
11000,127,1,0
11010,127,1,0
11020,127,1,0
11030,127,1,0
11040,127,1,0
11050,127,1,0
11060,127,1,0
11070,127,1,0
11080,127,1,0
11090,127,1,0
11100,127,1,0
11110,127,1,0
11120,127,1,0
11130,127,1,0
11140,127,1,0
11150,127,1,0
11160,127,1,0
11170,127,1,0
11180,127,1,0
11190,127,1,0
11200,127,1,0
11210,127,1,0
11220,127,1,0
11230,127,1,0
11240,127,1,0
11250,127,1,0
11260,127,1,0
11270,127,1,0
11280,127,1,0
11290,127,1,0
11300,127,1,0
11310,127,1,0
11320,127,1,0
11330,127,1,0
11340,127,1,0
11350,127,1,0
11360,127,1,0
11370,127,1,0
11380,127,1,0
11390,127,1,0
11400,127,1,0
11410,127,1,0
11420,127,1,0
11430,127,1,0
11440,127,1,0
11450,127,1,0
11460,127,1,0
11470,127,1,0
11480,127,1,0
11490,127,1,0
11500,127,1,0
11510,127,1,0
11520,127,1,0
11530,127,1,0
11540,127,1,0
11550,127,1,0
11560,127,1,0
11570,127,1,0
11580,127,1,0
11590,127,1,0
11600,127,1,0
11610,127,1,0
11620,127,1,0
11630,0,1,0
11640,0,1,0
11650,0,1,0
11660,0,1,0
11670,0,1,0
11680,0,1,0
11690,0,1,0
11700,0,1,0
11710,0,1,0
11720,0,1,0
11730,0,1,0
11740,0,1,0
11750,0,1,0
11760,0,1,0
11770,0,1,0
11780,0,1,0
11790,0,1,0
11800,0,1,0
11810,0,1,0
11820,0,1,0
11830,0,1,0
11840,0,1,0
11850,0,1,0
11860,0,1,0
11870,0,1,0
11880,0,1,0
11890,0,1,0
11900,0,1,0
11910,0,1,0
11920,0,1,0
11930,0,1,0
11940,0,1,0
11950,-127,1,0
11960,-127,1,0
11970,-127,1,0
11980,-127,1,0
11990,-127,1,0
12000,-127,1,0
12010,-127,1,0
12020,-127,1,0
12030,0,1,0
12040,0,1,0
12050,0,1,0
12060,0,1,0
12070,0,1,0
12080,0,1,0
12090,0,1,0
12100,0,1,0
12110,0,1,0
12120,0,1,0
12130,0,1,0
12140,0,1,0
12150,0,1,0
12160,0,1,0
12170,0,1,0
12180,0,1,0
12190,0,1,0
12200,0,1,0
12210,0,1,0
12220,0,1,0
12230,0,1,0
12240,0,1,0
12250,0,1,0
12260,0,1,0
12270,0,1,0
12280,-127,1,0
12290,-127,1,0
12300,-127,1,0
12310,-127,1,0
12320,-127,1,0
12330,-127,1,0
12340,-127,1,0
12350,-127,1,0
12360,-127,1,0
12370,-127,1,0
12380,-127,1,0
12390,-127,1,0
12400,-127,1,0
12410,-127,1,0
12420,-127,1,0
12430,-127,1,0
12440,-127,1,0
12450,-127,1,0
12460,-127,1,0
12470,-127,1,0
12480,-127,1,0
12490,-127,1,0
12500,-127,1,0
12510,-127,1,0
12520,-127,1,0
12530,-127,1,0
12540,-127,1,0
12550,-127,1,0
12560,-127,1,0
12570,-127,1,0
12580,-127,1,0
12590,-127,1,0
12600,-127,1,0
12610,-127,1,0
12620,-127,1,0
12630,-127,1,0
12640,-127,1,0
12650,-127,1,0
12660,-127,1,0
12670,-127,1,0
12680,-127,1,0
12690,-127,1,0
12700,-127,1,0
12710,-127,1,0
12720,-127,1,0
12730,-127,1,0
12740,-127,1,0
12750,-127,1,0
12760,-127,1,0
12770,-127,1,0
12780,-127,1,0
12790,-127,1,0
12800,-127,1,0
12810,-127,1,0
12820,0,1,0
12830,0,1,0
12840,0,1,0
12850,0,1,0
12860,0,1,0
12870,0,1,0
12880,0,1,0
12890,0,1,0
12900,0,1,0
12910,0,1,0
12920,0,1,0
12930,0,1,0
12940,-127,1,0
12950,-127,1,0
12960,-127,1,0
12970,-127,1,0
12980,-127,1,0
12990,-127,1,0
13000,-127,1,0
13010,-127,1,0
13020,-127,1,0
13030,-127,1,0
13040,-127,1,0
13050,-127,1,0
13060,0,1,0
13070,0,1,0
13080,0,1,0
13090,0,1,0
13100,0,1,0
13110,0,1,0
13120,0,1,0
13130,0,1,0
13140,0,1,0
13150,-127,1,0
13160,-127,1,0
13170,-127,1,0
13180,-127,1,0
13190,-127,1,0
13200,-127,1,0
13210,-127,1,0
13220,-127,1,0
13230,-127,1,0
13240,-127,1,0
13250,-127,1,0
13260,-127,1,0
13270,-127,1,0
13280,-127,1,0
13290,-127,1,0
13300,-127,1,0
13310,-127,1,0
13320,-127,1,0
13330,-127,1,0
13340,-127,1,0
13350,-127,1,0
13360,-127,1,0
13370,-127,1,0
13380,-127,1,0
13390,-127,1,0
13400,-127,1,0
13410,-127,1,0
13420,-127,1,0
13430,-127,1,0
13440,-127,1,0
13450,-127,1,0
13460,-127,1,0
13470,-127,1,0
13480,-127,1,0
13490,-127,1,0
13500,-127,1,0
13510,-127,1,0
13520,-127,1,0
13530,-127,1,0
13540,-127,1,0
13550,-127,1,0
13560,-127,1,0
13570,-127,1,0
13580,-127,1,0
13590,-127,1,1
13600,-127,1,1
13610,-127,1,1
13620,-127,1,1
13630,-127,1,1
13640,-127,1,1
13650,-127,1,1
13660,-127,1,1
13670,-127,1,1
13680,-127,1,1
13690,-127,1,1
13700,-127,1,1
13710,-127,1,1
13720,-127,1,1
13730,-127,1,1
13740,-127,1,1
13750,-127,1,1
13760,-127,1,1
13770,-127,1,1
13780,-127,1,1
13790,-127,1,1
13800,-127,1,1
13810,-127,1,1
13820,-127,1,1
13830,-127,1,1
13840,-127,1,1
13850,-127,1,1
13860,-127,1,1
13870,-127,1,1
13880,-127,1,1
13890,-127,1,1
13900,-127,1,1
13910,-127,1,1
13920,-127,1,1
13930,-127,1,1
13940,-127,1,1
13950,-127,1,1
13960,-127,1,1
13970,-127,1,1
13980,-127,1,1
13990,-127,1,1
14000,-127,1,1
14010,-127,1,0
14020,-127,0,0
14030,-127,0,0
14040,-127,0,0
14050,-127,0,0
14060,-127,0,0
14070,-127,0,0
14080,-127,0,0
14090,-127,0,0
14100,-127,0,0
14110,-127,0,0
14120,-127,0,0
14130,-127,0,0
14140,-127,0,0
14150,-127,0,0
14160,-127,0,0
14170,-127,0,0
14180,-127,0,0
14190,-127,0,0
14200,-127,1,0
14210,-127,1,0
14220,-127,1,0
14230,-127,1,0
14240,-127,1,0
14250,-127,1,0
14260,-127,1,0
14270,-127,1,0
14280,-127,1,0
14290,-127,1,0
14300,-127,1,0
14310,-127,1,0
14320,-127,1,0
14330,-127,1,0
14340,-127,1,0
14350,-127,1,0
14360,-127,1,0
14370,-127,1,0
14380,-127,1,0
14390,-127,1,0
14400,-127,1,0
14410,-127,1,0
14420,-127,1,0
14430,-127,1,0
14440,-127,1,0
14450,-127,1,0
14460,-127,1,0
14470,-127,1,0
14480,-127,1,0
14490,-127,1,0
14500,-127,1,0
14510,-127,1,0
14520,-127,1,0
14530,-127,1,0
14540,-127,1,0
14550,-127,1,0
14560,-127,1,0
14570,-127,1,0
14580,-127,1,0
14590,-127,1,0
14600,-127,1,0
14610,-127,1,0
14620,-127,1,0
14630,-127,1,0
14640,-127,1,0
14650,-127,1,0
14660,-127,1,0
14670,-127,1,0
14680,-127,1,0
14690,-127,1,0
14700,-127,1,0
14710,-127,1,0
14720,-127,1,0
14730,-127,1,0
14740,-127,1,0
14750,-127,1,0
14760,-127,1,0
14770,-127,1,0
14780,-127,1,0
14790,-127,1,0
14800,-127,1,0
14810,-127,1,0
14820,-127,1,0
14830,-127,1,0
14840,-127,1,0
14850,-127,1,0
14860,-127,1,0
14870,-127,1,0
14880,-127,1,0
14890,-127,1,0
14900,-127,1,0
14910,-127,1,0
14920,-127,1,0
14930,-127,1,0
14940,-127,1,0
14950,-127,1,0
14960,-127,1,0
14970,-127,1,0
14980,-127,1,0
14990,-127,1,0
15000,-127,1,0
15010,-127,1,0
15020,-127,1,0
15030,-127,1,0
15040,-127,1,0
15050,-127,1,0
15060,-127,1,0
15070,-127,1,0
15080,-127,1,0
15090,-127,1,0
15100,-127,1,0
15110,-127,1,0
15120,-127,1,0
15130,-127,1,0
15140,-127,1,0
15150,-127,1,0
15160,-127,1,0
15170,-127,1,0
15180,-127,1,0
15190,-127,1,0
15200,-127,1,0
15210,-127,1,0
15220,-127,1,0
15230,-127,1,0
15240,-127,1,0
15250,-127,1,0
15260,-127,1,0
15270,-127,1,0
15280,-127,1,0
15290,-127,1,0
15300,-127,1,0
15310,-127,1,0
15320,-127,0,0
15330,-127,0,0
15340,-127,0,0
15350,-127,0,0
15360,-127,0,0
15370,-127,0,0
15380,-127,0,0
15390,-127,0,0
15400,-127,1,0
15410,-127,1,0
15420,-127,1,0
15430,-127,1,0
15440,-127,1,0
15450,-127,1,0
15460,-127,1,0
15470,-127,1,0
15480,-127,1,0
15490,-127,1,0
15500,-127,1,0
15510,-127,1,0
15520,-127,1,0
15530,-127,1,0
15540,-127,1,0
15550,-127,1,0
15560,-127,1,0
15570,-127,1,0
15580,-127,1,0
15590,-127,1,0
15600,-127,1,0
15610,-127,1,0
15620,-127,1,0
15630,-127,1,0
15640,-127,1,0
15650,-127,1,0
15660,-127,1,0
15670,-127,1,0
15680,-127,1,0
15690,-127,1,0
15700,-127,1,0
15710,-127,1,0
15720,-127,1,0
15730,-127,1,0
15740,-127,1,0
15750,-127,1,0
15760,-127,1,0
15770,-127,1,0
15780,-127,1,0
15790,-127,1,0
15800,-127,1,0
15810,-127,1,0
15820,-127,1,0
15830,-127,1,0
15840,-127,1,0
15850,-127,1,0
15860,-127,1,0
15870,-127,1,0
15880,-127,1,0
15890,-127,1,0
15900,-127,1,0
15910,-127,1,0
15920,-127,1,0
15930,-127,1,0
15940,-127,1,0
15950,-127,1,0
15960,-127,1,0
15970,-127,1,0
15980,-127,1,0
15990,-127,1,0
16000,-127,1,0
16010,-127,1,0
16020,-127,1,0
16030,-127,1,0
16040,-127,1,0
16050,-127,1,0
16060,-127,1,0
16070,-127,1,0
16080,-127,1,0
16090,-127,1,0
16100,-127,1,0
16110,-127,1,0
16120,-127,1,0
16130,-127,1,0
16140,-127,1,0
16150,-127,1,0
16160,-127,1,0
16170,-127,1,0
16180,-127,1,0
16190,-127,1,0
16200,-127,1,0
16210,-127,1,0
16220,-127,1,0
16230,-127,1,0
16240,-127,1,0
16250,-127,1,0
16260,-127,1,0
16270,-127,1,0
16280,-127,1,0
16290,-127,1,0
16300,-127,1,0
16310,-127,1,0
16320,-127,1,0
16330,-127,1,0
16340,-127,1,0
16350,-127,1,0
16360,-127,1,0
16370,-127,1,0
16380,-127,1,0
16390,-127,1,0
16400,-127,1,0
16410,-127,1,0
16420,-127,1,0
16430,-127,1,0
16440,0,1,0
16450,0,1,0
16460,0,1,0
16470,0,1,0
16480,0,1,0
16490,0,1,0
16500,0,1,0
16510,0,1,0
16520,0,1,0
16530,0,1,0
16540,0,1,0
16550,0,1,0
16560,0,1,0
16570,0,1,0
16580,0,1,0
16590,0,1,0
16600,0,1,0
16610,0,1,0
16620,0,1,0
16630,0,1,0
16640,0,1,0
16650,0,1,0
16660,0,1,0
16670,0,1,0
16680,0,1,0
16690,0,1,0
16700,0,1,0
16710,0,1,0
16720,0,1,0
16730,0,1,0
16740,0,1,0
16750,0,1,0
16760,0,1,0
16770,0,1,0
16780,0,1,0
16790,0,1,0
16800,0,1,0
16810,0,1,0
16820,0,1,0
16830,0,1,0
16840,0,1,0
16850,0,1,0
16860,0,1,0
16870,0,1,0
16880,0,1,0
16890,0,1,0
16900,0,1,0
16910,0,1,0
16920,0,1,0
16930,0,1,0
16940,0,1,0
16950,0,1,0
16960,0,1,0
16970,0,1,0
16980,0,1,0
16990,127,1,0
17000,127,1,0
17010,127,1,0
17020,127,1,0
17030,127,1,0
17040,127,1,0
17050,127,1,0
17060,127,1,0
17070,127,1,0
17080,127,1,0
17090,127,1,0
17100,127,1,0
17110,127,1,0
17120,127,1,0
17130,127,1,0
17140,127,1,0
17150,127,1,0
17160,127,1,0
17170,127,1,0
17180,127,1,0
17190,127,1,0
17200,127,1,0
17210,127,1,0
17220,127,1,0
17230,127,1,0
17240,127,1,0
17250,127,1,0
17260,127,1,0
17270,127,1,0
17280,127,1,0
17290,127,1,0
17300,127,1,0
17310,127,1,0
17320,127,1,0
17330,127,1,0
17340,127,1,0
17350,127,1,0
17360,127,1,0
17370,127,1,0
17380,127,1,0
17390,127,1,0
17400,127,1,0
17410,127,1,0
17420,0,1,0
17430,0,1,0
17440,0,1,0
17450,0,1,0
17460,0,1,0
17470,0,1,0
17480,0,1,0
17490,0,1,0
17500,0,1,0
17510,0,1,0
17520,0,1,0
17530,0,1,0
17540,0,1,0
17550,0,1,0
17560,0,1,0
17570,0,1,0
17580,0,1,0
17590,0,1,0
17600,0,1,0
17610,0,1,0
17620,0,1,0
17630,0,1,0
17640,0,1,0
17650,0,1,0
17660,0,1,0
17670,0,1,0
17680,0,1,0
17690,0,1,0
17700,0,1,0
17710,0,1,0
17720,0,1,0
17730,0,1,0
17740,0,1,0
17750,0,1,0
17760,0,1,0
17770,0,1,0
17780,0,1,0
17790,0,1,0
17800,127,1,0
17810,127,1,0
17820,127,1,0
17830,127,1,0
17840,127,1,0
17850,0,1,0
17860,0,1,0
17870,0,1,0
17880,0,1,0
17890,0,1,0
17900,0,1,0
17910,0,1,0
17920,0,1,0
17930,0,1,0
17940,0,1,0
17950,0,1,0
17960,0,1,0
17970,0,1,0
17980,0,1,0
17990,0,1,0
18000,0,1,0
18010,0,1,0
18020,0,1,0
18030,0,1,0
18040,0,1,0
18050,0,1,0
18060,0,1,0
18070,0,1,0
18080,0,1,0
18090,0,1,0
18100,0,1,0
18110,0,1,0
18120,0,1,0
18130,0,1,0
18140,0,1,0
18150,0,1,0
18160,0,1,0
18170,0,1,0
18180,0,1,0
18190,0,1,0
18200,0,1,0
18210,0,1,0
18220,0,1,0
18230,0,1,0
18240,0,1,0
18250,0,1,0
18260,0,1,0
18270,0,1,0
18280,0,1,0
18290,0,1,0
18300,0,1,0
18310,0,1,0
18320,0,1,0
18330,0,1,0
18340,0,1,0
18350,0,1,0
18360,0,1,0
18370,0,1,0
18380,0,1,0
18390,0,1,0
18400,0,1,0
18410,0,1,0
18420,0,1,0
18430,0,1,0
18440,0,1,0
18450,0,1,0
18460,0,1,0
18470,0,1,0
18480,0,1,0
18490,0,1,0
18500,0,1,0
18510,0,1,0
18520,0,1,0
18530,0,1,0
18540,0,1,0
18550,0,1,0
18560,0,1,0
18570,0,1,0
18580,0,1,0
18590,0,1,0
18600,0,1,0
18610,0,1,0
18620,0,1,0
18630,0,1,0
18640,0,1,0
18650,0,1,0
18660,0,1,0
18670,0,1,0
18680,0,1,0
18690,0,1,0
18700,0,1,0
18710,0,1,0
18720,0,1,0
18730,0,1,0
18740,0,1,0
18750,0,1,0
18760,0,1,0
18770,0,1,0
18780,0,1,0
18790,0,1,0
18800,0,1,0
18810,0,1,0
18820,0,1,0
18830,0,1,0
18840,0,1,0
18850,0,1,0
18860,0,1,0
18870,0,1,0
18880,0,1,0
18890,0,1,0
18900,0,1,0
18910,0,1,0
18920,0,1,0
18930,0,1,0
18940,0,1,0
18950,127,1,0
18960,127,1,0
18970,127,1,0
18980,127,1,0
18990,127,1,0
19000,127,1,0
19010,127,1,0
19020,0,1,0
19030,0,1,0
19040,0,1,0
19050,0,1,0
19060,0,1,0
19070,0,1,0
19080,0,1,0
19090,0,1,0
19100,0,1,0
19110,0,1,0
19120,0,1,0
19130,0,1,0
19140,0,1,0
19150,0,1,0
19160,0,1,0
19170,0,1,0
19180,0,1,0
19190,0,1,0
19200,0,1,0
19210,0,1,0
19220,0,1,0
19230,0,1,0
19240,0,1,0
19250,0,1,0
19260,0,1,0
19270,0,1,0
19280,0,1,0
19290,0,1,0
19300,0,1,0
19310,0,1,0
19320,0,1,0
19330,0,1,0
19340,0,1,0
19350,0,1,0
19360,0,1,0
19370,0,1,0
19380,0,1,0
19390,0,1,0
19400,0,1,0
19410,0,1,0
19420,0,1,0
19430,0,1,0
19440,0,1,0
19450,0,1,0
19460,0,1,0
19470,0,1,0
19480,0,1,0
19490,0,1,0
19500,0,1,0
19510,0,1,0
19520,0,1,0
19530,0,1,0
19540,0,1,0
19550,0,1,0
19560,0,1,0
19570,0,1,0
19580,0,1,0
19590,0,1,0
19600,0,1,0
19610,0,1,0
19620,0,1,0
19630,0,1,0
19640,0,1,0
19650,0,1,0
19660,0,1,0
19670,0,1,0
19680,0,1,0
19690,0,1,0
19700,0,1,0
19710,0,1,0
19720,0,1,0
19730,0,1,0
19740,0,1,0
19750,0,1,0
19760,0,1,0
19770,0,1,0
19780,0,1,0
19790,0,1,0
19800,0,1,0
19810,0,1,0
19820,0,1,0
19830,0,1,0
19840,0,1,0
19850,0,1,0
19860,0,1,0
19870,0,1,0
19880,0,1,0
19890,0,1,0
19900,0,1,0
19910,0,1,0
19920,0,1,0
19930,0,1,0
19940,0,1,0
19950,0,1,0
19960,0,1,0
19970,0,1,0
19980,0,1,0
19990,0,1,0
20000,0,1,0
20010,127,1,0
20020,127,1,0
20030,127,1,0
20040,127,1,0
20050,127,1,0
20060,127,1,0
20070,127,1,0
20080,0,1,0
20090,0,1,0
20100,0,1,0
20110,0,1,0
20120,0,1,0
20130,0,1,0
20140,0,1,0
20150,0,1,0
20160,0,1,0
20170,0,1,0
20180,0,1,0
20190,0,1,0
20200,0,1,0
20210,0,1,0
20220,0,1,0
20230,0,1,0
20240,0,1,0
20250,0,1,0
20260,0,1,0
20270,0,1,0
20280,127,1,0
20290,127,1,0
20300,127,1,0
20310,127,1,0
20320,127,1,0
20330,127,1,0
20340,127,1,0
20350,127,1,0
20360,127,1,0
20370,127,1,0
20380,127,1,0
20390,127,1,0
20400,127,1,0
20410,127,1,0
20420,127,1,0
20430,127,1,0
20440,127,1,0
20450,127,1,0
20460,0,1,0
20470,0,1,0
20480,0,1,0
20490,0,1,0
20500,0,1,0
20510,0,1,0
20520,0,1,0
20530,0,1,0
20540,0,1,0
20550,0,1,0
20560,0,1,0
20570,0,1,0
20580,0,1,0
20590,0,1,0
20600,0,1,0
20610,0,1,0
20620,0,1,0
20630,-127,1,0
20640,-127,1,0
20650,-127,1,0
20660,-127,1,0
20670,-127,1,0
20680,-127,1,0
20690,-127,1,0
20700,-127,1,0
20710,-127,1,0
20720,-127,1,0
20730,-127,1,0
20740,-127,1,0
20750,-127,1,0
20760,-127,1,0
20770,-127,1,0
20780,-127,1,0
20790,-127,1,0
20800,-127,1,0
20810,-127,1,0
20820,-127,1,0
20830,-127,1,0
20840,-127,1,0
20850,-127,1,0
20860,-127,1,0
20870,-127,1,0
20880,-127,1,0
20890,-127,1,0
20900,-127,1,0
20910,-127,1,0
20920,-127,1,0
20930,-127,1,0
20940,-127,1,0
20950,-127,1,0
20960,-127,1,0
20970,-127,1,0
20980,-127,1,0
20990,-127,1,0
21000,-127,1,0
21010,-127,1,0
21020,-127,1,0
21030,-127,1,0
21040,-127,1,0
21050,-127,1,0
21060,-127,1,0
21070,-127,1,0
21080,-127,1,0
21090,-127,1,0
21100,-127,1,0
21110,-127,1,0
21120,-127,1,0
21130,-127,1,0
21140,-127,1,0
21150,-127,1,0
21160,0,1,0
21170,0,1,0
21180,127,1,0
21190,127,1,0
21200,127,1,0
21210,127,1,0
21220,127,1,0
21230,127,1,0
21240,127,1,0
21250,127,1,0
21260,127,1,0
21270,127,1,0
21280,127,1,0
21290,127,1,0
21300,127,1,0
21310,127,1,0
21320,127,1,0
21330,127,1,0
21340,127,1,0
21350,127,1,0
21360,127,1,0
21370,127,1,0
21380,127,1,0
21390,127,1,0
21400,127,1,0
21410,127,1,0
21420,127,1,0
21430,127,1,0
21440,127,1,0
21450,127,1,0
21460,127,1,0
21470,127,1,0
21480,127,1,1
21490,127,1,1
21500,127,1,1
21510,127,1,1
21520,127,1,1
21530,127,1,1
21540,127,1,1
21550,127,1,1
21560,127,1,1
21570,127,1,1
21580,127,1,0
21590,127,1,0
21600,127,1,0
21610,127,0,0
21620,127,0,0
21630,127,0,0
21640,127,1,0
21650,127,1,0
21660,127,1,0
21670,127,1,0
21680,127,1,0
21690,127,1,0
21700,127,1,0
21710,127,1,0
21720,127,1,0
21730,127,1,0
21740,127,1,0
21750,127,1,0
21760,127,1,0
21770,127,1,0
21780,127,1,0
21790,127,1,0
21800,127,1,0
21810,127,1,0
21820,127,1,0
21830,127,1,0
21840,127,1,0
21850,127,1,0
21860,127,1,0
21870,127,1,0
21880,127,1,0
21890,127,1,0
21900,127,1,0
21910,127,1,0
21920,127,1,0
21930,127,1,0
21940,127,1,0
21950,127,1,0
21960,127,1,0
21970,127,1,0
21980,127,1,0
21990,127,1,0
22000,127,1,0
22010,127,1,0
22020,127,1,0
22030,127,1,0
22040,127,1,0
22050,127,1,0
22060,127,1,0
22070,127,1,0
22080,127,1,0
22090,127,1,0
22100,127,1,0
22110,127,1,0
22120,127,1,0
22130,127,1,0
22140,127,1,0
22150,127,1,0
22160,127,1,0
22170,127,1,0
22180,127,1,0
22190,127,1,0
22200,127,1,0
22210,127,1,0
22220,127,1,0
22230,127,1,0
22240,127,1,0
22250,127,1,0
22260,127,1,0
22270,127,1,0
22280,127,1,0
22290,127,1,0
22300,127,1,0
22310,127,1,0
22320,127,1,0
22330,127,1,0
22340,127,1,0
22350,127,1,0
22360,127,1,0
22370,127,1,0
22380,127,1,0
22390,127,1,0
22400,127,1,0
22410,127,1,0
22420,127,1,0
22430,127,1,0
22440,127,1,0
22450,127,1,0
22460,127,1,0
22470,127,1,0
22480,127,1,0
22490,127,1,0
22500,127,1,0
22510,127,1,0
22520,127,1,0
22530,127,1,0
22540,127,1,0
22550,127,1,0
22560,127,1,0
22570,127,1,0
22580,127,1,0
22590,127,1,0
22600,127,1,0
22610,127,1,0
22620,127,1,0
22630,127,1,0
22640,127,1,0
22650,127,1,0
22660,127,1,0
22670,127,1,0
22680,127,1,0
22690,127,1,0
22700,127,1,0
22710,127,1,0
22720,127,1,0
22730,127,1,0
22740,127,1,0
22750,127,1,0
22760,127,1,0
22770,127,1,0
22780,127,1,0
22790,127,1,0
22800,127,1,0
22810,127,1,0
22820,127,1,0
22830,127,1,0
22840,127,1,0
22850,127,1,0
22860,127,1,0
22870,127,1,0
22880,127,1,0
22890,127,1,0
22900,127,1,0
22910,127,1,0
22920,127,1,0
22930,127,1,0
22940,127,1,0
22950,127,1,0
22960,127,1,0
22970,127,1,0
22980,127,1,0
22990,127,1,0
23000,127,1,0
23010,127,1,0
23020,127,1,0
23030,127,1,0
23040,127,1,0
23050,127,1,0
23060,127,1,0
23070,127,1,0
23080,127,1,0
23090,127,1,0
23100,127,1,0
23110,127,1,0
23120,127,1,0
23130,127,1,0
23140,127,1,0
23150,127,1,0
23160,127,1,0
23170,127,1,0
23180,127,1,0
23190,127,1,0
23200,127,1,0
23210,127,1,0
23220,127,1,0
23230,127,1,0
23240,127,1,0
23250,127,1,0
23260,127,1,0
23270,127,1,0
23280,127,1,0
23290,127,1,0
23300,127,1,0
23310,127,1,0
23320,127,1,0
23330,127,1,0
23340,127,1,0
23350,127,1,0
23360,127,1,0
23370,127,1,0
23380,127,1,0
23390,127,1,0
23400,127,1,0
23410,127,1,0
23420,127,1,0
23430,127,1,0
23440,127,1,0
23450,127,1,0
23460,127,1,0
23470,127,1,0
23480,127,1,0
23490,127,1,0
23500,127,1,0
23510,127,1,0
23520,127,1,0
23530,127,1,0
23540,127,1,0
23550,127,1,0
23560,127,1,0
23570,127,1,0
23580,127,1,0
23590,127,1,0
23600,127,1,0
23610,127,1,0
23620,127,1,0
23630,127,1,0
23640,127,1,0
23650,127,1,0
23660,127,1,0
23670,127,1,0
23680,127,1,0
23690,127,1,0
23700,127,1,0
23710,127,1,0
23720,127,1,0
23730,127,1,0
23740,127,1,0
23750,127,1,0
23760,127,1,0
23770,127,1,0
23780,127,1,0
23790,127,1,0
23800,127,1,0
23810,127,1,0
23820,127,1,0
23830,127,1,0
23840,127,1,0
23850,127,1,0
23860,127,1,0
23870,127,1,0
23880,127,1,0
23890,127,1,0
23900,127,1,0
23910,127,1,0
23920,127,1,0
23930,127,1,0
23940,127,1,0
23950,127,1,0
23960,127,0,0
23970,127,0,0
23980,127,0,0
23990,127,0,0
24000,127,0,0
24010,127,0,0
24020,127,0,0
24030,127,0,0
24040,127,0,0
24050,127,1,0
24060,127,1,0
24070,127,1,0
24080,127,1,0
24090,127,1,0
24100,127,1,0
24110,127,1,0
24120,127,1,0
24130,127,1,0
24140,127,1,0
24150,127,1,0
24160,127,1,0
24170,127,1,0
24180,127,1,0
24190,127,1,0
24200,127,1,0
24210,127,1,0
24220,127,1,0
24230,127,1,0
24240,127,1,0
24250,127,1,0
24260,127,1,0
24270,127,1,0
24280,127,1,0
24290,127,1,0
24300,127,1,0
24310,127,1,0
24320,127,1,0
24330,127,1,0
24340,127,1,0
24350,127,1,0
24360,127,1,0
24370,127,1,0
24380,127,1,0
24390,127,1,0
24400,127,1,0
24410,127,1,0
24420,127,1,0
24430,127,1,0
24440,127,1,0
24450,127,1,0
24460,127,1,0
24470,127,1,0
24480,127,1,0
24490,127,1,0
24500,127,1,0
24510,127,1,0
24520,127,1,0
24530,127,1,0
24540,127,1,0
24550,127,1,0
24560,127,1,0
24570,127,1,0
24580,127,1,0
24590,127,1,0
24600,127,1,0
24610,127,1,0
24620,127,1,0
24630,127,1,0
24640,127,1,0
24650,127,1,0
24660,127,1,0
24670,127,1,0
24680,127,1,0
24690,127,1,0
24700,127,1,0
24710,127,1,0
24720,127,1,0
24730,127,1,0
24740,127,1,0
24750,127,1,0
24760,127,1,0
24770,127,1,0
24780,127,1,0
24790,127,1,0
24800,0,1,0
24810,0,1,0
24820,0,1,0
24830,0,1,0
24840,0,1,0
24850,0,1,0
24860,0,1,0
24870,0,1,0
24880,0,1,0
24890,0,1,0
24900,127,1,0
24910,127,1,0
24920,127,1,0
24930,127,1,0
24940,127,1,0
24950,127,1,0
24960,127,1,0
24970,127,1,0
24980,127,1,0
24990,127,1,0
25000,127,1,0
25010,127,1,0
25020,127,1,0
25030,127,1,0
25040,127,1,0
25050,127,1,0
25060,127,1,0
25070,127,1,0
25080,127,1,0
25090,127,1,0
25100,127,1,0
25110,127,1,0
25120,127,1,0
25130,127,1,0
25140,127,1,0
25150,0,1,0
25160,0,1,0
25170,0,1,0
25180,0,1,0
25190,0,1,0
25200,0,1,0
25210,0,1,0
25220,0,1,0
25230,0,1,0
25240,0,1,0
25250,0,1,0
25260,0,1,0
25270,0,1,0
25280,0,1,0
25290,0,1,0
25300,0,1,0
25310,0,1,0
25320,0,1,0
25330,0,1,0
25340,0,1,0
25350,0,1,0
25360,0,1,0
25370,0,1,0
25380,0,1,0
25390,0,1,0
25400,0,1,0
25410,0,1,0
25420,0,1,0
25430,0,1,0
25440,0,1,0
25450,0,1,0
25460,0,1,0
25470,0,1,0
25480,0,1,0
25490,0,1,0
25500,0,1,0
25510,0,1,0
25520,0,1,0
25530,0,1,0
25540,0,1,0
25550,0,1,0
25560,0,1,0
25570,0,1,0
25580,0,1,0
25590,0,1,0
25600,0,1,0
25610,127,1,0
25620,127,1,0
25630,127,1,0
25640,127,1,0
25650,127,1,0
25660,127,1,0
25670,0,1,0
25680,0,1,0
25690,0,1,0
25700,0,1,0
25710,0,1,0
25720,0,1,0
25730,0,1,0
25740,0,1,0
25750,0,1,0
25760,0,1,0
25770,0,1,0
25780,0,1,0
25790,-127,1,0
25800,-127,1,0
25810,-127,1,0
25820,-127,1,0
25830,-127,1,0
25840,-127,1,0
25850,0,1,0
25860,0,1,0
25870,0,1,0
25880,0,1,0
25890,0,1,0
25900,0,1,0
25910,0,1,0
25920,0,1,0
25930,0,1,0
25940,0,1,0
25950,0,1,0
25960,0,1,0
25970,0,1,0
25980,0,1,0
25990,0,1,0
26000,0,1,0
26010,0,1,0
26020,0,1,0
26030,0,1,0
26040,0,1,0
26050,0,1,0
26060,0,1,0
26070,0,1,0
26080,0,1,0
26090,0,1,0
26100,0,1,0
26110,0,1,0
26120,0,1,0
26130,0,1,0
26140,0,1,0
26150,0,1,0
26160,0,1,0
26170,0,1,0
26180,0,1,0
26190,0,1,0
26200,0,1,0
26210,0,1,0
26220,0,1,0
26230,0,1,0
26240,0,1,0
26250,0,1,0
26260,0,1,0
26270,0,1,0
26280,0,1,0
26290,0,1,0
26300,0,1,0
26310,0,1,0
26320,-127,1,0
26330,-127,1,0
26340,-127,1,0
26350,-127,1,0
26360,-127,1,0
26370,-127,1,0
26380,-127,1,0
26390,-127,1,0
26400,0,1,0
26410,0,1,0
26420,0,1,0
26430,0,1,0
26440,0,1,0
26450,0,1,0
26460,0,1,0
26470,0,1,0
26480,0,1,0
26490,0,1,0
26500,0,1,0
26510,0,1,0
26520,0,1,0
26530,0,1,0
26540,-127,1,0
26550,-127,1,0
26560,-127,1,0
26570,-127,1,0
26580,-127,1,0
26590,-127,1,0
26600,-127,1,0
26610,-127,1,0
26620,-127,1,0
26630,0,1,0
26640,0,1,0
26650,0,1,0
26660,0,1,0
26670,0,1,0
26680,0,1,0
26690,0,1,0
26700,0,1,0
26710,0,1,0
26720,0,1,0
26730,-127,1,0
26740,-127,1,0
26750,-127,1,0
26760,-127,1,0
26770,-127,1,0
26780,-127,1,0
26790,-127,1,0
26800,-127,1,0
26810,-127,1,0
26820,-127,1,0
26830,-127,1,0
26840,0,1,0
26850,0,1,0
26860,0,1,0
26870,0,1,0
26880,0,1,0
26890,0,1,0
26900,0,1,0
26910,0,1,0
26920,0,1,0
26930,0,1,0
26940,0,1,0
26950,0,1,0
26960,0,1,0
26970,0,1,0
26980,0,1,0
26990,0,1,0
27000,0,1,0
27010,0,1,0
27020,0,1,0
27030,0,1,0
27040,0,1,0
27050,0,1,0
27060,0,1,0
27070,0,1,0
27080,0,1,0
27090,0,1,0
27100,0,1,0
27110,-127,1,0
27120,-127,1,0
27130,-127,1,0
27140,-127,1,0
27150,-127,1,0
27160,-127,1,0
27170,-127,1,0
27180,-127,1,0
27190,0,1,0
27200,0,1,0
27210,0,1,0
27220,0,1,0
27230,0,1,0
27240,0,1,0
27250,0,1,0
27260,0,1,0
27270,0,1,0
27280,0,1,0
27290,0,1,0
27300,0,1,0
27310,0,1,0
27320,0,1,0
27330,0,1,0
27340,0,1,0
27350,0,1,0
27360,0,1,0
27370,0,1,0
27380,0,1,0
27390,0,1,0
27400,0,1,0
27410,0,1,0
27420,0,1,0
27430,0,1,0
27440,0,1,0
27450,0,1,0
27460,0,1,0
27470,0,1,0
27480,0,1,0
27490,0,1,0
27500,0,1,0
27510,0,1,0
27520,0,1,0
27530,0,1,0
27540,0,1,0
27550,0,1,0
27560,0,1,0
27570,0,1,0
27580,0,1,0
27590,0,1,0
27600,-127,1,0
27610,-127,1,0
27620,-127,1,0
27630,0,1,0
27640,0,1,0
27650,0,1,0
27660,0,1,0
27670,0,1,0
27680,0,1,0
27690,0,1,0
27700,0,1,0
27710,0,1,0
27720,0,1,0
27730,0,1,0
27740,0,1,0
27750,0,1,0
27760,0,1,0
27770,0,1,0
27780,0,1,0
27790,-127,1,0
27800,-127,1,0
27810,-127,1,0
27820,-127,1,0
27830,-127,1,0
27840,-127,1,0
27850,-127,1,0
27860,-127,1,0
27870,-127,1,0
27880,-127,1,0
27890,0,1,0
27900,0,1,0
27910,0,1,0
27920,0,1,0
27930,0,1,0
27940,0,1,0
27950,0,1,0
27960,0,1,0
27970,0,1,0
27980,0,1,0
27990,0,1,0
28000,0,1,0
28010,0,1,0
28020,0,1,0
28030,0,1,0
28040,0,1,0
28050,0,1,0
28060,0,1,0
28070,0,1,0
28080,0,1,0
28090,0,1,0
28100,0,1,0
28110,0,1,0
28120,0,1,0
28130,0,1,0
28140,0,1,0
28150,0,1,0
28160,0,1,0
28170,0,1,0
28180,0,1,0
28190,0,1,0
28200,0,1,0
28210,0,1,0
28220,127,1,0
28230,127,1,0
28240,127,1,0
28250,127,1,0
28260,127,1,0
28270,127,1,0
28280,127,1,0
28290,127,1,0
28300,127,1,0
28310,127,1,0
28320,127,1,0
28330,127,1,0
28340,127,1,0
28350,127,1,0
28360,127,1,0
28370,127,1,0
28380,127,1,0
28390,127,1,0
28400,127,1,0
28410,127,1,0
28420,127,1,0
28430,127,1,0
28440,127,1,0
28450,127,1,0
28460,106,1,0
28470,105,1,0
28480,105,1,0
28490,-22,1,0
28500,-23,1,0
28510,-23,1,0
28520,-23,1,0
28530,-24,1,0
28540,-24,1,0
28550,-25,1,0
28560,-25,1,0
28570,-25,1,0
28580,-25,1,0
28590,-25,1,0
28600,-25,1,0
28610,-26,1,0
28620,-26,1,0
28630,-26,1,0
28640,-26,1,0
28650,-26,1,0
28660,-25,1,0
28670,-24,1,0
28680,-24,1,0
28690,-24,1,0
28700,-22,1,0
28710,-21,1,0
28720,-21,1,0
28730,-19,1,0
28740,-18,1,0
28750,-17,1,0
28760,-15,1,0
28770,-14,1,0
28780,-13,1,0
28790,-11,1,0
28800,-10,1,0
28810,-9,1,0
28820,-8,1,0
28830,-7,1,0
28840,-6,1,0
28850,-5,1,0
28860,-3,1,0
28870,-3,1,0
28880,-2,1,0
28890,-2,1,0
28900,-1,1,0
28910,-1,1,0
28920,0,1,0
28930,0,1,0
28940,0,1,0
28950,0,1,0
28960,0,1,0
28970,0,1,0
28980,0,1,0
28990,0,1,0
29000,0,1,0
29010,0,1,0
29020,0,1,0
29030,0,1,0
29040,0,1,0
29050,0,1,0
29060,0,1,0
29070,0,1,0
29080,0,1,0
29090,0,1,0
29100,0,1,0
29110,0,1,0
29120,0,1,0
29130,127,1,0
29140,127,1,0
29150,127,1,0
29160,127,1,0
29170,127,1,0
29180,127,1,0
29190,127,1,0
29200,127,1,0
29210,127,1,0
29220,127,1,0
29230,127,1,0
29240,0,1,0
29250,0,1,0
29260,0,1,0
29270,0,1,0
29280,0,1,0
29290,0,1,0
29300,0,1,0
29310,0,1,0
29320,0,1,0
29330,0,1,0
29340,0,1,0
29350,127,1,0
29360,127,1,0
29370,127,1,0
29380,127,1,0
29390,127,1,0
29400,127,1,0
29410,127,1,0
29420,127,1,0
29430,127,1,0
29440,127,1,0
29450,127,1,0
29460,127,1,0
29470,127,1,0
29480,127,1,0
29490,127,1,0
29500,127,1,0
29510,127,1,0
29520,127,1,0
29530,0,1,0
29540,0,1,0
29550,0,1,0
29560,0,1,0
29570,0,1,0
29580,0,1,0
29590,0,1,0
29600,0,1,0
29610,0,1,0
29620,0,1,0
29630,0,1,0
29640,0,1,0
29650,127,1,0
29660,127,1,0
29670,127,1,0
29680,127,1,0
29690,127,1,0
29700,127,1,0
29710,127,1,0
29720,127,1,0
29730,127,1,0
29740,5,1,0
29750,2,1,0
29760,1,1,0
29770,0,1,0
29780,0,1,0
29790,0,1,0
29800,0,1,0
29810,0,1,0
29820,0,1,0
29830,0,1,0
29840,0,1,0
29850,127,1,0
29860,127,1,0
29870,127,1,0
29880,127,1,0
29890,127,1,0
29900,127,1,0
29910,127,1,0
29920,127,1,0
29930,127,1,0
29940,0,1,0
29950,0,1,0
29960,0,1,0
29970,0,1,0
29980,0,1,0
29990,0,1,0
30000,0,1,0
30010,0,1,0
30020,0,1,0
30030,0,1,0
30040,0,1,0
30050,0,1,0
30060,0,1,0
30070,0,1,0
30080,0,1,0
30090,0,1,0
30100,0,1,0
30110,0,1,0
30120,0,1,0
30130,0,1,0
30140,0,1,0
30150,0,1,0
30160,0,1,0
30170,0,1,0
30180,0,1,0
30190,0,1,0
30200,0,1,0
30210,127,1,0
30220,127,1,0
30230,127,1,0
30240,127,1,0
30250,127,1,0
30260,127,1,0
30270,127,1,0
30280,127,1,0
30290,127,1,0
30300,127,1,0
30310,127,1,0
30320,127,1,0
30330,0,1,0
30340,0,1,0
30350,0,1,0
30360,0,1,0
30370,0,1,0
30380,0,1,0
30390,0,1,0
30400,0,1,0
30410,0,1,0
30420,127,1,0
30430,127,1,0
30440,127,1,0
30450,127,1,0
30460,127,1,0
30470,127,1,0
30480,127,1,0
30490,127,1,0
30500,127,1,0
30510,127,1,0
30520,127,1,0
30530,127,1,0
30540,127,1,0
30550,127,1,0
30560,127,1,0
30570,127,1,0
30580,127,1,0
30590,127,1,0
30600,127,1,1
30610,127,1,1
30620,127,1,1
30630,127,1,1
30640,127,1,1
30650,127,1,1
30660,127,1,1
30670,127,1,1
30680,127,1,1
30690,127,1,1
30700,127,1,1
30710,127,1,1
30720,127,1,1
30730,127,1,1
30740,127,1,1
30750,127,1,1
30760,127,1,1
30770,127,1,1
30780,127,1,1
30790,127,1,1
30800,127,1,1
30810,127,1,1
30820,127,1,1
30830,127,1,1
30840,127,1,1
30850,127,1,1
30860,127,1,1
30870,127,1,1
30880,127,1,1
30890,127,1,1
30900,127,1,1
30910,127,1,0
30920,127,1,0
30930,127,1,0
30940,127,1,0
30950,127,1,0
30960,127,1,0
30970,127,1,0
30980,127,1,0
30990,127,1,0
31000,127,1,0
31010,127,1,0
31020,127,1,0
31030,127,1,0
31040,127,1,0
31050,127,1,0
31060,127,1,0
31070,127,1,0
31080,127,1,0
31090,127,1,0
31100,127,1,0
31110,127,1,0
31120,127,1,0
31130,127,1,0
31140,127,1,0
31150,127,1,0
31160,127,1,0
31170,127,1,0
31180,127,1,0
31190,127,1,0
31200,127,1,0
31210,127,1,0
31220,127,1,0
31230,127,1,0
31240,127,1,0
31250,127,1,0
31260,127,1,0
31270,127,1,0
31280,127,1,0
31290,127,1,0
31300,127,1,0
31310,127,1,0
31320,127,1,0
31330,127,1,0
31340,127,1,0
31350,127,1,0
31360,127,1,0
31370,127,1,0
31380,127,1,0
31390,127,1,0
31400,127,1,0
31410,127,1,0
31420,127,1,0
31430,127,1,0
31440,127,1,0
31450,127,1,0
31460,3,1,0
31470,3,1,0
31480,2,1,0
31490,2,1,0
31500,2,1,0
31510,2,1,0
31520,1,1,0
31530,127,1,0
31540,127,1,0
31550,127,1,0
31560,127,1,0
31570,127,1,0
31580,127,1,0
31590,127,1,0
31600,127,1,0
31610,127,1,0
31620,127,1,0
31630,127,1,0
31640,127,1,0
31650,127,1,0
31660,127,1,0
31670,127,1,0
31680,127,1,0
31690,127,1,0
31700,127,1,0
31710,127,1,0
31720,127,1,0
31730,127,1,0
31740,127,1,0
31750,127,1,0
31760,127,1,0
31770,127,1,0
31780,127,1,0
31790,127,1,0
31800,127,1,0
31810,0,0,0
31820,0,0,0
31830,0,0,0
31840,-127,0,0
31850,-127,0,0
31860,-127,0,0
31870,-127,0,0
31880,-127,0,0
31890,-127,0,0
31900,-127,0,0
31910,-127,0,0
31920,-127,1,0
31930,-127,1,0
31940,-127,1,0
31950,-127,1,0
31960,-127,1,0
31970,-127,1,0
31980,-127,1,0
31990,-127,1,0
32000,-127,1,0
32010,-127,1,0
32020,-114,1,0
32030,-116,1,0
32040,-119,1,0
32050,-121,1,0
32060,-124,1,0
32070,-126,1,0
32080,-127,1,0
32090,-126,1,0
32100,-124,1,0
32110,-121,1,0
32120,-116,1,0
32130,-112,1,0
32140,-108,1,0
32150,-104,1,0
32160,-102,1,0
32170,-101,1,0
32180,-102,1,0
32190,-104,1,0
32200,-108,1,0
32210,-112,1,0
32220,-116,1,0
32230,-121,1,0
32240,-124,1,0
32250,-126,1,0
32260,-127,1,0
32270,-127,1,0
32280,-127,1,0
32290,-127,1,0
32300,-127,1,0
32310,-127,1,0
32320,-127,1,0
32330,-127,1,0
32340,-127,1,0
32350,-127,1,0
32360,-127,1,0
32370,-127,1,0
32380,-127,1,0
32390,-127,1,0
32400,-127,1,0
32410,-127,1,0
32420,-127,1,0
32430,-127,1,0
32440,-127,1,0
32450,-127,1,0
32460,99,1,0
32470,102,1,0
32480,104,1,0
32490,107,1,0
32500,109,1,0
32510,111,1,0
32520,113,1,0
32530,115,1,0
32540,117,1,0
32550,119,1,0
32560,127,1,0
32570,127,1,0
32580,127,1,0
32590,127,1,0
32600,127,1,0
32610,127,1,0
32620,127,0,0
32630,127,0,0
32640,127,0,0
32650,127,0,0
32660,127,0,0
32670,127,0,0
32680,127,0,0
32690,127,0,0
32700,127,0,0
32710,127,0,0
32720,127,0,0
32730,127,0,0
32740,127,0,0
32750,127,0,0
32760,127,1,0
32770,127,1,0
32780,127,1,0
32790,127,1,0
32800,127,1,0
32810,127,1,0
32820,127,1,0
32830,127,1,0
32840,127,1,0
32850,127,1,0
32860,127,1,0
32870,127,1,0
32880,127,1,0
32890,127,1,0
32900,0,1,0
32910,0,1,0
32920,0,1,0
32930,0,1,0
32940,0,1,0
32950,0,1,0
32960,0,1,0
32970,0,1,0
32980,0,1,0
32990,0,1,0
33000,0,1,0
33010,0,1,0
33020,0,1,0
33030,0,1,0
33040,0,1,0
33050,0,1,0
33060,0,1,0
33070,0,1,0
33080,0,1,0
33090,0,1,0
33100,0,1,0
33110,0,1,0
33120,0,1,0
33130,0,1,0
33140,0,1,0
33150,0,1,0
33160,0,1,0
33170,0,1,0
33180,0,1,0
33190,0,1,0
33200,0,1,0
33210,0,1,0
33220,0,1,0
33230,0,1,0
33240,0,1,0
33250,0,1,0
33260,0,1,0
33270,0,1,0
33280,0,1,0
33290,0,1,0
33300,0,1,0
33310,1,1,0
33320,1,1,0
33330,1,1,0
33340,1,1,0
33350,127,1,0
33360,127,1,0
33370,2,1,0
33380,-125,1,0
33390,2,1,0
33400,2,1,0
33410,2,1,0
33420,3,1,0
33430,3,1,0
33440,3,1,0
33450,3,1,0
33460,3,1,0
33470,3,1,0
33480,3,1,0
33490,3,1,0
33500,3,1,0
33510,3,1,0
33520,3,1,0
33530,2,1,0
33540,2,1,0
33550,2,1,0
33560,2,1,0
33570,2,1,0
33580,2,1,0
33590,1,1,0
33600,1,1,0
33610,1,1,0
33620,1,1,0
33630,1,1,0
33640,0,1,0
33650,0,1,0
33660,0,1,0
33670,0,1,0
33680,0,1,0
33690,0,1,0
33700,0,1,0
33710,0,1,0
33720,0,1,0
33730,0,1,0
33740,0,1,0
33750,-127,1,0
33760,-127,1,0
33770,-127,1,0
33780,-127,1,0
33790,-127,1,0
33800,-127,1,0
33810,-127,1,0
33820,-127,1,0
33830,-127,1,0
33840,0,1,0
33850,0,1,0
33860,0,1,0
33870,0,1,0
33880,0,1,0
33890,0,1,0
33900,0,1,0
33910,0,1,0
33920,0,1,0
33930,0,1,0
33940,0,1,0
33950,0,1,0
33960,0,1,0
33970,0,1,0
33980,0,1,0
33990,0,1,0
34000,0,1,0
34010,0,1,0
34020,0,1,0
34030,0,1,0
34040,0,1,0
34050,0,1,0
34060,0,1,0
34070,-127,1,0
34080,-127,1,0
34090,-127,1,0
34100,0,1,0
34110,0,1,0
34120,0,1,0
34130,0,1,0
34140,0,1,0
34150,0,1,0
34160,0,1,0
34170,0,1,0
34180,0,1,0
34190,0,1,0
34200,0,1,0
34210,0,1,0
34220,0,1,0
34230,0,1,0
34240,0,1,0
34250,0,1,0
34260,127,1,0
34270,127,1,0
34280,127,1,0
34290,127,1,0
34300,127,1,0
34310,127,1,0
34320,127,1,0
34330,127,1,0
34340,127,1,0
34350,127,1,0
34360,127,1,0
34370,127,1,0
34380,127,1,0
34390,127,1,0
34400,127,1,0
34410,127,1,0
34420,127,1,0
34430,127,1,0
34440,127,1,0
34450,127,1,0
34460,0,1,0
34470,0,1,0
34480,0,1,0
34490,0,1,0
34500,0,1,0
34510,0,1,0
34520,0,1,0
34530,0,0,0
34540,0,0,0
34550,0,1,0
34560,0,1,0
34570,0,1,0
34580,-127,1,0
34590,-127,1,0
34600,-127,1,0
34610,-127,1,0
34620,-127,1,0
34630,0,1,0
34640,0,1,0
34650,0,1,0
34660,0,1,1
34670,0,1,0
34680,0,1,0
34690,0,1,0
34700,0,1,0
34710,0,1,0
34720,0,1,0
34730,127,1,0
34740,127,1,0
34750,127,1,0
34760,127,1,0
34770,127,1,0
34780,127,1,0
34790,127,1,0
34800,127,1,0
34810,127,1,0
34820,127,1,0
34830,127,1,0
34840,127,1,0
34850,127,1,0
34860,127,1,0
34870,127,1,0
34880,127,1,0
34890,127,1,0
34900,127,1,0
34910,127,1,0
34920,127,1,0
34930,127,1,0
34940,127,1,0
34950,127,1,0
34960,127,1,0
34970,127,1,0
34980,127,1,0
34990,127,1,0
35000,127,1,0
35010,127,1,0
35020,127,1,0
35030,127,1,0
35040,127,1,0
35050,127,1,0
35060,127,1,0
35070,127,1,0
35080,127,1,0
35090,127,1,0
35100,127,1,0
35110,127,1,0
35120,127,1,0
35130,127,1,0
35140,127,1,0
35150,127,1,0
35160,127,1,0
35170,127,0,0
35180,127,0,0
35190,127,0,0
35200,127,1,0
35210,127,1,0
35220,127,1,0
35230,127,1,0
35240,127,1,0
35250,127,1,0
35260,127,1,0
35270,127,1,0
35280,127,1,0
35290,127,1,0
35300,127,1,0
35310,127,1,0
35320,127,1,0
35330,127,1,0
35340,127,1,0
35350,127,1,0
35360,127,1,0
35370,127,1,0
35380,127,1,0
35390,127,1,0
35400,127,1,0
35410,127,1,0
35420,127,1,0
35430,127,1,0
35440,127,1,0
35450,127,1,0
35460,127,1,0
35470,127,1,0
35480,127,1,0
35490,127,1,0
35500,127,1,0
35510,127,1,0
35520,127,1,0
35530,127,1,0
35540,127,1,0
35550,127,1,0
35560,127,1,0
35570,127,1,0
35580,127,1,0
35590,127,1,0
35600,127,1,0
35610,127,1,0
35620,127,1,0
35630,0,1,0
35640,0,1,0
35650,0,1,0
35660,0,1,0
35670,0,1,0
35680,0,1,0
35690,0,1,0
35700,0,1,0
35710,0,1,0
35720,0,1,0
35730,0,1,0
35740,0,1,0
35750,0,1,0
35760,0,1,0
35770,0,1,0
35780,0,1,0
35790,0,1,0
35800,0,1,0
35810,0,1,0
35820,0,1,0
35830,0,1,0
35840,-6,1,0
35850,-6,1,0
35860,0,1,0
35870,0,1,0
35880,0,1,0
35890,0,1,0
35900,0,1,0
35910,127,1,0
35920,127,1,0
35930,127,1,0
35940,127,1,0
35950,127,1,0
35960,127,1,0
35970,127,1,0
35980,127,1,0
35990,127,1,0
36000,127,1,0
36010,127,1,0
36020,127,1,0
36030,127,1,0
36040,127,1,0
36050,127,1,0
36060,127,1,0
36070,127,1,0
36080,127,1,0
36090,127,1,0
36100,127,1,0
36110,127,1,0
36120,127,1,0
36130,127,1,0
36140,127,1,0
36150,127,1,0
36160,127,1,0
36170,7,1,0
36180,2,1,0
36190,0,1,0
36200,0,1,0
36210,127,1,0
36220,127,1,0
36230,127,1,0
36240,127,1,0
36250,79,1,0
36260,79,1,0
36270,79,1,0
36280,79,1,0
36290,79,1,0
36300,79,1,0
36310,79,1,0
36320,79,1,0
36330,79,1,0
36340,79,1,0
36350,79,1,0
36360,79,1,0
36370,79,1,0
36380,79,1,0
36390,79,1,0
36400,79,1,0
36410,79,1,0
36420,79,1,0
36430,79,1,0
36440,79,1,0
36450,79,1,0
36460,79,1,0
36470,79,1,0
36480,79,1,0
36490,79,1,0
36500,79,1,0
36510,79,1,0
36520,79,1,0
36530,79,1,0
36540,79,1,0
36550,79,1,0
36560,79,1,0
36570,79,1,0
36580,79,1,0
36590,79,1,0
36600,79,1,0
36610,79,1,0
36620,79,1,0
36630,39,1,0
36640,39,1,0
36650,39,1,0
36660,39,1,0
36670,39,1,0
36680,39,1,0
36690,39,1,0
36700,39,1,0
36710,39,1,0
36720,39,1,0
36730,39,1,0
36740,39,1,0
36750,39,1,0
36760,39,1,0
36770,39,1,0
36780,39,1,0
36790,39,1,0
36800,39,1,0
36810,39,1,0
36820,39,1,0
36830,39,1,0
36840,39,1,0
36850,39,1,0
36860,39,1,0
36870,39,1,0
36880,39,1,0
36890,39,1,0
36900,39,1,0
36910,39,1,0
36920,39,1,0
36930,39,1,0
36940,39,1,0
36950,39,1,0
36960,39,1,0
36970,0,1,0
36980,0,1,0
36990,0,1,0
37000,0,1,0
37010,0,1,0
37020,0,1,0
37030,0,1,0
37040,0,1,0
37050,0,1,0
37060,0,1,0
37070,0,1,0
37080,0,1,0
37090,0,1,0
37100,0,1,0
37110,0,1,0
37120,0,1,0
37130,0,1,0
37140,0,1,0
37150,0,1,0
37160,0,1,0
37170,0,1,0
37180,0,1,0
37190,0,1,0
37200,0,1,0
37210,0,1,0
37220,0,1,0
37230,0,1,0
37240,1,1,0
37250,1,1,0
37260,1,1,0
37270,1,1,0
37280,1,1,0
37290,1,1,0
37300,1,1,0
37310,1,1,0
37320,1,1,0
37330,1,1,0
37340,1,1,0
37350,1,1,0
37360,1,1,0
37370,1,1,0
37380,1,1,0
37390,1,1,0
37400,1,1,0
37410,0,1,0
37420,0,1,0
37430,0,1,0
37440,0,1,0
37450,0,1,0
37460,0,1,0
37470,0,1,0
37480,0,1,0
37490,0,1,0
37500,1,1,0
37510,1,1,0
37520,1,1,0
37530,2,1,0
37540,2,1,0
37550,3,1,0
37560,3,1,0
37570,3,1,0
37580,4,1,0
37590,4,1,0
37600,4,1,0
37610,4,1,0
37620,4,1,0
37630,6,1,0
37640,6,1,0
37650,6,1,0
37660,1,1,0
37670,1,1,0
37680,1,1,0
37690,1,1,0
37700,1,1,0
37710,1,1,0
37720,0,1,0
37730,0,1,0
37740,123,1,0
37750,123,1,0
37760,123,1,0
37770,123,1,0
37780,123,1,0
37790,123,1,0
37800,124,1,0
37810,124,1,0
37820,124,1,0
37830,124,1,0
37840,125,1,0
37850,125,1,0
37860,125,1,0
37870,125,1,0
37880,125,1,0
37890,126,1,0
37900,126,1,0
37910,126,1,0
37920,126,1,0
37930,126,1,0
37940,126,1,0
37950,127,1,0
37960,127,1,0
37970,127,1,0
37980,127,1,0
37990,127,1,0
38000,127,1,0
38010,127,1,0
38020,127,1,0
38030,127,1,0
38040,127,1,1
38050,127,1,1
38060,127,1,1
38070,127,1,1
38080,127,1,1
38090,127,1,1
38100,127,1,1
38110,127,1,1
38120,127,1,1
38130,127,1,1
38140,0,1,0
38150,127,1,0
38160,126,1,0
38170,126,1,0
38180,126,1,0
38190,125,1,0
38200,125,1,0
38210,124,1,0
38220,124,1,0
38230,123,1,1
38240,123,1,1
38250,122,1,1
38260,121,1,1
38270,121,1,1
38280,120,1,1
38290,119,1,1
38300,118,1,1
38310,118,1,1
38320,117,1,1
38330,116,1,1
38340,115,1,1
38350,29,1,1
38360,29,1,1
38370,29,1,1
38380,29,1,1
38390,29,1,1
38400,29,1,1
38410,29,1,1
38420,29,1,0
38430,29,1,0
38440,29,1,0
38450,29,1,0
38460,109,1,0
38470,108,1,0
38480,108,1,0
38490,108,1,0
38500,108,1,0
38510,108,1,0
38520,53,1,0
38530,53,1,0
38540,53,1,0
38550,53,1,0
38560,53,1,0
38570,53,1,0
38580,53,1,0
38590,53,1,0
38600,53,1,0
38610,53,1,0
38620,53,1,0
38630,53,1,0
38640,53,1,0
38650,53,1,0
38660,53,1,0
38670,53,1,0
38680,53,1,0
38690,53,1,0
38700,53,1,0
38710,53,1,0
38720,53,1,0
38730,53,1,0
38740,53,1,0
38750,53,1,0
38760,58,1,0
38770,69,1,0
38780,79,1,0
38790,84,1,0
38800,79,1,0
38810,69,1,0
38820,58,1,0
38830,53,1,0
38840,53,1,0
38850,53,1,0
38860,53,1,0
38870,53,1,0
38880,53,1,0
38890,53,1,0
38900,53,1,0
38910,53,1,0
38920,53,1,0
38930,53,1,0
38940,53,1,0
38950,53,1,0
38960,53,1,0
38970,53,1,0
38980,49,1,0
38990,97,1,0
39000,97,1,0
39010,97,1,0
39020,97,1,0
39030,97,1,0
39040,97,1,0
39050,97,1,0
39060,126,1,0
39070,126,1,0
39080,126,1,0
39090,126,1,0
39100,126,1,0
39110,126,1,0
39120,126,1,0
39130,126,1,0
39140,126,1,0
39150,126,1,0
39160,126,1,0
39170,126,1,0
39180,126,1,0
39190,126,1,0
39200,126,1,0
39210,126,1,0
39220,126,1,0
39230,126,1,0
39240,126,1,0
39250,126,1,0
39260,126,1,0
39270,126,1,0
39280,126,1,0
39290,126,1,0
39300,127,1,0
39310,127,1,0
39320,127,1,0
39330,127,1,0
39340,127,1,0
39350,127,1,0
39360,127,1,0
39370,127,1,0
39380,127,1,0
39390,127,1,0
39400,127,1,0
39410,127,1,0
39420,127,1,0
39430,127,1,0
39440,127,1,0
39450,127,1,0
39460,127,1,0
39470,127,1,0
39480,127,1,0
39490,127,1,0
39500,127,1,0
39510,127,1,0
39520,127,1,0
39530,127,1,0
39540,127,1,0
39550,127,1,0
39560,127,1,0
39570,127,1,0
39580,127,1,0
39590,127,1,0
39600,127,1,0
39610,127,1,0
39620,127,1,0
39630,127,1,0
39640,127,1,0
39650,6,1,0
39660,5,1,0
39670,5,1,0
39680,4,1,0
39690,4,1,0
39700,3,1,0
39710,3,1,0
39720,2,1,1
39730,2,1,1
39740,1,1,1
39750,1,1,0
39760,1,1,0
39770,1,1,0
39780,0,1,0
39790,0,1,0
39800,0,1,0
39810,0,1,0
39820,0,1,0
39830,0,1,0
39840,0,1,0
39850,0,1,0
39860,0,1,0
39870,-127,1,0
39880,-127,1,0
39890,-127,1,0
39900,-127,1,0
39910,-127,1,0
39920,-127,1,0
39930,-127,1,0
39940,-127,1,0
39950,-127,1,0
39960,-127,1,0
39970,-29,1,0
39980,-29,1,0
39990,-29,1,0
40000,-29,1,0
40010,-29,1,0
40020,-29,1,0
40030,-29,1,0
40040,-29,1,0
40050,-29,1,0
40060,-29,1,0
40070,-29,1,0
40080,-29,1,0
40090,-29,1,0
40100,-29,1,0
40110,-29,1,0
40120,-29,1,0
40130,-29,1,0
40140,-29,1,0
40150,-29,1,0
40160,-29,1,0
40170,-29,1,0
40180,-29,1,0
40190,-29,1,0
40200,-29,1,0
40210,-29,1,0
40220,-29,1,0
