1	18810	Roquett	/api/download/ghost/c2f3810e-3fdf-4013-a78f-f94a902337de
2	18895	in-.-	/api/download/ghost/38f4b684-e369-4762-99c2-65659a6ad5f4
3	18965	CatBagasm	/api/download/ghost/b7422990-5d5c-4616-8839-e72d2f00f5c1
4	18990	beaver44th	/api/download/ghost/1f45cdb7-3776-4564-b862-4c8c29e414e5
5	19085	Venture_Ms	/api/download/ghost/0fe2d827-7c1b-445f-9bd7-1c98bde55c37
6	19093	Krievouss	/api/download/ghost/3dfd38d9-9b78-4dbc-978e-ddf20b9ed3f5
7	19124	FrenchWasHere.	/api/download/ghost/428c277a-9c75-4a6e-b073-b38cb25c22d2
8	19170	Yapi52	/api/download/ghost/4c6e28fb-10d4-4c58-94f4-f7becfaf3a5f
9	19275	Wiggle_TM	/api/download/ghost/888beb97-c6a7-44a6-accb-17d124c91f61
10	19390	TT-Basti	/api/download/ghost/553c7b7a-a6e7-4950-82bc-94dbbdec2fca
11	19534	gammel45	/api/download/ghost/84c87515-5eb6-4b9f-b213-67a23988e951
12	19610	BapdadaTM	/api/download/ghost/b0477f63-d14d-43a3-ae94-761731c446ba
13	19623	ARIQUALTM	/api/download/ghost/7c1c959c-8507-40fd-a897-9dae38ed7e7c
14	19648	TheArcadion	/api/download/ghost/63ce3c33-088c-4c6c-b7a2-e0242baafeb7
15	19671	Theo_TM.	/api/download/ghost/7dd0b2bb-dc35-4c8e-91ac-c5057a3e7f52
16	19690	AlexanderHQ	/api/download/ghost/ed9b2988-a3b8-4a78-a3ef-d153b238e121
17	19700	Azion.	/api/download/ghost/ad29d117-851d-41b5-868c-166d54736694
18	19717	ezz_panda	/api/download/ghost/d27f81d7-5729-4d11-aed4-4c5465dd4b5e
19	19805	ikealover2228	/api/download/ghost/697f2b7c-156a-4977-a4fa-0ce2f32e1c96
20	19884	Nixson_TM	/api/download/ghost/2a6020dd-f2e7-4d64-8945-2b17ea8812f9
21	19886	talja1998	/api/download/ghost/9e766e2b-ec7a-4290-a698-5f0a69e875a2
22	19895	ponczek2345	/api/download/ghost/7c63a4f8-ef14-4c3c-90dc-e7da96828ef0
23	19911	LizzyyIsHere	/api/download/ghost/e00dda9e-726f-49fe-ba38-95334b2d4a96
24	19924	Bald_guy32	/api/download/ghost/c0fe9563-e713-4552-82db-eeea9b2d38fe
25	19925	DSM_TM	/api/download/ghost/3157382b-433a-480e-8fe4-3c28adb8ded3
26	19930	Nimdar.	/api/download/ghost/bd8330cc-969b-49d8-96b5-9db9399e89a8
27	19930	pipo.._..	/api/download/ghost/c098b600-d4d2-454e-a0e4-c71f5233cb33
28	19935	OliP1310	/api/download/ghost/5423bdea-0915-46a5-b3cf-e31cc6b3d949
29	20005	YannisAul	/api/download/ghost/f051206a-f816-41d2-9e9c-e70ec3327755
30	20062	Mijati	/api/download/ghost/d53f911a-2824-4c8a-892e-a71caac49314
31	20075	FenrirC137	/api/download/ghost/5f59954f-9b26-4fac-8f26-a10763d1498a
32	20115	andyincherr	/api/download/ghost/f82d36bc-c431-49af-88ca-f79e5c3b4950
33	20144	Aurorhythm	/api/download/ghost/99e1dcb4-69dd-4b5f-83fd-fca539906efe
34	20152	Cyan1dE1	/api/download/ghost/1b88bbcf-95a5-4ebb-99d3-0466e1920b81
35	20215	xNutshotx	/api/download/ghost/3f416195-f47e-49db-a96a-4b91a38f14a1
36	20222	JoMontagne	/api/download/ghost/69810b5a-6720-4f73-9b42-40cfb321c409
37	20263	p1nkobg	/api/download/ghost/f70de5d8-ae21-4e7a-896c-d92cab764a2a
38	20309	pbqd.tm	/api/download/ghost/0e0f66df-cbf0-47b1-bdf2-d065869f9012
39	20335	KastorSF	/api/download/ghost/d962293d-e422-4de0-8e27-088acf909c63
40	20380	DropKickDrum	/api/download/ghost/3222a87f-e523-4cc4-8fcd-b16df5bc8cc3
41	20380	QWERTY__0123	/api/download/ghost/02f020ae-bb33-437e-8df0-b2daae1a410b
42	20390	A3D3X	/api/download/ghost/751ba60d-200f-43a1-8abd-b46f5848480f
43	20420	Decematrix	/api/download/ghost/26690dbd-e341-4f6b-8213-65a84abd9af3
44	20430	Rich_TMRL	/api/download/ghost/ee6f45a8-2cf7-421a-8468-d8eafb5bb319
45	20465	Lyrabirb	/api/download/ghost/7be29111-b345-4095-a31c-add98b7df7f0
46	20490	bindoware	/api/download/ghost/45229327-038b-48c6-9903-34552de0ed94
47	20500	misslucyjackson	/api/download/ghost/1a776087-cf91-49e3-bf30-49f239d12d40
48	20736	DarrenTJ	/api/download/ghost/eba8dbae-fd47-4767-8824-169f5a41073d
49	20771	Wildgeier	/api/download/ghost/30f362b9-5a6b-4b4f-b618-b454f46dc07a
50	20780	irgendeinjohan	/api/download/ghost/9ba7482a-bab3-4c6c-8d9c-64397ed6720e
51	20785	cnromano	/api/download/ghost/ac80cf62-c0db-4e11-9566-a484f06e6e34
52	20788	JustSoltic	/api/download/ghost/29b83cf6-88b1-46ba-84ea-31b439a8acf1
53	20870	Pheonixe	/api/download/ghost/7b2e1bd1-79f6-4b1d-b04b-1fd872e77513
54	20933	Gariffred	/api/download/ghost/d6a27cda-f65f-41af-b4de-865cbb89d1ad
55	20983	Luciaaa42_	/api/download/ghost/d591d37f-c6bf-4e60-96d5-e22cfff0494d
56	21141	Matgesh	/api/download/ghost/57cf9b2f-5742-4a07-9035-65ff74d97def
57	21263	SpaceChimpG	/api/download/ghost/f2391263-813b-48a8-a37f-338b63f9ef6a
58	21585	Aerial__milo	/api/download/ghost/6c5202fc-1a48-4843-a154-dce0ac94bba8
59	21640	GreenLogos	/api/download/ghost/3663b5a8-e3f9-4569-8680-ad66e655b6c5
60	21690	LongBunny	/api/download/ghost/436fc11f-994d-4e57-982d-c0ac6c8a23f6
61	21752	Gidney.	/api/download/ghost/407ca7f2-bf94-436e-a8d9-a86d22ad8f9b
62	21829	spectator113	/api/download/ghost/66a007dc-0ddc-44c3-8d43-c4c7379b573a
63	21830	RandomPenguin	/api/download/ghost/0bdefbab-2db5-4488-b5b7-cfa06adffaf5
