time_ms,x,y,z,speed_kmh,speed_ms,vx,vy,vz,yaw,pitch,roll,qx,qy,qz,qw,gear,rpm_raw,steer,gas,brake,side_speed,is_turbo,is_ground_contact,turbo_time,fl_dampen,fr_dampen,rr_dampen,rl_dampen,wetness
530,1360.83,9.98201,1107.94,3.6,1,3.58528e-07,1,0,3.13963,0.226605,-0.0177906,0.00850152,0.993551,0.113064,-6.83876e-06,,,-1,1,0,,,,,,,,,3.06324e-42
540,1360.83,9.9797,1107.9,3.6,1,3.58528e-07,1,0,-3.14158,9.56042e-08,-7.17747e-07,3.58874e-07,1,4.7799e-08,-8.55559e-06,,,-1,1,0,,,,,,,,,3.06324e-42
550,1360.82,9.97971,1107.82,3.6,1,3.58528e-07,1,0,-3.14157,-2.03335e-08,-6.85543e-07,3.42771e-07,1,-1.017e-08,-9.43937e-06,,,-1,1,0,,,,,,,,,3.06324e-42
560,1359.08,9.98589,1108.08,3.6,1,-3.58528e-07,1,0,-3.14158,1.98649e-07,7.0885e-07,-3.54424e-07,1,9.9327e-08,-7.22922e-06,,,-1,1,0,,,,,,,,,3.06324e-42
570,1359.08,9.99039,1108.07,3.6,1,-3.58528e-07,1,0,3.138,-0.303627,0.0246877,-0.011372,0.988432,-0.151241,-5.41754e-06,,,-1,1,0,,,,,,,,,3.06324e-42
580,1359.08,9.99081,1108,3.6,1,-3.58528e-07,1,0,-3.14158,-0.309698,-1.1892e-06,-3.44319e-07,0.988035,-0.154231,-5.70292e-06,,,-1,1,0,,,,,,,,,3.06324e-42
590,1358.44,9.9938,1105,3.6,1,-3.58528e-07,1,0,-3.14158,-0.247723,-3.3895e-07,-3.66049e-07,0.992339,-0.123545,-4.22947e-06,,,-1,1,0,,,,,,,,,3.06324e-42
600,1358.44,9.9938,1105,3.6,1,-3.58528e-07,1,0,-3.14158,-0.247723,-3.3895e-07,-3.66049e-07,0.992339,-0.123545,-4.22947e-06,,,-1,1,0,,,,,,,,,3.06324e-42
610,1360.04,9.99055,1104.42,3.6,1,3.58528e-07,1,0,-3.14158,-8.06763e-08,-6.90371e-07,3.45185e-07,1,-4.03408e-08,-7.77801e-06,,,-1,1,0,,,,,,,,,3.06324e-42
620,1360,9.99062,1104.33,3.6,1,3.58528e-07,1,0,-3.14158,-2.06783e-07,-6.86643e-07,3.43321e-07,1,-1.03394e-07,-8.47435e-06,,,-1,1,0,,,,,,,,,10.3556
630,1360,9.99689,1104.27,3.6,1,3.58528e-07,1,0,-3.14159,-1.72115e-06,0.659087,-0.323611,0.94619,1.46003e-07,-3.08618e-06,,,-1,1,0,,,,,,,,,10.3565
640,1360.71,9.9932,1106.94,3.6,1,3.58528e-07,1,0,3.12841,0.553505,-0.054617,0.0205495,0.961709,0.273301,-7.37741e-06,,,-1,1,0,,,,,,,,,10.3599
650,1360.72,9.97961,1106.95,3.6,1,3.58528e-07,1,0,-3.14155,0.00507961,-0.000382543,0.000191329,0.999997,0.0025398,-2.42143e-05,,,-1,1,0,,,,,,,,,10.3552
660,1360.7,9.9796,1106.85,3.6,1,3.58528e-07,1,0,-3.14154,-1.02359e-07,-6.92234e-07,3.46116e-07,1,-5.11885e-08,-2.64723e-05,,,-1,1,0,,,,,,,,,10.3579
670,1359.87,10.3542,1104.26,3.6,1,1.79891e-06,2.96412e-07,-1,-3.98202e-06,8.10712e-07,-2.58828,1.93194e-06,1.9129e-07,-1,-0.308834,,,-1,1,0,,,,,,,,,10.358
680,1359.83,10.3542,1104.17,3.6,1,1.79891e-06,2.96412e-07,-1,-3.62129e-06,3.09956e-07,-2.72844,1.76005e-06,2.30811e-07,-1,-0.219191,,,-1,1,0,,,,,,,,,10.358
690,1358.95,9.99191,1107.08,3.6,1,-3.58528e-07,1,0,3.14059,0.164601,-0.0126576,0.00618087,0.996596,0.0822093,-1.3566e-05,,,-1,1,0,,,,,,,,,10.358
700,1358.96,9.99546,1107.08,3.6,1,-3.58528e-07,1,0,3.13737,-0.328279,0.0270543,-0.0122874,0.986481,-0.163416,-8.25512e-06,,,-1,1,0,,,,,,,,,10.358
710,1358.95,9.99661,1107,3.6,1,-3.58528e-07,1,0,-3.14158,-0.373256,-2.06353e-06,-3.46771e-07,0.982635,-0.185546,-6.65776e-06,,,-1,1,0,,,,,,,,,10.358
720,1357.92,9.99197,1104.03,3.6,1,-3.58528e-07,1,0,-3.14156,8.33804e-08,6.9697e-07,-3.48484e-07,1,4.16961e-08,-1.69554e-05,,,-1,1,0,,,,,,,,,10.358
730,1357.89,9.9948,1104,3.6,1,-3.58528e-07,1,0,-3.14157,-0.262836,-2.57992e-06,-3.44249e-07,0.991377,-0.13104,-1.17839e-05,,,-1,1,0,,,,,,,,,10.358
740,1360.5,9.99081,1105.96,3.6,1,3.58528e-07,1,0,3.1305,0.513506,-0.0486741,0.0190978,0.967017,0.253994,-2.23042e-05,,,-1,1,0,,,,,,,,,10.358
750,1360.5,9.97948,1105.94,3.6,1,3.58528e-07,1,0,-3.14149,1.55295e-07,-7.0238e-07,3.51194e-07,1,7.76288e-08,-5.31014e-05,,,-1,1,0,,,,,,,,,10.358
760,1359.32,9.99043,1103.07,3.6,1,-3.58528e-07,1,0,-3.14154,2.49477e-07,7.28834e-07,-3.64414e-07,1,1.24748e-07,-2.63428e-05,,,-1,1,0,,,,,,,,,10.358
770,1359.29,9.99952,1103.05,3.6,1,-3.58528e-07,1,0,3.13263,-0.465725,0.0422994,-0.0173541,0.972846,-0.230803,-1.41343e-06,,,-1,1,0,,,,,,,,,10.358
780,1358.77,10.4009,1103.46,3.6,1,-1.94779e-06,-3.42283e-07,1,-4.31835e-06,1.90177e-06,-2.27015,-2.01312e-06,-2.45719e-07,1,0.594402,,,-1,1,0,,,,,,,,,10.358
790,1358.72,10.401,1103.37,3.6,1,-1.94779e-06,-3.42283e-07,1,-4.6775e-06,1.89328e-06,-2.19984,-2.0305e-06,-4.48599e-07,1,0.687141,,,-1,1,0,,,,,,,,,10.358
800,1358.72,9.99278,1106.1,3.6,1,-3.58528e-07,1,0,3.13988,0.214165,-0.0167303,0.00803591,0.994239,0.106881,-2.46816e-05,,,-1,1,0,,,,,,,,,10.358
810,1358.73,9.99684,1106.1,3.6,1,-3.58528e-07,1,0,3.13582,-0.380642,0.0324059,-0.0142256,0.981837,-0.189194,-1.13353e-05,,,-1,1,0,,,,,,,,,10.358
820,1358.69,9.99684,1106,3.6,1,-3.58528e-07,1,0,-3.14157,-0.392578,-4.58374e-06,-3.5724e-07,0.980797,-0.195031,-1.18279e-05,,,-1,1,0,,,,,,,,,10.358
830,1360.2,9.98624,1104.98,3.6,1,3.58528e-07,1,0,3.13486,0.411382,-0.0357674,0.0153591,0.978794,0.204269,-5.36994e-05,,,-1,1,0,,,,,,,,,10.358
840,1360.18,9.97931,1104.93,3.6,1,3.58528e-07,1,0,-3.14142,-1.88416e-07,-6.97983e-07,3.48984e-07,1,-9.42375e-08,-8.40048e-05,,,-1,1,0,,,,,,,,,10.358
850,1357.19,9.9911,1103,3.6,1,-3.58528e-07,1,0,-3.14152,4.74304e-08,7.25426e-07,-3.62712e-07,1,2.37288e-08,-3.75252e-05,,,-1,1,0,,,,,,,,,10.358
860,1358.63,9.98972,1102.09,3.6,1,-3.58528e-07,1,0,-3.1415,-1.17999e-07,7.3152e-07,-3.65762e-07,1,-5.8983e-08,-4.48755e-05,,,-1,1,0,,,,,,,,,10.358
870,1360.04,9.97926,1104.58,3.6,1,3.58528e-07,1,0,-3.14141,1.97357e-07,-7.35573e-07,3.67796e-07,1,9.86439e-08,-9.36113e-05,,,-1,1,0,,,,,,,,,10.358
880,1360,9.97947,1104.47,3.6,1,3.58528e-07,1,0,-3.1414,-1.03627e-05,0.10928,-0.0546126,0.998507,3.79176e-08,-9.55675e-05,,,-1,1,0,,,,,,,,,10.358
890,1360,9.99124,1104.38,3.6,1,3.58528e-07,1,0,-3.14151,-3.00319e-05,0.748918,-0.365769,0.930706,3.74677e-07,-4.20064e-05,,,-1,1,0,,,,,,,,,10.358
900,1359.75,10.3452,1103.89,3.6,1,-1.9076e-06,-2.96384e-07,1,-4.04222e-06,5.36147e-07,-2.82752,-2.01159e-06,-5.86311e-08,1,0.162411,,,-1,1,0,,,,,,,,,10.3498
910,1359.83,9.97918,1104.1,3.6,1,-3.58528e-07,1,0,-3.14138,-1.11939e-07,7.10154e-07,-3.55083e-07,1,-5.59319e-08,-0.000105417,,,-1,1,0,,,,,,,,,10.3452
920,1359.79,9.98263,1104.02,3.6,1,-3.58528e-07,1,0,3.13819,-0.303116,0.0246113,-0.0113529,0.98847,-0.150987,-9.01402e-05,,,-1,1,0,,,,,,,,,10.3489
930,1359.86,10.3409,1104.17,3.6,1,1.79891e-06,2.96412e-07,-1,-4.15831e-06,6.94489e-07,-2.72386,2.05501e-06,1.08815e-07,-1,-0.221926,,,-1,1,0,,,,,,,,,10.3489
940,1359.79,10.3408,1104.04,3.6,1,1.79891e-06,2.96412e-07,-1,-3.69012e-06,-2.48777e-07,-2.95084,1.81612e-06,2.99731e-07,-1,-0.0965478,,,-1,1,0,,,,,,,,,10.3489
950,1357.84,9.98992,1101.16,3.6,1,-3.58528e-07,1,0,3.14146,0.0803319,-0.00606746,0.00301887,0.999189,0.0401552,-5.58124e-05,,,-1,1,0,,,,,,,,,10.3489
960,1357.74,9.98949,1101.07,3.6,1,-3.58528e-07,1,0,-3.14147,3.04672e-08,6.95929e-07,-3.47964e-07,1,1.52541e-08,-5.90089e-05,,,-1,1,0,,,,,,,,,10.3489
970,1357.66,9.99115,1101,3.6,1,-3.58528e-07,1,0,-3.14149,-0.229702,-1.13973e-05,-3.57567e-07,0.993412,-0.114599,-5.02487e-05,,,-1,1,0,,,,,,,,,10.3489
980,1357.81,10.3568,1103.99,3.6,1,-1.94779e-06,-3.42283e-07,1,-3.96491e-06,-6.16683e-07,-3.01909,-1.95606e-06,-4.28753e-07,1,0.0615582,,,-1,1,0,,,,,,,,,10.3489
990,1359.27,9.98423,1103.05,3.6,1,-3.58528e-07,1,0,3.13616,0.37533,-0.0318045,0.0140287,0.982339,0.186584,-9.10039e-05,,,-1,1,0,,,,,,,,,10.3489
1000,1359.26,9.99191,1103.06,3.6,1,-3.58528e-07,1,0,3.12565,-0.602061,0.0626511,-0.0223008,0.954744,-0.296593,-4.70374e-05,,,-1,1,0,,,,,,,,,10.3489
1010,1357.79,9.99106,1104,3.6,1,-3.58528e-07,1,0,-3.14149,-0.15163,-7.36356e-06,-3.63231e-07,0.997127,-0.0757424,-5.2282e-05,,,-1,1,0,,,,,,,,,10.3489
1020,1357.88,10.3517,1104.17,3.6,1,1.79891e-06,2.96412e-07,-1,-3.78298e-06,-4.05841e-08,-2.71675,1.79505e-06,4.26325e-07,-1,-0.226196,,,-1,1,0,,,,,,,,,10.3489
1030,1357.81,10.3517,1104.06,3.6,1,1.79891e-06,2.96412e-07,-1,-3.29212e-06,-3.60552e-07,-2.91417,1.60373e-06,3.6585e-07,-1,-0.115714,,,-1,1,0,,,,,,,,,10.3489
1040,1357.74,10.3517,1103.95,3.6,1,1.79891e-06,2.96412e-07,-1,-3.4002e-06,-9.01177e-07,-3.13169,1.69783e-06,4.58999e-07,-1,-0.00495377,,,-1,1,0,,,,,,,,,10.3489
1050,1355.48,9.99135,1101.34,3.6,1,-3.58528e-07,1,0,-3.14149,0.00138283,-0.000103197,5.16351e-05,1,0.000691412,-5.2764e-05,,,-1,1,0,,,,,,,,,10.3489
1060,1355.48,9.99135,1101.34,3.6,1,-3.58528e-07,1,0,-3.14149,0.00138283,-0.000103197,5.16351e-05,1,0.000691412,-5.2764e-05,,,-1,1,0,,,,,,,,,10.3489
1070,1358.61,9.97928,1102.1,3.6,1,-3.58528e-07,1,0,3.14155,-0.0905427,0.00684326,-0.00340308,0.99897,-0.0452557,-0.000131246,,,-1,1,0,,,,,,,,,10.3489
1080,1358.53,9.98151,1102,3.6,1,-3.58528e-07,1,0,-3.14134,-0.298097,-3.81463e-05,-3.73037e-07,0.988913,-0.148497,-0.000119846,,,-1,1,0,,,,,,,,,10.3489
1090,1355.05,9.99164,1101.02,3.6,1,-3.58528e-07,1,0,-3.14148,1.5386e-07,6.81362e-07,-3.40677e-07,1,7.69489e-08,-5.56269e-05,,,-1,1,0,,,,,,,,,10.3489
1100,1357.09,9.99085,1103.01,3.6,1,-3.58528e-07,1,0,-3.14147,9.08022e-08,7.15934e-07,-3.57964e-07,1,4.54235e-08,-6.26669e-05,,,-1,1,0,,,,,,,,,10.3489
1110,1357.09,9.99085,1103.01,3.6,1,-3.58528e-07,1,0,-3.14147,9.08022e-08,7.15934e-07,-3.57964e-07,1,4.54235e-08,-6.26669e-05,,,-1,1,0,,,,,,,,,10.3489
1120,1357.09,9.99085,1103.01,3.6,1,-3.58528e-07,1,0,-3.14147,9.08022e-08,7.15934e-07,-3.57964e-07,1,4.54235e-08,-6.26669e-05,,,-1,1,0,,,,,,,,,10.3489
1130,1357.09,9.99085,1103.01,3.6,1,-3.58528e-07,1,0,-3.14147,9.08022e-08,7.15934e-07,-3.57964e-07,1,4.54235e-08,-6.26669e-05,,,-1,1,0,,,,,,,,,10.3489
1140,1357.82,9.98693,1101.16,3.6,1,-3.58528e-07,1,0,3.12976,0.531942,-0.0512766,0.019767,0.96462,0.262903,-0.00010251,,,-1,1,0,,,,,,,,,10.3489
1150,1357.75,9.97877,1101.1,3.6,1,-3.58528e-07,1,0,-3.14125,-8.75761e-08,6.94887e-07,-3.47451e-07,1,-4.3728e-08,-0.000172955,,,-1,1,0,,,,,,,,,10.3489
1160,1357.65,9.98086,1101,3.6,1,-3.58528e-07,1,0,-3.14126,-0.293128,-5.09345e-05,-3.40424e-07,0.989279,-0.14604,-0.000162132,,,-1,1,0,,,,,,,,,10.3489
1170,1356.42,9.99141,1102.25,3.6,1,-3.58528e-07,1,0,-3.14144,4.94386e-08,6.81341e-07,-3.40668e-07,1,2.47451e-08,-7.56618e-05,,,-1,1,0,,,,,,,,,10.3489
1180,1355,9.99413,1099,3.6,1,-3.58528e-07,1,0,-3.14148,-0.415877,-2.57056e-05,-3.65685e-07,0.978459,-0.206443,-5.38302e-05,,,-1,1,0,,,,,,,,,10.3489
1190,1356.21,9.99154,1102.04,3.6,1,-3.58528e-07,1,0,-3.14143,9.282e-08,7.1659e-07,-3.58291e-07,1,4.64389e-08,-8.06326e-05,,,-1,1,0,,,,,,,,,10.3489
1200,1356.21,9.99154,1102.04,3.6,1,-3.58528e-07,1,0,-3.14143,9.282e-08,7.1659e-07,-3.58291e-07,1,4.64389e-08,-8.06326e-05,,,-1,1,0,,,,,,,,,10.3489
1210,1356.21,9.99154,1102.04,3.6,1,-3.58528e-07,1,0,-3.14143,9.282e-08,7.1659e-07,-3.58291e-07,1,4.64389e-08,-8.06326e-05,,,-1,1,0,,,,,,,,,10.3489
1220,1356.83,9.97944,1100.24,3.6,1,-3.58528e-07,1,0,3.14068,0.188811,-0.014584,0.00708738,0.995522,0.0942659,-0.000220112,,,-1,1,0,,,,,,,,,10.3489
1230,1353.25,9.99207,1100.01,3.6,1,-3.58528e-07,1,0,-3.14142,-1.83102e-07,7.09771e-07,-3.54893e-07,1,-9.15198e-08,-8.80499e-05,,,-1,1,0,,,,,,,,,10.3489
1240,1356.56,9.97852,1100.02,3.6,1,-3.58528e-07,1,0,-3.1411,3.98248e-08,6.9759e-07,-3.4879e-07,1,1.99986e-08,-0.000247291,,,-1,1,0,,,,,,,,,10.3489
1250,1356.56,9.97852,1100.02,3.6,1,-3.58528e-07,1,0,-3.1411,3.98248e-08,6.9759e-07,-3.4879e-07,1,1.99986e-08,-0.000247291,,,-1,1,0,,,,,,,,,10.3489
1260,1355.39,9.99183,1101.33,3.6,1,-3.58528e-07,1,0,-3.14139,-9.89772e-09,6.75877e-07,-3.37939e-07,1,-4.91486e-09,-0.000100608,,,-1,1,0,,,,,,,,,10.3489
1270,1355.39,9.99183,1101.33,3.6,1,-3.58528e-07,1,0,-3.14139,-9.89772e-09,6.75877e-07,-3.37939e-07,1,-4.91486e-09,-0.000100608,,,-1,1,0,,,,,,,,,10.3489
1280,1355.39,9.99183,1101.33,3.6,1,-3.58528e-07,1,0,-3.14139,-9.89772e-09,6.75877e-07,-3.37939e-07,1,-4.91486e-09,-0.000100608,,,-1,1,0,,,,,,,,,10.3489
1290,1354.99,9.9917,1101.04,3.6,1,-3.58528e-07,1,0,-3.14137,-6.1087e-08,6.86707e-07,-3.43357e-07,1,-3.05056e-08,-0.000110545,,,-1,1,0,,,,,,,,,10.3489
1300,1355.61,9.98252,1099.33,3.6,1,-3.58528e-07,1,0,3.13448,0.432396,-0.0380985,0.016131,0.976581,0.214544,-0.000236805,,,-1,1,0,,,,,,,,,10.3489
1310,1352.78,9.99015,1098,3.6,1,-3.58528e-07,1,0,-3.14132,-0.101493,-1.31459e-05,-3.57898e-07,0.998713,-0.0507248,-0.000135298,,,-1,1,0,,,,,,,,,10.3489
1320,1352.78,9.99015,1098,3.6,1,-3.58528e-07,1,0,-3.14132,-0.101493,-1.31459e-05,-3.57898e-07,0.998713,-0.0507248,-0.000135298,,,-1,1,0,,,,,,,,,10.3489
1330,1355.14,9.97861,1099.05,3.6,1,-3.58528e-07,1,0,-3.14099,2.39096e-07,6.70512e-07,-3.3522e-07,1,1.19649e-07,-0.00030029,,,-1,1,0,,,,,,,,,10.3489
1340,1355.01,9.98766,1099,3.6,1,-3.58528e-07,1,0,-3.14115,-0.728251,-0.0002227,-3.24006e-07,0.934435,-0.356132,-0.000175012,,,-1,1,0,,,,,,,,,10.3489
1350,1355.01,9.98766,1099,3.6,1,-3.58528e-07,1,0,-3.14115,-0.728251,-0.0002227,-3.24006e-07,0.934435,-0.356132,-0.000175012,,,-1,1,0,,,,,,,,,10.3489
1360,1353.99,9.99135,1100.41,3.6,1,-3.58528e-07,1,0,-3.14134,-1.81255e-07,6.9753e-07,-3.48777e-07,1,-9.05836e-08,-0.000125329,,,-1,1,0,,,,,,,,,10.3489
1370,1351.59,9.9951,1097.63,3.6,1,-3.58528e-07,1,0,3.12958,0.534187,-0.0516308,0.0198486,0.964322,0.263988,-7.17658e-05,,,-1,1,0,,,,,,,,,10.3489
1380,1351.42,9.98995,1097.62,3.6,1,-3.58528e-07,1,0,-3.1413,-1.71438e-07,6.78545e-07,-3.39285e-07,1,-8.56686e-08,-0.000148689,,,-1,1,0,,,,,,,,,10.3489
1390,1354.03,9.98594,1098.45,3.6,1,-3.58528e-07,1,0,3.12189,0.662808,-0.0742271,0.0244727,0.945229,0.325489,-0.000210164,,,-1,1,0,,,,,,,,,10.3489
1400,1353.88,9.97826,1098.4,3.6,1,-3.58528e-07,1,0,-3.14094,-9.38237e-09,7.02969e-07,-3.51486e-07,1,-4.57576e-09,-0.000328397,,,-1,1,0,,,,,,,,,10.3489
1410,1353.19,9.99147,1100.02,3.6,1,-3.58528e-07,1,0,-3.14133,-2.62265e-07,7.06326e-07,-3.5318e-07,1,-1.31087e-07,-0.000130296,,,-1,1,0,,,,,,,,,10.3489
1420,1353.19,9.99147,1100.02,3.6,1,-3.58528e-07,1,0,-3.14133,-2.62265e-07,7.06326e-07,-3.5318e-07,1,-1.31087e-07,-0.000130296,,,-1,1,0,,,,,,,,,10.3489
1430,1353.19,9.99147,1100.02,3.6,1,-3.58528e-07,1,0,-3.14133,-2.62265e-07,7.06326e-07,-3.5318e-07,1,-1.31087e-07,-0.000130296,,,-1,1,0,,,,,,,,,10.3489
1440,1353.19,9.99147,1100.02,3.6,1,-3.58528e-07,1,0,-3.14133,-2.62265e-07,7.06326e-07,-3.5318e-07,1,-1.31087e-07,-0.000130296,,,-1,1,0,,,,,,,,,10.3489
1450,1352.89,9.97836,1098.01,3.6,1,-3.58528e-07,1,0,-3.14092,1.66524e-07,7.02348e-07,-3.51146e-07,1,8.33803e-08,-0.000336537,,,-1,1,0,,,,,,,,,10.3489
1460,1352.72,9.99528,1098,3.6,1,-3.58528e-07,1,0,-3.14132,-1.08618,-0.000348655,-3.53951e-07,0.856115,-0.516785,-7.37981e-05,,,-1,1,0,,,,,,,,,10.3489
1470,1352.14,9.99448,1099.59,3.6,1,-3.58528e-07,1,0,3.13261,0.470584,-0.0428659,0.017531,0.972279,0.233165,-8.67531e-05,,,-1,1,0,,,,,,,,,10.3489
1480,1349.03,9.99199,1099.03,3.6,1,-3.58528e-07,1,0,-3.14134,1.33853e-08,6.94158e-07,-3.47078e-07,1,6.7365e-09,-0.000126393,,,-1,1,0,,,,,,,,,10.3489
1490,1348.84,9.99188,1099.03,3.6,1,-3.58528e-07,1,0,-3.14134,2.34795e-07,7.20624e-07,-3.60297e-07,1,1.17444e-07,-0.000128793,,,-1,1,0,,,,,,,,,10.3489
1500,1348.65,9.99203,1099.02,3.6,1,-3.58528e-07,1,0,-3.14134,1.74637e-07,6.94856e-07,-3.47417e-07,1,8.73626e-08,-0.000126754,,,-1,1,0,,,,,,,,,10.3489
1510,1351.62,9.97888,1097.63,3.6,1,-3.58528e-07,1,0,3.14032,0.226016,-0.0176599,0.00847862,0.993585,0.112769,-0.000337911,,,-1,1,0,,,,,,,,,10.3489
1520,1351.41,9.97816,1097.59,3.6,1,-3.58528e-07,1,0,-3.14089,8.3627e-08,7.42313e-07,-3.71142e-07,1,4.19441e-08,-0.000351934,,,-1,1,0,,,,,,,,,10.3489
1530,1348.06,9.992,1099.03,3.6,1,-3.58528e-07,1,0,-3.14133,-2.44683e-07,7.24625e-07,-3.62328e-07,1,-1.22294e-07,-0.000130112,,,-1,1,0,,,,,,,,,10.3489
1540,1348.06,9.992,1099.03,3.6,1,-3.58528e-07,1,0,-3.14133,-2.44683e-07,7.24625e-07,-3.62328e-07,1,-1.22294e-07,-0.000130112,,,-1,1,0,,,,,,,,,10.3489
1550,1348.06,9.992,1099.03,3.6,1,-3.58528e-07,1,0,-3.14133,-2.44683e-07,7.24625e-07,-3.62328e-07,1,-1.22294e-07,-0.000130112,,,-1,1,0,,,,,,,,,10.3489
1560,1347.16,10.2875,1097.34,3.6,1,1,0,0,-2.84059,-0.055913,-2.789,0.972301,0.177213,-0.152401,0.00096122,,,-1,1,0,,,,,,,,,10.375
1570,1347.16,10.3046,1097.36,3.6,1,1,0,0,-2.94606,-0.0234373,-2.91361,0.988571,0.1143,-0.0982968,0.000487865,,,-1,1,0,,,,,,,,,10.3754
1580,1347.18,10.3259,1097.38,3.6,1,1,0,0,-3.07912,-0.00231098,-3.06893,0.99885,0.0363438,-0.0312546,1.96001e-05,,,-1,1,0,,,,,,,,,10.374
1590,1347.18,10.3351,1097.4,3.6,1,1,0,0,3.14159,0.000341295,3.14159,1,-7.62717e-07,1.08204e-06,-0.000170647,,,-1,1,0,,,,,,,,,10.374
1600,1347.19,10.3397,1097.41,3.6,1,1,0,0,3.14159,0.000467452,-3.14159,1,6.30431e-08,1.46423e-07,-0.000233726,,,-1,1,0,,,,,,,,,10.3734
1610,1347.19,10.3429,1097.43,3.6,1,1,0,0,-3.14159,0.000673793,-3.14159,1,1.0573e-07,-2.14442e-06,-0.000336896,,,-1,1,0,,,,,,,,,10.3734
1620,1347.19,10.3442,1097.45,3.6,1,1,0,0,3.14159,0.00085412,-3.14159,1,1.05706e-07,9.43222e-07,-0.00042706,,,-1,1,0,,,,,,,,,10.3733
1630,1347.19,10.345,1097.46,3.6,1,1,0,0,3.14159,0.00097113,3.14159,1,-1.39551e-06,9.10466e-07,-0.000485565,,,-1,1,0,,,,,,,,,10.3733
1640,1347.19,10.3454,1097.47,3.6,1,1,0,0,-3.14159,0.00107739,-3.14159,1,1.57392e-06,-1.387e-06,-0.000538695,,,-1,1,0,,,,,,,,,10.3732
1650,1350.64,9.98815,1099.03,3.6,1,-3.58528e-07,1,0,-3.14138,3.38234e-08,7.05089e-07,-3.52543e-07,1,1.69492e-08,-0.000106284,,,-1,1,0,,,,,,,,,10.3732
1660,1350.65,9.98657,1099.02,3.6,1,-3.58528e-07,1,0,-3.1414,2.18751e-07,6.78e-07,-3.38989e-07,1,1.09409e-07,-9.79293e-05,,,-1,1,0,,,,,,,,,10.3732
1670,1350.66,9.98528,1099.01,3.6,1,-3.58528e-07,1,0,-3.14143,1.57066e-08,6.99686e-07,-3.49842e-07,1,7.88162e-09,-8.09035e-05,,,-1,1,0,,,,,,,,,10.3732
1680,1350.66,9.98394,1099,3.6,1,-3.58528e-07,1,0,-3.14148,-3.05521e-08,7.26811e-07,-3.63406e-07,1,-1.52549e-08,-5.81042e-05,,,-1,1,0,,,,,,,,,10.3732
1690,1350.67,9.98301,1099,3.6,1,-3.58528e-07,1,0,-3.14153,-0.0998296,-2.19027e-06,-3.56328e-07,0.998755,-0.0498941,-2.88639e-05,,,-1,1,0,,,,,,,,,10.3732
1700,1350.67,9.98299,1099,3.6,1,-3.58528e-07,1,0,3.14159,-0.250366,9.34897e-07,-3.35678e-07,0.992175,-0.124856,8.46601e-07,,,-1,1,0,,,,,,,,,10.3732
1710,1350.67,9.98327,1099,3.6,1,-3.58528e-07,1,0,3.14153,-0.375603,1.26158e-05,-3.42499e-07,0.982417,-0.1867,2.74375e-05,,,-1,1,0,,,,,,,,,10.3732
1720,1350.68,9.98534,1099,3.6,1,-3.58528e-07,1,0,3.14149,-0.481631,2.82676e-05,-3.20895e-07,0.971144,-0.238495,4.52395e-05,,,-1,1,0,,,,,,,,,9.98881
1730,1350.68,9.98669,1099,3.6,1,-3.58528e-07,1,0,3.14146,-0.571852,4.76199e-05,-3.38913e-07,0.959401,-0.282046,5.85408e-05,,,-1,1,0,,,,,,,,,9.992
1740,1350.68,9.98663,1099,3.6,1,-3.58528e-07,1,0,3.14142,-0.644093,7.12015e-05,-3.51618e-07,0.94859,-0.316508,7.08694e-05,,,-1,1,0,,,,,,,,,9.99323
1750,1350.68,9.98343,1099,3.6,1,-3.58528e-07,1,0,3.14135,-0.703558,0.000116495,-3.46283e-07,0.938761,-0.344569,9.73522e-05,,,-1,1,0,,,,,,,,,9.99357
1760,1350.69,9.98372,1099,3.6,1,-3.58528e-07,1,0,3.14134,-0.742302,0.000136018,-3.64954e-07,0.931911,-0.362688,0.00010089,,,-1,1,0,,,,,,,,,9.99634
1770,1350.69,9.98467,1099,3.6,1,-3.58528e-07,1,0,3.14134,-0.765557,0.000140309,-3.58596e-07,0.92763,-0.3735,9.675e-05,,,-1,1,0,,,,,,,,,9.99648
1780,1350.69,9.98578,1099,3.6,1,-3.58528e-07,1,0,3.14136,-0.779285,0.000133228,-3.19546e-07,0.925045,-0.379858,8.79771e-05,,,-1,1,0,,,,,,,,,9.99597
1790,1350.69,9.98673,1099,3.6,1,-3.58528e-07,1,0,3.14139,-0.779937,0.000118644,-3.63017e-07,0.924921,-0.380159,7.79916e-05,,,-1,1,0,,,,,,,,,9.99521
1800,1350.69,9.98744,1099,3.6,1,-3.58528e-07,1,0,3.14142,-0.770301,0.000100392,-3.53364e-07,0.926742,-0.375699,6.79485e-05,,,-1,1,0,,,,,,,,,9.99431
1810,1350.69,9.98802,1099,3.6,1,-3.58528e-07,1,0,3.14145,-0.752702,8.06901e-05,-3.44082e-07,0.930012,-0.367529,5.76028e-05,,,-1,1,0,,,,,,,,,9.99345
1820,1350.69,9.98848,1099,3.6,1,-3.58528e-07,1,0,3.14147,-0.727184,6.12003e-05,-3.17059e-07,0.934625,-0.355633,4.71865e-05,,,-1,1,0,,,,,,,,,9.99261
1830,1350.69,9.98874,1099,3.6,1,-3.58528e-07,1,0,3.1415,-0.694026,4.39091e-05,-3.75553e-07,0.940393,-0.340091,3.71048e-05,,,-1,1,0,,,,,,,,,9.99169
1840,1350.69,9.98883,1099,3.6,1,-3.58528e-07,1,0,3.14153,-0.653,2.86879e-05,-3.51588e-07,0.947171,-0.32073,2.71754e-05,,,-1,1,0,,,,,,,,,9.99078
1850,1350.69,9.98911,1099,3.6,1,-3.58528e-07,1,0,3.14155,-0.604156,1.64677e-05,-3.20966e-07,0.95472,-0.297505,1.77152e-05,,,-1,1,0,,,,,,,,,9.99021
1860,1350.69,9.98938,1099,3.6,1,-3.58528e-07,1,0,3.14157,-0.550058,7.84236e-06,-3.24241e-07,0.962417,-0.271575,9.3442e-06,,,-1,1,0,,,,,,,,,9.98947
1870,1350.69,9.9896,1099,3.6,1,-3.58528e-07,1,0,3.14159,-0.491041,2.03681e-06,-3.23514e-07,0.970011,-0.243061,1.96718e-06,,,-1,1,0,,,,,,,,,9.98875
1880,1350.69,9.98975,1099,3.6,1,-3.58528e-07,1,0,-3.14158,-0.426653,-1.49855e-06,-3.50679e-07,0.977332,-0.211712,-4.5519e-06,,,-1,1,0,,,,,,,,,9.98805
1890,1350.69,9.99022,1099,3.6,1,-3.58528e-07,1,0,-3.14157,-0.356584,-3.22202e-06,-3.59876e-07,0.984148,-0.177349,-9.97397e-06,,,-1,1,0,,,,,,,,,9.98781
1900,1350.69,9.99102,1099,3.6,1,-3.58528e-07,1,0,-3.14156,-0.286257,-3.53254e-06,-3.48618e-07,0.989775,-0.14264,-1.38145e-05,,,-1,1,0,,,,,,,,,9.98761
1910,1350.69,9.9919,1099,3.6,1,-3.58528e-07,1,0,-3.14156,-0.210739,-2.83812e-06,-3.51183e-07,0.994454,-0.105174,-1.62226e-05,,,-1,1,0,,,,,,,,,9.9873
1920,1350.69,9.99164,1099,3.6,1,-3.58528e-07,1,0,-3.14155,-0.133367,-1.996e-06,-3.66252e-07,0.997778,-0.0666342,-2.01967e-05,,,-1,1,0,,,,,,,,,9.98699
1930,1350.69,9.99137,1099,3.6,1,-3.58528e-07,1,0,-3.14154,-0.050734,-4.97844e-07,-3.56864e-07,0.999678,-0.0253643,-2.38536e-05,,,-1,1,0,,,,,,,,,9.98667
1940,1350.69,9.99123,1099,3.6,1,-3.58528e-07,1,0,-3.14154,-2.49311e-07,7.10875e-07,-3.55441e-07,1,-1.24646e-07,-2.67159e-05,,,-1,1,0,,,,,,,,,9.98643
1950,1350.68,9.99109,1099.01,3.6,1,-3.58528e-07,1,0,-3.14153,-2.69119e-07,7.0101e-07,-3.50509e-07,1,-1.34549e-07,-2.90896e-05,,,-1,1,0,,,,,,,,,9.98623
1960,1350.68,9.99092,1099.01,3.6,1,-3.58528e-07,1,0,-3.14153,-2.0213e-08,7.15965e-07,-3.57983e-07,1,-1.00958e-08,-2.98482e-05,,,-1,1,0,,,,,,,,,9.9852
1970,1350.68,9.99196,1099.01,3.6,1,-3.58528e-07,1,0,-3.14154,7.06637e-08,6.91899e-07,-3.45949e-07,1,3.53407e-08,-2.54697e-05,,,-1,1,0,,,,,,,,,9.98381
1980,1350.68,9.99249,1099.02,3.6,1,-3.58528e-07,1,0,-3.14155,-2.53556e-08,6.9427e-07,-3.47135e-07,1,-1.26701e-08,-2.2122e-05,,,-1,1,0,,,,,,,,,9.98349
1990,1350.67,9.99248,1099.02,3.6,1,-3.58528e-07,1,0,-3.14155,-7.09923e-08,7.2139e-07,-3.60696e-07,1,-3.5489e-08,-1.97581e-05,,,-1,1,0,,,,,,,,,9.98366
2000,1350.67,9.99248,1099.03,3.6,1,-3.58528e-07,1,0,-3.14156,5.5923e-08,6.90883e-07,-3.45441e-07,1,2.79675e-08,-1.74618e-05,,,-1,1,0,,,,,,,,,9.98432
2010,1350.67,9.99217,1099.03,3.6,1,-3.58528e-07,1,0,-3.14156,-1.07983e-07,7.14611e-07,-3.57307e-07,1,-5.39858e-08,-1.58681e-05,,,-1,1,0,,,,,,,,,9.98512
2020,1350.67,9.99172,1099.03,3.6,1,-3.58528e-07,1,0,-3.14156,6.101e-08,7.04444e-07,-3.52222e-07,1,3.05101e-08,-1.44477e-05,,,-1,1,0,,,,,,,,,9.9859
2030,1350.66,9.99126,1099.04,3.6,1,-3.58528e-07,1,0,-3.14157,-1.42983e-07,7.03764e-07,-3.51883e-07,1,-7.14868e-08,-1.28833e-05,,,-1,1,0,,,,,,,,,9.98664
2040,1347.18,10.3513,1097.55,3.6,1,1,0,0,-3.14159,0.00177516,-3.14159,1,7.57669e-07,-9.20027e-08,-0.000887581,,,-1,1,0,,,,,,,,,9.98723
2050,1347.18,10.3518,1097.55,3.6,1,1,0,0,3.14159,0.00173956,-3.14159,1,1.26009e-06,1.40724e-07,-0.000869779,,,-1,1,0,,,,,,,,,10.4276
2060,1347.18,10.3522,1097.55,3.6,1,1,0,0,3.14159,0.00171695,3.14159,1,-6.96583e-07,1.91078e-06,-0.000858474,,,-1,1,0,,,,,,,,,10.4275
2070,1347.18,10.3526,1097.55,3.6,1,1,0,0,3.14159,0.00168007,-3.14159,1,3.16013e-07,3.78945e-07,-0.000840034,,,-1,1,0,,,,,,,,,10.4274
2080,1347.18,10.3529,1097.54,3.6,1,1,0,0,3.14159,0.00164249,3.14159,1,-2.42953e-07,1.16942e-06,-0.000821245,,,-1,1,0,,,,,,,,,10.3733
2090,1347.18,10.3531,1097.54,3.6,1,1,0,0,3.14159,0.00161748,3.14159,1,-1.34212e-06,1.73805e-06,-0.000808737,,,-1,1,0,,,,,,,,,10.3733
2100,1347.18,10.3534,1097.54,3.6,1,1,0,0,-3.14159,0.00156683,3.14159,1,-7.12409e-07,-3.41144e-07,-0.000783412,,,-1,1,0,,,,,,,,,10.3733
2110,1347.18,10.3538,1097.54,3.6,1,1,0,0,3.14159,0.00152843,-3.14159,1,5.15822e-07,4.22406e-07,-0.000764213,,,-1,1,0,,,,,,,,,10.3733
2120,1347.18,10.3543,1097.54,3.6,1,1,0,0,-3.14159,0.00147796,-3.14159,1,5.92705e-07,-1.93348e-06,-0.000738979,,,-1,1,0,,,,,,,,,10.3733
2130,1347.18,10.3546,1097.54,3.6,1,1,0,0,-3.14159,0.00143861,-3.14159,1,8.48085e-07,-1.55991e-06,-0.000719303,,,-1,1,0,,,,,,,,,10.3733
2140,1347.18,10.3546,1097.54,3.6,1,1,0,0,3.14159,0.00138806,-3.14159,1,8.29449e-08,1.31087e-06,-0.000694028,,,-1,1,0,,,,,,,,,10.3733
2150,1347.18,10.3546,1097.53,3.6,1,1,0,0,3.14159,0.00134867,-3.14159,1,8.10301e-07,6.39235e-07,-0.000674333,,,-1,1,0,,,,,,,,,10.3733
2160,1347.18,10.355,1097.53,3.6,1,1,0,0,3.14159,0.00130825,-3.14159,1,2.36693e-06,1.91243e-06,-0.000654127,,,-1,1,0,,,,,,,,,10.3733
2170,1347.18,10.3555,1097.53,3.6,1,1,0,0,3.14159,0.00126785,-3.14159,1,7.38551e-07,1.40328e-06,-0.000633926,,,-1,1,0,,,,,,,,,10.3733
2180,1347.18,10.3557,1097.53,3.6,1,1,0,0,3.14159,0.00121756,-3.14159,1,4.62094e-07,2.57377e-06,-0.000608778,,,-1,1,0,,,,,,,,,10.3732
2190,1347.18,10.3557,1097.53,3.6,1,1,0,0,3.14159,0.0011856,-3.14159,1,5.41885e-09,1.08919e-06,-0.0005928,,,-1,1,0,,,,,,,,,10.3732
2200,1347.18,10.3556,1097.52,3.6,1,1,0,0,3.14159,0.00113503,-3.14159,1,6.20671e-07,6.61145e-07,-0.000567513,,,-1,1,0,,,,,,,,,10.3732
2210,1347.18,10.3554,1097.52,3.6,1,1,0,0,3.14159,0.00110191,3.14159,1,-1.57168e-07,1.13811e-07,-0.000550957,,,-1,1,0,,,,,,,,,10.3733
2220,1347.18,10.3552,1097.52,3.6,1,1,0,0,-3.14159,0.00105109,3.14159,1,-7.41515e-07,-5.52833e-07,-0.000525545,,,-1,1,0,,,,,,,,,10.3733
2230,1347.18,10.355,1097.52,3.6,1,1,0,0,3.14159,0.00101675,3.14159,1,-6.42302e-07,1.38488e-06,-0.000508377,,,-1,1,0,,,,,,,,,10.3733
2240,1347.18,10.3548,1097.52,3.6,1,1,0,0,-3.14159,0.000965549,3.14159,1,-3.04908e-08,-4.93274e-07,-0.000482774,,,-1,1,0,,,,,,,,,10.3733
2250,1347.18,10.3546,1097.52,3.6,1,1,0,0,-3.14159,0.000929921,-3.14159,1,3.08619e-06,-7.2369e-07,-0.000464961,,,-1,1,0,,,,,,,,,10.3733
2260,1347.18,10.3544,1097.51,3.6,1,1,0,0,3.14159,0.000885956,-3.14159,1,2.80208e-07,1.12219e-06,-0.000442978,,,-1,1,0,,,,,,,,,10.3733
2270,1347.18,10.3542,1097.51,3.6,1,1,0,0,3.14159,0.000841542,3.14159,1,-1.34486e-06,1.12767e-06,-0.000420771,,,-1,1,0,,,,,,,,,10.3733
2280,1347.18,10.354,1097.51,3.6,1,1,0,0,3.14159,0.000784897,-3.14159,1,1.07757e-06,3.52413e-08,-0.000392448,,,-1,1,0,,,,,,,,,10.3733
2290,1347.18,10.3539,1097.51,3.6,1,1,0,0,-3.14159,0.000752175,-3.14159,1,3.7954e-07,-2.54834e-07,-0.000376088,,,-1,1,0,,,,,,,,,10.3733
2300,1347.18,10.3537,1097.51,3.6,1,1,0,0,-3.14159,0.00070734,3.14159,1,-1.6226e-06,-2.22041e-06,-0.00035367,,,-1,1,0,,,,,,,,,10.3733
2310,1347.18,10.3535,1097.5,3.6,1,1,0,0,3.14159,0.000661826,3.14159,1,-6.26463e-07,2.16898e-08,-0.000330913,,,-1,1,0,,,,,,,,,10.3733
2320,1347.18,10.3534,1097.5,3.6,1,1,0,0,3.14159,0.000611543,-3.14159,1,9.89976e-07,1.38278e-07,-0.000305772,,,-1,1,0,,,,,,,,,10.3733
2330,1347.18,10.3533,1097.5,3.6,1,1,0,0,-3.14159,0.00056584,-3.14159,1,3.26253e-06,-1.32047e-06,-0.00028292,,,-1,1,0,,,,,,,,,10.3733
2340,1347.18,10.3533,1097.5,3.6,1,1,0,0,3.14159,0.000515903,3.14159,1,-1.4305e-06,1.15375e-06,-0.000257952,,,-1,1,0,,,,,,,,,10.3733
2350,1347.18,10.3533,1097.5,3.6,1,1,0,0,-3.14159,0.000477434,-3.14159,1,9.23387e-07,-3.98606e-07,-0.000238717,,,-1,1,0,,,,,,,,,10.3733
2360,1347.18,10.3532,1097.49,3.6,1,1,0,0,-3.14159,0.000427365,3.14159,1,-3.41248e-07,-9.7485e-07,-0.000213682,,,-1,1,0,,,,,,,,,10.3733
2370,1347.18,10.3532,1097.49,3.6,1,1,0,0,3.14159,0.000377826,-3.14159,1,7.13275e-07,5.69468e-08,-0.000188913,,,-1,1,0,,,,,,,,,10.3733
2380,1347.18,10.3532,1097.49,3.6,1,1,0,0,-3.14159,0.000333911,3.14159,1,-1.97814e-06,-4.47449e-08,-0.000166956,,,-1,1,0,,,,,,,,,10.3733
2390,1347.18,10.3532,1097.49,3.6,1,1,0,0,3.14159,0.000284545,3.14159,1,-9.76054e-07,1.73152e-06,-0.000142273,,,-1,1,0,,,,,,,,,10.3733
2400,1347.18,10.3532,1097.49,3.6,1,1,0,0,-3.14159,0.00023941,3.14159,1,-1.32189e-06,-6.23739e-08,-0.000119705,,,-1,1,0,,,,,,,,,10.3733
2410,1347.18,10.3529,1097.48,3.6,1,1,0,0,3.14159,0.000191829,3.14159,1,-9.52825e-07,4.13572e-08,-9.59147e-05,,,-1,1,0,,,,,,,,,10.3733
2420,1347.19,10.3527,1097.48,3.6,1,1,0,0,3.14159,0.000122886,-3.14159,1,2.63065e-06,1.64752e-07,-6.14429e-05,,,-1,1,0,,,,,,,,,10.3731
2430,1347.19,10.3526,1097.48,3.6,1,1,0,0,-3.14159,0.000104998,3.14159,1,-4.14509e-07,-1.62549e-06,-5.24992e-05,,,-1,1,0,,,,,,,,,10.3731
2440,1347.19,10.3526,1097.48,3.6,1,1,0,0,3.14159,8.66194e-05,-3.14159,1,4.68327e-07,1.13022e-06,-4.33097e-05,,,-1,1,0,,,,,,,,,10.3731
2450,1347.19,10.3526,1097.48,3.6,1,1,0,0,-3.14159,6.75414e-05,3.14159,1,-1.05776e-06,-2.14248e-07,-3.37707e-05,,,-1,1,0,,,,,,,,,10.373
2460,1347.19,10.3527,1097.48,3.6,1,1,0,0,-3.14159,6.11376e-05,3.14159,1,-2.78912e-07,-4.56633e-07,-3.05688e-05,,,-1,1,0,,,,,,,,,10.3731
2470,1347.19,10.3528,1097.48,3.6,1,1,0,0,-3.14159,5.05905e-05,-3.14159,1,2.83726e-06,-1.48821e-07,-2.52953e-05,,,-1,1,0,,,,,,,,,10.373
2480,1347.19,10.3529,1097.48,3.6,1,1,0,0,3.14159,4.68244e-05,3.14159,1,-1.59991e-06,1.21023e-07,-2.34122e-05,,,-1,1,0,,,,,,,,,10.373
2490,1347.19,10.353,1097.48,3.6,1,1,0,0,-3.14159,4.3079e-05,3.14159,1,-7.12071e-07,-4.86296e-07,-2.15395e-05,,,-1,1,0,,,,,,,,,10.373
2500,1347.19,10.3531,1097.48,3.6,1,1,0,0,3.14159,4.01469e-05,-3.14159,1,8.4462e-07,1.38566e-06,-2.00735e-05,,,-1,1,0,,,,,,,,,10.373
2510,1347.19,10.3533,1097.48,3.6,1,1,0,0,-3.14159,3.82041e-05,3.14159,1,-1.0909e-06,-2.01705e-07,-1.9102e-05,,,-1,1,0,,,,,,,,,10.373
2520,1347.19,10.3534,1097.48,3.6,1,1,0,0,3.14159,3.70012e-05,-3.14159,1,2.33673e-06,5.19688e-07,-1.85006e-05,,,-1,1,0,,,,,,,,,10.373
2530,1347.19,10.3535,1097.48,3.6,1,1,0,0,-3.14159,3.5145e-05,-3.14159,1,9.34117e-07,-4.06123e-07,-1.75725e-05,,,-1,1,0,,,,,,,,,10.373
2540,1347.19,10.3536,1097.48,3.6,1,1,0,0,3.14159,3.42358e-05,-3.14159,1,8.98861e-07,1.96807e-06,-1.71179e-05,,,-1,1,0,,,,,,,,,10.373
2550,1347.19,10.3536,1097.48,3.6,1,1,0,0,-3.14159,3.26172e-05,3.14159,1,-9.51745e-07,-6.04947e-07,-1.63086e-05,,,-1,1,0,,,,,,,,,10.373
2560,1347.19,10.3537,1097.48,3.6,1,1,0,0,3.14159,3.17889e-05,3.14159,1,-1.08141e-06,2.35233e-06,-1.58944e-05,,,-1,1,0,,,,,,,,,10.373
2570,1347.19,10.3537,1097.48,3.6,1,1,0,0,3.14159,3.02685e-05,-3.14159,1,1.11718e-06,9.82594e-07,-1.51343e-05,,,-1,1,0,,,,,,,,,10.373
2580,1347.19,10.3538,1097.48,3.6,1,1,0,0,3.14159,2.94671e-05,-3.14159,1,6.50882e-08,1.25685e-06,-1.47335e-05,,,-1,1,0,,,,,,,,,10.373
2590,1347.19,10.3538,1097.48,3.6,1,1,0,0,-3.14159,2.80062e-05,-3.14159,1,1.27634e-07,-1.60331e-06,-1.40031e-05,,,-1,1,0,,,,,,,,,10.373
2600,1347.19,10.3538,1097.48,3.6,1,1,0,0,-3.14159,2.68707e-05,3.14159,1,-6.33593e-07,-1.86451e-06,-1.34353e-05,,,-1,1,0,,,,,,,,,10.373
2610,1347.19,10.3538,1097.48,3.6,1,1,0,0,3.14159,2.6022e-05,3.14159,1,-6.08676e-07,7.69702e-07,-1.3011e-05,,,-1,1,0,,,,,,,,,10.373
2620,1347.19,10.3537,1097.48,3.6,1,1,0,0,3.14159,2.45859e-05,-3.14159,1,1.90214e-06,7.4665e-07,-1.2293e-05,,,-1,1,0,,,,,,,,,10.373
2630,1347.19,10.3537,1097.48,3.6,1,1,0,0,3.14159,2.34399e-05,-3.14159,1,2.13113e-06,8.42248e-07,-1.17199e-05,,,-1,1,0,,,,,,,,,10.373
2640,1347.19,10.3536,1097.48,3.6,1,1,0,0,-3.14159,2.22951e-05,3.14159,1,-1.16532e-06,-1.48093e-06,-1.11476e-05,,,-1,1,0,,,,,,,,,10.373
2650,1347.19,10.3535,1097.48,3.6,1,1,0,0,3.14159,2.11402e-05,-3.14159,1,4.74432e-07,1.869e-06,-1.05701e-05,,,-1,1,0,,,,,,,,,10.373
2660,1347.19,10.3535,1097.48,3.6,1,1,0,0,3.14159,2.02157e-05,3.14159,1,-6.48933e-07,2.23741e-08,-1.01078e-05,,,-1,1,0,,,,,,,,,10.373
2670,1347.19,10.3534,1097.48,3.6,1,1,0,0,-3.14159,1.88335e-05,-3.14159,1,7.25886e-07,-1.70679e-06,-9.41675e-06,,,-1,1,0,,,,,,,,,10.373
2680,1347.19,10.3533,1097.48,3.6,1,1,0,0,-3.14159,1.76597e-05,-3.14159,1,2.45352e-07,-4.7867e-07,-8.82986e-06,,,-1,1,0,,,,,,,,,10.373
2690,1347.19,10.3532,1097.48,3.6,1,1,0,0,3.14159,1.64895e-05,3.14159,1,-2.24419e-07,1.10913e-06,-8.24473e-06,,,-1,1,0,,,,,,,,,10.373
2700,1347.19,10.3531,1097.48,3.6,1,1,0,0,3.14159,1.53182e-05,-3.14159,1,1.95027e-06,2.74337e-07,-7.65911e-06,,,-1,1,0,,,,,,,,,10.373
2710,1347.19,10.3529,1097.48,3.6,1,1,0,0,-3.14159,1.43054e-05,-3.14159,1,1.04319e-06,-8.21231e-08,-7.15268e-06,,,-1,1,0,,,,,,,,,10.373
2720,1347.19,10.3528,1097.48,3.6,1,1,0,0,-3.14159,1.29592e-05,3.14159,1,-1.10565e-06,-2.5976e-07,-6.47962e-06,,,-1,1,0,,,,,,,,,10.373
2730,1347.19,10.3527,1097.48,3.6,1,1,0,0,-3.14159,1.17617e-05,-3.14159,1,1.13862e-06,-2.02553e-08,-5.88085e-06,,,-1,1,0,,,,,,,,,10.373
2740,1347.19,10.3525,1097.48,3.6,1,1,0,0,3.14159,1.06983e-05,3.14159,1,-2.60955e-06,1.59585e-07,-5.34913e-06,,,-1,1,0,,,,,,,,,10.373
2750,1347.19,10.3524,1097.48,3.6,1,1,0,0,3.14159,9.3886e-06,3.14159,1,-1.52339e-07,3.98242e-07,-4.6943e-06,,,-1,1,0,,,,,,,,,10.373
2760,1347.19,10.3523,1097.48,3.6,1,1,0,0,3.14159,8.1947e-06,3.14159,1,-1.81222e-06,6.97961e-07,-4.09735e-06,,,-1,1,0,,,,,,,,,10.373
2770,1347.19,10.3521,1097.48,3.6,1,1,0,0,3.14159,7.0904e-06,-3.14159,1,1.58682e-06,7.586e-07,-3.5452e-06,,,-1,1,0,,,,,,,,,10.373
2780,1347.19,10.352,1097.48,3.6,1,1,0,0,3.14159,5.82407e-06,-3.14159,1,6.64019e-08,7.58982e-07,-2.91203e-06,,,-1,1,0,,,,,,,,,10.373
2790,1347.19,10.3519,1097.48,3.6,1,1,0,0,3.14159,4.70018e-06,3.14159,1,-1.71217e-06,3.42794e-07,-2.35009e-06,,,-1,1,0,,,,,,,,,10.373
2800,1347.19,10.3518,1097.48,3.6,1,1,0,0,-3.14159,3.47879e-06,-3.14159,1,1.12044e-06,-4.90789e-07,-1.73939e-06,,,-1,1,0,,,,,,,,,10.373
