t	kmh
0.0047	27
0.0214	27
0.0380	
0.0547	
0.0714	
0.0880	
0.1047	
0.1214	
0.1380	
0.1547	
0.1714	
0.1880	
0.2047	
0.2214	
0.2380	
0.2547	
0.2714	29
0.2880	29
0.3047	29
0.3214	29
0.3380	
0.3547	
0.3714	
0.3880	
0.4047	
0.4214	20
0.4380	20
0.4547	19
0.4714	19
0.4880	18
0.5047	
0.5214	
0.5380	
0.5547	
0.5714	
0.5880	
0.6047	
0.6214	
0.6380	
0.6547	
0.6714	
0.6880	
0.7047	
0.7214	
0.7380	20
0.7547	20
0.7714	20
0.7880	27
0.8047	
0.8214	
0.8380	
0.8547	29
0.8714	29
0.8880	29
0.9047	24
0.9214	24
0.9380	
0.9547	29
0.9714	29
0.9880	29
1.0047	29
1.0214	27
1.0380	27
1.0547	27
1.0714	29
1.0880	29
1.1047	29
1.1214	29
1.1380	29
1.1547	20
1.1714	20
1.1880	
1.2047	
1.2214	
1.2380	
1.2547	
1.2714	
1.2880	
1.3047	
1.3214	94
1.3380	94
1.3547	94
1.3714	
1.3880	
1.4047	
1.4214	
1.4380	
1.4547	
1.4714	
1.4880	
1.5047	
1.5214	
1.5380	
1.5547	
1.5714	
1.5880	
1.6047	
1.6214	
1.6380	
1.6547	
1.6714	
1.6880	
1.7047	49
1.7214	49
1.7380	49
1.7547	44
1.7714	44
1.7880	44
1.8047	
1.8214	
1.8380	
1.8547	
1.8714	
1.8880	
1.9047	47
1.9214	47
1.9380	
1.9547	
1.9714	
1.9880	49
2.0047	49
2.0214	49
2.0380	50
2.0547	50
2.0714	
2.0880	
2.1047	
2.1214	52
2.1380	52
2.1547	
2.1714	
2.1880	
2.2047	
2.2214	
2.2380	
2.2547	
2.2714	
2.2880	
2.3047	
2.3214	
2.3380	
2.3547	
2.3714	
2.3880	
2.4047	
2.4214	
2.4380	
2.4547	
2.4714	
2.4880	
2.5047	164
2.5214	
2.5380	
2.5547	182
2.5714	180
2.5880	186
2.6047	
2.6214	200
2.6380	210
2.6547	213
2.6714	218
2.6880	222
2.7047	227
2.7214	230
2.7380	235
2.7547	239
2.7714	242
2.7880	247
2.8047	250
2.8214	255
2.8380	258
2.8547	
2.8714	
2.8880	
2.9047	275
2.9214	278
2.9380	
2.9547	
2.9714	
2.9880	
3.0047	
3.0214	
3.0380	
3.0547	
3.0714	
3.0880	
3.1047	
3.1214	
3.1380	
3.1547	
3.1714	
3.1880	
3.2047	
3.2214	
3.2380	
3.2547	
3.2714	
3.2880	309
3.3047	
3.3214	
3.3380	
3.3547	
3.3714	309
3.3880	
3.4047	
3.4214	
3.4380	309
3.4547	
3.4714	
3.4880	309
3.5047	309
3.5214	309
3.5380	309
3.5547	309
3.5714	309
3.5880	309
3.6047	309
3.6214	309
3.6380	
3.6547	309
3.6714	309
3.6880	309
3.7047	309
3.7214	309
3.7380	309
3.7547	309
3.7714	309
3.7880	309
3.8047	309
3.8214	309
3.8380	309
3.8547	309
3.8714	309
3.8880	309
3.9047	309
3.9214	309
3.9380	309
3.9547	309
3.9714	309
3.9880	
4.0047	
4.0214	309
4.0380	307
4.0547	309
4.0714	307
4.0880	307
4.1047	
4.1214	
4.1380	307
4.1547	307
4.1714	
4.1880	307
4.2047	307
4.2214	
4.2380	
4.2547	
4.2714	
4.2880	307
4.3047	307
4.3214	
4.3380	
4.3547	307
4.3714	
4.3880	
4.4047	
4.4214	
4.4380	
4.4547	
4.4714	
4.4880	
4.5047	
4.5214	
4.5380	
4.5547	
4.5714	
4.5880	
4.6047	
4.6214	
4.6380	
4.6547	
4.6714	
4.6880	
4.7047	
4.7214	
4.7380	
4.7547	
4.7714	307
4.7880	
4.8047	300
4.8214	300
4.8380	300
4.8547	300
4.8714	
4.8880	
4.9047	300
4.9214	
4.9380	
4.9547	
4.9714	
4.9880	
5.0047	300
5.0214	300
5.0380	307
5.0547	307
5.0714	307
5.0880	307
5.1047	307
5.1214	307
5.1380	307
5.1547	307
5.1714	307
5.1880	307
5.2047	307
5.2214	307
5.2380	307
5.2547	307
5.2714	307
5.2880	307
5.3047	307
5.3214	307
5.3380	307
5.3547	307
5.3714	307
5.3880	307
5.4047	307
5.4214	307
5.4380	307
5.4547	307
5.4714	307
5.4880	307
5.5047	307
5.5214	307
5.5380	307
5.5547	307
5.5714	307
5.5880	307
5.6047	307
5.6214	307
5.6380	307
5.6547	307
5.6714	307
5.6880	307
5.7047	307
5.7214	307
5.7380	307
5.7547	307
5.7714	307
5.7880	307
5.8047	307
5.8214	307
5.8380	307
5.8547	307
5.8714	307
5.8880	307
5.9047	307
5.9214	307
5.9380	
5.9547	307
5.9714	307
5.9880	307
6.0047	307
6.0214	307
6.0380	
6.0547	309
6.0714	309
6.0880	309
6.1047	309
6.1214	309
6.1380	
6.1547	309
6.1714	309
6.1880	
6.2047	309
6.2214	
6.2380	
6.2547	
6.2714	
6.2880	
6.3047	
6.3214	
6.3380	
6.3547	
6.3714	
6.3880	
6.4047	
6.4214	
6.4380	
6.4547	
6.4714	
6.4880	
6.5047	
6.5214	
6.5380	
6.5547	
6.5714	
6.5880	
6.6047	
6.6214	
6.6380	
6.6547	
6.6714	
6.6880	
6.7047	
6.7214	
6.7380	
6.7547	
6.7714	
6.7880	
6.8047	
6.8214	
6.8380	
6.8547	309
6.8714	
6.8880	
6.9047	
6.9214	
6.9380	
6.9547	
6.9714	
6.9880	
7.0047	
7.0214	
7.0380	
7.0547	
7.0714	
7.0880	
7.1047	
7.1214	
7.1380	
7.1547	
7.1714	
7.1880	
7.2047	
7.2214	
7.2380	
7.2547	
7.2714	
7.2880	
7.3047	
7.3214	
7.3380	
7.3547	
7.3714	
7.3880	
7.4047	
7.4214	
7.4380	
7.4547	
7.4714	
7.4880	
7.5047	
7.5214	
7.5380	
7.5547	
7.5714	
7.5880	
7.6047	
7.6214	7
7.6380	307
7.6547	
7.6714	
7.6880	
7.7047	
7.7214	
7.7380	
7.7547	
7.7714	
7.7880	
7.8047	
7.8214	
7.8380	
7.8547	
7.8714	
7.8880	
7.9047	
7.9214	
7.9380	
7.9547	307
7.9714	307
7.9880	
8.0047	
8.0214	
8.0380	
8.0547	
8.0714	
8.0880	
8.1047	
8.1214	
8.1380	
8.1547	
8.1714	
8.1880	
8.2047	
8.2214	
8.2380	
8.2547	
8.2714	
8.2880	
8.3047	
8.3214	
8.3380	
8.3547	
8.3714	
8.3880	
8.4047	
8.4214	
8.4380	
8.4547	
8.4714	
8.4880	
8.5047	
8.5214	
8.5380	
8.5547	
8.5714	
8.5880	
8.6047	
8.6214	
8.6380	181
8.6547	178
8.6714	177
8.6880	177
8.7047	177
8.7214	176
8.7380	176
8.7547	176
8.7714	175
8.7880	175
8.8047	175
8.8214	175
8.8380	174
8.8547	174
8.8714	174
8.8880	174
8.9047	174
8.9214	173
8.9380	173
8.9547	173
8.9714	173
8.9880	173
9.0047	173
9.0214	173
9.0380	173
9.0547	173
9.0714	173
9.0880	173
9.1047	173
9.1214	173
9.1380	173
9.1547	173
9.1714	173
9.1880	173
9.2047	173
9.2214	173
9.2380	173
9.2547	173
9.2714	173
9.2880	173
9.3047	173
9.3214	173
9.3380	173
9.3547	
9.3714	
9.3880	
9.4047	
9.4214	
9.4380	
9.4547	
9.4714	172
9.4880	172
9.5047	172
9.5214	172
9.5380	172
9.5547	172
9.5714	173
9.5880	174
9.6047	174
9.6214	
9.6380	
9.6547	
9.6714	
9.6880	
9.7047	
9.7214	
9.7380	
9.7547	
9.7714	
9.7880	
9.8047	
9.8214	
9.8380	
9.8547	
9.8714	
9.8880	
9.9047	
9.9214	186
9.9380	186
9.9547	186
9.9714	186
9.9880	185
10.0047	185
10.0214	184
10.0380	183
10.0547	183
10.0714	182
10.0880	181
10.1047	181
10.1214	180
10.1380	
10.1547	178
10.1714	178
10.1880	178
10.2047	177
10.2214	177
10.2380	177
10.2547	176
10.2714	177
10.2880	177
10.3047	177
10.3214	
10.3380	
10.3547	
10.3714	180
10.3880	180
10.4047	181
10.4214	182
10.4380	182
10.4547	183
10.4714	184
10.4880	184
10.5047	185
10.5214	185
10.5380	186
10.5547	187
10.5714	187
10.5880	188
10.6047	189
10.6214	189
10.6380	180
10.6547	180
10.6714	181
10.6880	182
10.7047	182
10.7214	183
10.7380	183
10.7547	183
10.7714	183
10.7880	183
10.8047	183
10.8214	183
10.8380	183
10.8547	183
10.8714	183
10.8880	182
10.9047	181
10.9214	180
10.9380	189
10.9547	188
10.9714	187
10.9880	186
11.0047	186
11.0214	185
11.0380	185
11.0547	185
11.0714	184
11.0880	184
11.1047	183
11.1214	182
11.1380	181
11.1547	180
11.1714	178
11.1880	178
11.2047	177
11.2214	175
11.2380	173
11.2547	171
11.2714	171
11.2880	176
11.3047	169
11.3214	169
11.3380	169
11.3547	176
11.3714	176
11.3880	176
11.4047	171
11.4214	171
11.4380	171
11.4547	172
11.4714	172
11.4880	173
11.5047	173
11.5214	174
11.5380	175
11.5547	175
11.5714	176
11.5880	176
11.6047	176
11.6214	175
11.6380	174
11.6547	173
11.6714	173
11.6880	172
11.7047	172
11.7214	172
11.7380	173
11.7547	173
11.7714	173
11.7880	174
11.8047	174
11.8214	173
11.8380	172
11.8547	171
11.8714	176
11.8880	169
11.9047	168
11.9214	169
11.9380	169
11.9547	176
11.9714	176
11.9880	176
12.0047	171
12.0214	171
12.0380	172
12.0547	173
12.0714	172
12.0880	172
12.1047	172
12.1214	171
12.1380	176
12.1547	169
12.1714	168
12.1880	167
12.2047	166
12.2214	165
12.2380	165
12.2547	165
12.2714	165
12.2880	166
12.3047	167
12.3214	167
12.3380	168
12.3547	168
12.3714	169
12.3880	169
12.4047	176
12.4214	176
12.4380	171
12.4547	171
12.4714	172
12.4880	172
12.5047	173
12.5214	172
12.5380	172
12.5547	172
12.5714	172
12.5880	173
12.6047	174
12.6214	174
12.6380	174
12.6547	175
12.6714	175
12.6880	176
12.7047	177
12.7214	177
12.7380	177
12.7547	178
12.7714	178
12.7880	178
12.8047	178
12.8214	180
12.8380	180
12.8547	181
12.8714	181
12.8880	182
12.9047	182
12.9214	183
12.9380	183
12.9547	184
12.9714	184
12.9880	184
13.0047	185
13.0214	186
13.0380	186
13.0547	187
13.0714	187
13.0880	188
13.1047	188
13.1214	188
13.1380	189
13.1547	180
13.1714	180
13.1880	180
13.2047	181
13.2214	181
13.2380	182
13.2547	182
13.2714	183
13.2880	183
13.3047	184
13.3214	184
13.3380	185
13.3547	185
13.3714	185
13.3880	185
13.4047	185
13.4214	184
13.4380	183
13.4547	182
13.4714	182
13.4880	182
13.5047	182
13.5214	180
13.5380	189
13.5547	189
13.5714	188
13.5880	188
13.6047	188
13.6214	188
13.6380	188
13.6547	187
13.6714	187
13.6880	187
13.7047	187
13.7214	187
13.7380	187
13.7547	186
13.7714	186
13.7880	185
13.8047	184
13.8214	183
13.8380	183
13.8547	182
13.8714	181
13.8880	181
13.9047	180
13.9214	180
13.9380	178
13.9547	178
13.9714	178
13.9880	177
14.0047	177
14.0214	176
14.0380	175
14.0547	175
14.0714	174
14.0880	174
14.1047	174
14.1214	173
14.1380	173
14.1547	172
14.1714	172
14.1880	171
14.2047	171
14.2214	176
14.2380	176
14.2547	169
14.2714	169
14.2880	169
14.3047	168
14.3214	168
14.3380	168
14.3547	168
14.3714	167
14.3880	167
14.4047	167
14.4214	166
14.4380	166
14.4547	166
14.4714	166
14.4880	165
14.5047	165
14.5214	165
14.5380	165
14.5547	165
14.5714	165
14.5880	165
14.6047	165
14.6214	164
14.6380	164
14.6547	164
14.6714	164
14.6880	164
14.7047	164
14.7214	164
14.7380	164
14.7547	164
14.7714	164
14.7880	164
14.8047	164
14.8214	164
14.8380	164
14.8547	164
14.8714	165
14.8880	165
14.9047	165
14.9214	165
14.9380	165
14.9547	165
14.9714	166
14.9880	166
15.0047	166
15.0214	166
15.0380	166
15.0547	167
15.0714	167
15.0880	167
15.1047	167
15.1214	168
15.1380	168
15.1547	169
15.1714	169
15.1880	169
15.2047	176
15.2214	176
15.2380	176
15.2547	171
15.2714	171
15.2880	172
15.3047	172
15.3214	173
15.3380	173
15.3547	173
15.3714	176
15.3880	176
15.4047	176
15.4214	176
15.4380	176
15.4547	176
15.4714	169
15.4880	168
15.5047	168
15.5214	168
15.5380	169
15.5547	169
15.5714	168
15.5880	167
15.6047	167
15.6214	168
15.6380	168
15.6547	168
15.6714	168
15.6880	168
15.7047	169
15.7214	169
15.7380	169
15.7547	169
15.7714	169
15.7880	176
15.8047	171
15.8214	172
15.8380	173
15.8547	173
15.8714	174
15.8880	174
15.9047	175
15.9214	176
15.9380	176
15.9547	177
15.9714	177
15.9880	178
16.0047	178
16.0214	178
16.0380	178
16.0547	178
16.0714	178
16.0880	180
16.1047	180
16.1214	181
16.1380	182
16.1547	183
16.1714	183
16.1880	183
16.2047	184
16.2214	184
16.2380	185
16.2547	186
16.2714	186
16.2880	187
16.3047	187
16.3214	188
16.3380	188
16.3547	189
16.3714	180
16.3880	180
16.4047	181
16.4214	182
16.4380	182
16.4547	183
16.4714	183
16.4880	184
16.5047	185
16.5214	185
16.5380	196
16.5547	196
16.5714	196
16.5880	197
16.6047	197
16.6214	197
16.6380	198
16.6547	198
16.6714	198
16.6880	188
16.7047	189
16.7214	
16.7380	
16.7547	
16.7714	189
16.7880	189
16.8047	200
16.8214	200
16.8380	200
16.8547	200
16.8714	
16.8880	
16.9047	207
16.9214	209
16.9380	204
16.9547	209
16.9714	207
16.9880	209
17.0047	212
17.0214	214
17.0380	218
17.0547	220
17.0714	227
17.0880	224
17.1047	
17.1214	
17.1380	230
17.1547	
17.1714	
17.1880	239
17.2047	230
17.2214	239
17.2380	247
17.2547	249
17.2714	
17.2880	247
17.3047	249
17.3214	259
17.3380	259
17.3547	254
17.3714	250
17.3880	258
17.4047	259
17.4214	
17.4380	
17.4547	255
17.4714	
17.4880	
17.5047	270
17.5214	272
17.5380	274
17.5547	275
17.5714	276
17.5880	278
17.6047	280
17.6214	282
17.6380	289
17.6547	284
17.6714	285
17.6880	285
17.7047	285
17.7214	284
17.7380	289
17.7547	289
17.7714	
17.7880	280
17.8047	279
17.8214	278
17.8380	276
17.8547	276
17.8714	274
17.8880	272
17.9047	271
17.9214	270
17.9380	269
17.9547	267
17.9714	269
17.9880	269
18.0047	269
18.0214	262
18.0380	260
18.0547	259
18.0714	259
18.0880	250
18.1047	250
18.1214	254
18.1380	259
18.1547	252
18.1714	251
18.1880	250
18.2047	249
18.2214	247
18.2380	249
18.2547	249
18.2714	244
18.2880	249
18.3047	242
18.3214	
18.3380	240
18.3547	
18.3714	
18.3880	
18.4047	
18.4214	
18.4380	
18.4547	232
18.4714	
18.4880	230
18.5047	229
18.5214	229
18.5380	227
18.5547	220
18.5714	225
18.5880	224
18.6047	229
18.6214	222
18.6380	221
18.6547	220
18.6714	219
18.6880	219
18.7047	218
18.7214	216
18.7380	216
18.7547	214
18.7714	214
18.7880	213
18.8047	212
18.8214	211
18.8380	210
18.8547	209
18.8714	209
18.8880	209
18.9047	207
18.9214	209
18.9380	209
18.9547	209
18.9714	209
18.9880	209
19.0047	202
19.0214	
19.0380	207
19.0547	200
19.0714	189
19.0880	188
19.1047	188
19.1214	187
19.1380	186
19.1547	185
19.1714	185
19.1880	184
19.2047	183
19.2214	183
19.2380	182
19.2547	180
19.2714	186
19.2880	182
19.3047	176
19.3214	171
19.3380	166
19.3547	163
19.3714	160
19.3880	158
19.4047	156
19.4214	155
19.4380	154
19.4547	154
19.4714	153
19.4880	152
19.5047	152
19.5214	
19.5380	
19.5547	150
19.5714	150
19.5880	149
19.6047	149
19.6214	148
19.6380	148
19.6547	148
19.6714	147
19.6880	147
19.7047	147
19.7214	146
19.7380	146
19.7547	145
19.7714	145
19.7880	145
19.8047	145
19.8214	144
19.8380	144
19.8547	144
19.8714	144
19.8880	143
19.9047	143
19.9214	143
19.9380	143
19.9547	143
19.9714	143
19.9880	143
20.0047	143
20.0214	143
20.0380	142
20.0547	142
20.0714	142
20.0880	142
20.1047	142
20.1214	142
20.1380	143
20.1547	143
20.1714	143
20.1880	143
20.2047	143
20.2214	143
20.2380	143
20.2547	143
20.2714	143
20.2880	144
20.3047	144
20.3214	144
20.3380	144
20.3547	144
20.3714	145
20.3880	145
20.4047	145
20.4214	146
20.4380	146
20.4547	146
20.4714	147
20.4880	147
20.5047	147
20.5214	148
20.5380	148
20.5547	149
20.5714	149
20.5880	150
20.6047	150
20.6214	150
20.6380	151
20.6547	151
20.6714	152
20.6880	152
20.7047	153
20.7214	153
20.7380	154
20.7547	153
20.7714	150
20.7880	147
20.8047	143
20.8214	141
20.8380	138
20.8547	137
20.8714	137
20.8880	137
20.9047	136
20.9214	136
20.9380	136
20.9547	136
20.9714	135
20.9880	135
21.0047	135
21.0214	135
21.0380	135
21.0547	135
21.0714	135
21.0880	135
21.1047	135
21.1214	135
21.1380	135
21.1547	135
21.1714	135
21.1880	135
21.2047	135
21.2214	135
21.2380	135
21.2547	136
21.2714	136
21.2880	136
21.3047	136
21.3214	136
21.3380	136
21.3547	136
21.3714	136
21.3880	136
21.4047	136
21.4214	136
21.4380	136
21.4547	136
21.4714	136
21.4880	136
21.5047	136
21.5214	136
21.5380	136
21.5547	136
21.5714	136
21.5880	136
21.6047	136
21.6214	136
21.6380	136
21.6547	136
21.6714	136
21.6880	136
21.7047	136
21.7214	136
21.7380	136
21.7547	136
21.7714	136
21.7880	136
21.8047	137
21.8214	136
21.8380	136
21.8547	137
21.8714	136
21.8880	136
21.9047	137
21.9214	136
21.9380	137
21.9547	
21.9714	137
21.9880	137
22.0047	137
22.0214	137
22.0380	137
22.0547	137
22.0714	137
22.0880	137
22.1047	137
22.1214	137
22.1380	
22.1547	
22.1714	
22.1880	
22.2047	
22.2214	
22.2380	137
22.2547	137
22.2714	137
22.2880	137
22.3047	137
22.3214	137
22.3380	137
22.3547	137
22.3714	137
22.3880	
22.4047	137
22.4214	137
22.4380	
22.4547	137
22.4714	137
22.4880	137
22.5047	138
22.5214	138
22.5380	138
22.5547	138
22.5714	138
22.5880	138
22.6047	138
22.6214	138
22.6380	139
22.6547	139
22.6714	139
22.6880	139
22.7047	139
22.7214	139
22.7380	139
22.7547	139
22.7714	139
22.7880	139
22.8047	139
22.8214	140
22.8380	140
22.8547	140
22.8714	140
22.8880	140
22.9047	140
22.9214	140
22.9380	140
22.9547	141
22.9714	141
22.9880	141
23.0047	141
23.0214	141
23.0380	142
23.0547	142
23.0714	142
23.0880	142
23.1047	142
23.1214	143
23.1380	143
23.1547	143
23.1714	143
23.1880	143
23.2047	144
23.2214	144
23.2380	144
23.2547	144
23.2714	144
23.2880	145
23.3047	145
23.3214	145
23.3380	146
23.3547	146
23.3714	147
23.3880	147
23.4047	147
23.4214	148
23.4380	148
23.4547	149
23.4714	149
23.4880	150
23.5047	150
23.5214	151
23.5380	151
23.5547	152
23.5714	152
23.5880	153
23.6047	153
23.6214	153
23.6380	154
23.6547	154
23.6714	155
23.6880	155
23.7047	155
23.7214	156
23.7380	156
23.7547	156
23.7714	157
23.7880	157
23.8047	157
23.8214	157
23.8380	158
23.8547	158
23.8714	158
23.8880	158
23.9047	158
23.9214	158
23.9380	158
23.9547	158
23.9714	158
23.9880	158
24.0047	158
24.0214	158
24.0380	158
24.0547	158
24.0714	158
24.0880	158
24.1047	158
24.1214	158
24.1380	157
24.1547	157
24.1714	157
24.1880	157
24.2047	157
24.2214	157
24.2380	157
24.2547	157
24.2714	156
24.2880	156
24.3047	156
24.3214	156
24.3380	155
24.3547	155
24.3714	155
24.3880	154
24.4047	153
24.4214	152
24.4380	152
24.4547	151
24.4714	151
24.4880	150
24.5047	149
24.5214	149
24.5380	148
24.5547	148
24.5714	147
24.5880	146
24.6047	146
24.6214	146
24.6380	145
24.6547	145
24.6714	144
24.6880	144
24.7047	143
24.7214	143
24.7380	143
24.7547	142
24.7714	142
24.7880	141
24.8047	141
24.8214	141
24.8380	140
24.8547	140
24.8714	140
24.8880	140
24.9047	139
24.9214	139
24.9380	139
24.9547	139
24.9714	139
24.9880	138
25.0047	138
25.0214	138
25.0380	138
25.0547	138
25.0714	138
25.0880	138
25.1047	138
25.1214	138
25.1380	138
25.1547	138
25.1714	138
25.1880	138
25.2047	138
25.2214	138
25.2380	138
25.2547	138
25.2714	138
25.2880	138
25.3047	139
25.3214	139
25.3380	139
25.3547	139
25.3714	139
25.3880	139
25.4047	140
25.4214	140
25.4380	140
25.4547	140
25.4714	141
25.4880	141
25.5047	141
25.5214	140
25.5380	139
25.5547	138
25.5714	138
25.5880	139
25.6047	140
25.6214	140
25.6380	141
25.6547	141
25.6714	142
25.6880	143
25.7047	143
25.7214	144
25.7380	145
25.7547	146
25.7714	146
25.7880	147
25.8047	148
25.8214	148
25.8380	149
25.8547	149
25.8714	150
25.8880	151
25.9047	151
25.9214	152
25.9380	152
25.9547	153
25.9714	154
25.9880	154
26.0047	155
26.0214	156
26.0380	156
26.0547	157
26.0714	158
26.0880	159
26.1047	159
26.1214	160
26.1380	161
26.1547	161
26.1714	162
26.1880	162
26.2047	162
26.2214	162
26.2380	162
26.2547	162
26.2714	162
26.2880	162
26.3047	162
26.3214	162
26.3380	162
26.3547	162
26.3714	162
26.3880	163
26.4047	164
26.4214	164
26.4380	165
26.4547	165
26.4714	166
26.4880	
26.5047	
26.5214	
26.5380	
26.5547	
26.5714	
26.5880	176
26.6047	176
26.6214	171
26.6380	171
26.6547	
26.6714	
26.6880	
26.7047	
26.7214	
26.7380	
26.7547	
26.7714	
26.7880	
26.8047	176
26.8214	176
26.8380	177
26.8547	178
26.8714	178
26.8880	178
26.9047	178
26.9214	178
26.9380	180
26.9547	180
26.9714	181
26.9880	181
27.0047	181
27.0214	182
27.0380	182
27.0547	183
27.0714	183
27.0880	183
27.1047	183
27.1214	183
27.1380	183
27.1547	183
27.1714	183
27.1880	183
27.2047	183
27.2214	
27.2380	
27.2547	
27.2714	
27.2880	183
27.3047	183
27.3214	183
27.3380	184
27.3547	184
27.3714	184
27.3880	184
27.4047	184
27.4214	184
27.4380	185
27.4547	
27.4714	
27.4880	
27.5047	
27.5214	
27.5380	
27.5547	
27.5714	
27.5880	
27.6047	
27.6214	
27.6380	
27.6547	186
27.6714	181
27.6880	178
27.7047	176
27.7214	176
27.7380	175
27.7547	175
27.7714	174
27.7880	174
27.8047	174
27.8214	174
27.8380	174
27.8547	174
27.8714	175
27.8880	
27.9047	
27.9214	
27.9380	
27.9547	176
27.9714	176
27.9880	176
28.0047	176
28.0214	177
28.0380	177
28.0547	177
28.0714	177
28.0880	177
28.1047	177
28.1214	178
28.1380	178
28.1547	178
28.1714	178
28.1880	178
28.2047	178
28.2214	
28.2380	178
28.2547	178
28.2714	178
28.2880	
28.3047	178
28.3214	180
28.3380	180
28.3547	180
28.3714	180
28.3880	180
28.4047	180
28.4214	180
28.4380	178
28.4547	178
28.4714	176
28.4880	175
28.5047	173
28.5214	171
28.5380	169
28.5547	166
28.5714	165
28.5880	163
28.6047	161
28.6214	159
28.6380	157
28.6547	156
28.6714	154
28.6880	152
28.7047	151
28.7214	148
28.7380	147
28.7547	145
28.7714	144
28.7880	143
28.8047	141
28.8214	141
28.8380	140
28.8547	140
28.8714	140
28.8880	140
28.9047	140
28.9214	140
28.9380	140
28.9547	140
28.9714	139
28.9880	139
29.0047	139
29.0214	138
29.0380	138
29.0547	137
29.0714	134
29.0880	131
29.1047	130
29.1214	129
29.1380	128
29.1547	127
29.1714	126
29.1880	125
29.2047	125
29.2214	123
29.2380	123
29.2547	122
29.2714	122
29.2880	122
29.3047	122
29.3214	123
29.3380	124
29.3547	126
29.3714	127
29.3880	127
29.4047	127
29.4214	127
29.4380	128
29.4547	128
29.4714	128
29.4880	129
29.5047	129
29.5214	129
29.5380	129
29.5547	129
29.5714	129
29.5880	130
29.6047	131
29.6214	131
29.6380	132
29.6547	132
29.6714	133
29.6880	134
29.7047	134
29.7214	135
29.7380	135
29.7547	136
29.7714	137
29.7880	137
29.8047	138
29.8214	138
29.8380	139
29.8547	140
29.8714	140
29.8880	141
29.9047	142
29.9214	142
29.9380	143
29.9547	144
29.9714	144
29.9880	145
30.0047	145
30.0214	146
30.0380	147
30.0547	148
30.0714	148
30.0880	149
30.1047	
30.1214	151
30.1380	151
30.1547	152
30.1714	153
30.1880	153
30.2047	154
30.2214	155
30.2380	155
30.2547	156
30.2714	156
30.2880	156
30.3047	157
30.3214	157
30.3380	158
30.3547	159
30.3714	159
30.3880	159
30.4047	159
30.4214	159
30.4380	160
30.4547	160
30.4714	160
30.4880	160
30.5047	161
30.5214	161
30.5380	161
30.5547	161
30.5714	161
30.5880	162
30.6047	162
30.6214	161
30.6380	161
30.6547	161
30.6714	160
30.6880	160
30.7047	160
30.7214	159
30.7380	159
30.7547	159
30.7714	158
30.7880	158
30.8047	158
30.8214	158
30.8380	158
30.8547	158
30.8714	158
30.8880	158
30.9047	157
30.9214	157
30.9380	157
30.9547	157
30.9714	157
30.9880	156
31.0047	156
31.0214	156
31.0380	156
31.0547	155
31.0714	155
31.0880	155
31.1047	155
31.1214	154
31.1380	154
31.1547	154
31.1714	154
31.1880	153
31.2047	153
31.2214	152
31.2380	152
31.2547	151
31.2714	151
31.2880	150
31.3047	150
31.3214	149
31.3380	149
31.3547	148
31.3714	148
31.3880	147
31.4047	147
31.4214	146
31.4380	146
31.4547	145
31.4714	145
31.4880	145
31.5047	144
31.5214	144
31.5380	143
31.5547	143
31.5714	143
31.5880	143
31.6047	142
31.6214	142
31.6380	142
31.6547	142
31.6714	141
31.6880	141
31.7047	141
31.7214	141
31.7380	141
31.7547	140
31.7714	140
31.7880	140
31.8047	140
31.8214	140
31.8380	140
31.8547	140
31.8714	140
31.8880	140
31.9047	140
31.9214	140
31.9380	140
31.9547	140
31.9714	140
31.9880	140
32.0047	140
32.0214	141
32.0380	141
32.0547	141
32.0714	141
32.0880	141
32.1047	141
32.1214	142
32.1380	142
32.1547	142
32.1714	142
32.1880	143
32.2047	143
32.2214	143
32.2380	144
32.2547	137
32.2714	
32.2880	
32.3047	79
32.3214	72
32.3380	71
32.3547	71
32.3714	70
32.3880	70
32.4047	70
32.4214	70
32.4380	
32.4547	
32.4714	70
32.4880	70
32.5047	
32.5214	
32.5380	
32.5547	
32.5714	
32.5880	
32.6047	
32.6214	
32.6380	
32.6547	
32.6714	
32.6880	
32.7047	
32.7214	
32.7380	
32.7547	
32.7714	
32.7880	
32.8047	
32.8214	
32.8380	
32.8547	
32.8714	
32.8880	
32.9047	
32.9214	
32.9380	
32.9547	
32.9714	
32.9880	
33.0047	
33.0214	
33.0380	
33.0547	70
33.0714	71
33.0880	72
33.1047	72
33.1214	79
33.1380	74
33.1547	74
33.1714	75
33.1880	70
33.2047	77
33.2214	78
33.2380	78
33.2547	
33.2714	
33.2880	
33.3047	92
33.3214	
33.3380	
33.3547	
33.3714	
33.3880	
33.4047	
33.4214	
33.4380	99
33.4547	
33.4714	
33.4880	
33.5047	
33.5214	
33.5380	
33.5547	
33.5714	
33.5880	
33.6047	
33.6214	
33.6380	160
33.6547	160
33.6714	161
33.6880	161
33.7047	162
33.7214	162
33.7380	162
33.7547	161
33.7714	161
33.7880	161
33.8047	161
33.8214	160
33.8380	160
33.8547	
33.8714	
33.8880	
33.9047	
33.9214	
33.9380	
33.9547	
33.9714	
33.9880	
34.0047	
34.0214	
34.0380	
34.0547	
34.0714	
34.0880	
34.1047	94
34.1214	94
34.1380	
34.1547	
34.1714	
34.1880	
34.2047	
34.2214	94
34.2380	
34.2547	
34.2714	
34.2880	
34.3047	
34.3214	
34.3380	
34.3547	
34.3714	
34.3880	
34.4047	
34.4214	
34.4380	
34.4547	
34.4714	97
34.4880	
34.5047	
34.5214	
34.5380	
34.5547	
34.5714	
34.5880	
34.6047	
34.6214	
34.6380	
34.6547	
34.6714	
34.6880	
34.7047	
34.7214	
34.7380	
34.7547	
34.7714	
34.7880	
34.8047	160
34.8214	
34.8380	
34.8547	
34.8714	
34.8880	
34.9047	
34.9214	
34.9380	
34.9547	
34.9714	
34.9880	
35.0047	
35.0214	
35.0380	
35.0547	
35.0714	
35.0880	
35.1047	
35.1214	
35.1380	
35.1547	
35.1714	
35.1880	
35.2047	
35.2214	
35.2380	
35.2547	
35.2714	
35.2880	
35.3047	
35.3214	
35.3380	
35.3547	
35.3714	
35.3880	
35.4047	
35.4214	
35.4380	
35.4547	
35.4714	
35.4880	
35.5047	
35.5214	99
35.5380	99
35.5547	94
35.5714	94
35.5880	
35.6047	
35.6214	
35.6380	
35.6547	97
35.6714	
35.6880	
35.7047	
35.7214	161
35.7380	161
35.7547	162
35.7714	163
35.7880	163
35.8047	164
35.8214	164
35.8380	165
35.8547	166
35.8714	165
35.8880	164
35.9047	165
35.9214	165
35.9380	165
35.9547	166
35.9714	166
35.9880	167
36.0047	168
36.0214	167
36.0380	167
36.0547	168
36.0714	168
36.0880	168
36.1047	168
36.1214	168
36.1380	168
36.1547	169
36.1714	169
36.1880	169
36.2047	
36.2214	116
36.2380	116
36.2547	111
36.2714	111
36.2880	111
36.3047	111
36.3214	111
36.3380	111
36.3547	111
36.3714	111
36.3880	111
36.4047	111
36.4214	111
36.4380	111
36.4547	111
36.4714	111
36.4880	111
36.5047	111
36.5214	111
36.5380	111
36.5547	112
36.5714	112
36.5880	112
36.6047	112
36.6214	112
36.6380	113
36.6547	113
36.6714	113
36.6880	111
36.7047	111
36.7214	111
36.7380	116
36.7547	116
36.7714	116
36.7880	116
36.8047	116
36.8214	116
36.8380	115
36.8547	115
36.8714	114
36.8880	114
36.9047	114
36.9214	115
36.9380	
36.9547	116
36.9714	
36.9880	
37.0047	
37.0214	
37.0380	
37.0547	
37.0714	120
37.0880	121
37.1047	122
37.1214	122
37.1380	123
37.1547	
37.1714	124
37.1880	125
37.2047	125
37.2214	126
37.2380	127
37.2547	127
37.2714	128
37.2880	129
37.3047	129
37.3214	130
37.3380	130
37.3547	131
37.3714	132
37.3880	133
37.4047	133
37.4214	135
37.4380	136
37.4547	137
37.4714	141
37.4880	145
37.5047	148
37.5214	153
37.5380	156
37.5547	161
37.5714	164
37.5880	168
37.6047	171
37.6214	174
37.6380	
37.6547	
37.6714	
37.6880	188
37.7047	181
37.7214	
37.7380	
37.7547	209
37.7714	209
37.7880	207
37.8047	210
37.8214	212
37.8380	215
37.8547	218
37.8714	220
37.8880	229
37.9047	225
37.9214	
37.9380	
37.9547	
37.9714	235
37.9880	
38.0047	240
38.0214	242
38.0380	249
38.0547	
38.0714	249
38.0880	250
38.1047	252
38.1214	254
38.1380	
38.1547	
38.1714	
38.1880	
38.2047	289
38.2214	289
38.2380	270
38.2547	273
38.2714	276
38.2880	278
38.3047	281
38.3214	289
38.3380	280
38.3547	289
38.3714	290
38.3880	299
38.4047	299
38.4214	299
38.4380	
38.4547	309
38.4714	
38.4880	307
38.5047	309
38.5214	309
38.5380	309
38.5547	309
38.5714	309
38.5880	309
38.6047	309
38.6214	309
38.6380	309
38.6547	309
38.6714	309
38.6880	307
38.7047	307
38.7214	307
38.7380	307
38.7547	307
38.7714	307
38.7880	307
38.8047	307
38.8214	307
38.8380	307
38.8547	307
38.8714	307
38.8880	307
38.9047	307
38.9214	307
38.9380	309
38.9547	309
38.9714	309
38.9880	309
39.0047	309
39.0214	309
39.0380	309
39.0547	309
39.0714	309
39.0880	309
39.1047	309
39.1214	309
39.1380	309
39.1547	309
39.1714	309
39.1880	309
39.2047	309
39.2214	309
39.2380	309
39.2547	310
39.2714	310
39.2880	310
39.3047	310
39.3214	310
39.3380	311
39.3547	311
39.3714	309
39.3880	309
39.4047	309
39.4214	302
39.4380	
39.4547	
39.4714	300
39.4880	299
39.5047	299
39.5214	299
39.5380	299
39.5547	297
39.5714	297
39.5880	299
39.6047	299
39.6214	299
39.6380	299
39.6547	299
39.6714	299
39.6880	299
39.7047	299
39.7214	299
39.7380	299
39.7547	299
39.7714	299
39.7880	299
39.8047	299
39.8214	299
39.8380	299
39.8547	299
39.8714	299
39.8880	299
39.9047	299
39.9214	300
39.9380	300
39.9547	300
39.9714	
39.9880	289
40.0047	
40.0214	251
40.0380	251
40.0547	250
40.0714	250
40.0880	250
40.1047	250
40.1214	249
40.1380	249
40.1547	249
40.1714	249
40.1880	249
40.2047	249
40.2214	249
40.2380	249
40.2547	249
40.2714	247
40.2880	247
40.3047	247
40.3214	247
40.3380	247
40.3547	247
40.3714	247
40.3880	247
40.4047	249
40.4214	249
40.4380	249
40.4547	249
40.4714	249
40.4880	249
40.5047	249
40.5214	249
40.5380	249
40.5547	249
40.5714	249
40.5880	249
40.6047	249
40.6214	249
40.6380	249
40.6547	
40.6714	249
40.6880	249
40.7047	249
40.7214	249
40.7380	247
40.7547	247
40.7714	247
40.7880	247
40.8047	247
40.8214	247
40.8380	247
40.8547	242
40.8714	
40.8880	
40.9047	
40.9214	
40.9380	
40.9547	183
40.9714	189
40.9880	189
41.0047	189
41.0214	180
41.0380	180
41.0547	180
41.0714	180
41.0880	180
41.1047	189
41.1214	186
41.1380	182
41.1547	180
41.1714	178
41.1880	177
41.2047	176
41.2214	175
41.2380	174
41.2547	174
41.2714	173
41.2880	172
41.3047	171
41.3214	176
41.3380	169
41.3547	168
41.3714	168
41.3880	167
41.4047	166
41.4214	166
41.4380	166
41.4547	165
41.4714	165
41.4880	165
41.5047	165
41.5214	165
41.5380	164
41.5547	164
41.5714	164
41.5880	164
41.6047	164
41.6214	164
41.6380	164
41.6547	164
41.6714	164
41.6880	164
41.7047	164
41.7214	164
41.7380	164
41.7547	164
41.7714	164
41.7880	164
41.8047	164
41.8214	164
41.8380	164
41.8547	164
41.8714	164
41.8880	164
41.9047	164
41.9214	165
41.9380	166
41.9547	166
41.9714	167
41.9880	168
42.0047	168
42.0214	169
42.0380	169
42.0547	176
42.0714	171
42.0880	171
42.1047	172
42.1214	173
42.1380	174
42.1547	174
42.1714	175
42.1880	175
42.2047	176
42.2214	177
42.2380	177
42.2547	178
42.2714	178
42.2880	178
42.3047	178
42.3214	178
42.3380	178
42.3547	178
42.3714	178
42.3880	178
42.4047	178
42.4214	178
42.4380	178
42.4547	178
42.4714	178
42.4880	178
42.5047	178
42.5214	
42.5380	
42.5547	
42.5714	180
42.5880	180
42.6047	180
42.6214	180
42.6380	180
42.6547	180
42.6714	180
42.6880	180
42.7047	180
42.7214	178
42.7380	178
42.7547	178
42.7714	178
42.7880	178
42.8047	178
42.8214	178
42.8380	178
42.8547	178
42.8714	178
42.8880	
42.9047	178
42.9214	178
42.9380	180
42.9547	180
42.9714	178
42.9880	178
43.0047	178
43.0214	178
43.0380	178
43.0547	177
43.0714	176
43.0880	176
43.1047	175
43.1214	175
43.1380	175
43.1547	174
43.1714	174
43.1880	173
43.2047	173
43.2214	173
43.2380	172
43.2547	172
43.2714	171
43.2880	171
43.3047	171
43.3214	171
43.3380	176
43.3547	176
43.3714	176
43.3880	169
43.4047	169
43.4214	169
43.4380	169
43.4547	169
43.4714	168
43.4880	168
43.5047	168
43.5214	168
43.5380	168
43.5547	167
43.5714	167
43.5880	167
43.6047	167
43.6214	167
43.6380	167
43.6547	167
43.6714	167
43.6880	167
43.7047	167
43.7214	167
43.7380	167
43.7547	167
43.7714	167
43.7880	167
43.8047	167
43.8214	167
43.8380	168
43.8547	168
43.8714	168
43.8880	168
43.9047	168
43.9214	168
43.9380	169
43.9547	169
43.9714	176
43.9880	171
44.0047	171
44.0214	172
44.0380	172
44.0547	173
44.0714	174
44.0880	175
44.1047	176
44.1214	177
44.1380	178
44.1547	178
44.1714	
44.1880	180
44.2047	
44.2214	
44.2380	
44.2547	
44.2714	
44.2880	
44.3047	
44.3214	
44.3380	
44.3547	
44.3714	
44.3880	
44.4047	
44.4214	
44.4380	
44.4547	
44.4714	182
44.4880	183
44.5047	184
44.5214	184
44.5380	185
44.5547	185
44.5714	186
44.5880	186
44.6047	187
44.6214	187
44.6380	188
44.6547	189
44.6714	189
44.6880	200
44.7047	200
44.7214	
44.7380	
44.7547	
44.7714	202
44.7880	202
44.8047	209
44.8214	209
44.8380	209
44.8547	204
44.8714	204
44.8880	204
44.9047	209
44.9214	209
44.9380	209
44.9547	209
44.9714	209
44.9880	209
45.0047	207
45.0214	207
45.0380	207
45.0547	209
45.0714	209
45.0880	209
45.1047	209
45.1214	210
45.1380	210
45.1547	210
45.1714	211
45.1880	211
45.2047	212
45.2214	212
45.2380	213
45.2547	213
45.2714	214
45.2880	214
45.3047	215
45.3214	215
45.3380	216
45.3547	216
45.3714	217
45.3880	217
45.4047	218
45.4214	218
45.4380	219
45.4547	220
45.4714	220
45.4880	221
45.5047	221
45.5214	221
45.5380	222
45.5547	222
45.5714	222
45.5880	222
45.6047	222
45.6214	222
45.6380	222
45.6547	222
45.6714	221
45.6880	221
45.7047	221
45.7214	220
45.7380	219
45.7547	219
45.7714	218
45.7880	218
45.8047	218
45.8214	217
45.8380	217
45.8547	217
45.8714	217
45.8880	216
45.9047	216
45.9214	216
45.9380	216
45.9547	216
45.9714	216
45.9880	215
46.0047	215
46.0214	214
46.0380	214
46.0547	213
46.0714	213
46.0880	213
46.1047	212
46.1214	212
46.1380	211
46.1547	211
46.1714	210
46.1880	210
46.2047	210
46.2214	209
46.2380	209
46.2547	209
46.2714	209
46.2880	209
46.3047	207
46.3214	207
46.3380	207
46.3547	207
46.3714	209
46.3880	209
46.4047	209
46.4214	209
46.4380	209
46.4547	209
46.4714	209
46.4880	209
46.5047	209
46.5214	204
46.5380	204
46.5547	204
46.5714	204
46.5880	204
46.6047	204
46.6214	209
46.6380	209
46.6547	209
46.6714	209
46.6880	209
46.7047	209
46.7214	209
46.7380	209
46.7547	209
46.7714	209
46.7880	209
46.8047	209
46.8214	209
46.8380	209
46.8547	209
46.8714	209
46.8880	209
46.9047	209
46.9214	209
46.9380	209
46.9547	209
46.9714	204
46.9880	
47.0047	
47.0214	204
47.0380	209
47.0547	209
47.0714	202
47.0880	202
47.1047	
47.1214	
47.1380	207
47.1547	202
47.1714	202
47.1880	202
47.2047	202
47.2214	202
47.2380	202
47.2547	202
47.2714	202
47.2880	202
47.3047	202
47.3214	207
47.3380	207
47.3547	207
47.3714	
47.3880	204
47.4047	
47.4214	207
47.4380	207
47.4547	207
47.4714	204
47.4880	207
47.5047	207
47.5214	207
47.5380	
47.5547	
47.5714	207
47.5880	207
47.6047	
47.6214	207
47.6380	207
47.6547	207
47.6714	207
47.6880	
47.7047	207
47.7214	
47.7380	
47.7547	207
47.7714	
47.7880	207
47.8047	
47.8214	207
47.8380	207
47.8547	
47.8714	
47.8880	
47.9047	
47.9214	204
47.9380	
47.9547	
47.9714	204
47.9880	207
48.0047	
48.0214	
48.0380	207
48.0547	
48.0714	207
48.0880	
48.1047	
48.1214	
48.1380	204
48.1547	204
48.1714	207
48.1880	
48.2047	
48.2214	207
48.2380	207
48.2547	207
48.2714	207
48.2880	
48.3047	
48.3214	
48.3380	
48.3547	
48.3714	
48.3880	204
48.4047	207
48.4214	207
48.4380	
48.4547	207
48.4714	
48.4880	
48.5047	
48.5214	
48.5380	
48.5547	
48.5714	
48.5880	
48.6047	
48.6214	
48.6380	
48.6547	
48.6714	
48.6880	
48.7047	
48.7214	
48.7380	
48.7547	
48.7714	207
48.7880	207
48.8047	204
48.8214	204
48.8380	207
48.8547	207
48.8714	207
48.8880	207
48.9047	207
48.9214	204
48.9380	
48.9547	204
48.9714	204
48.9880	204
49.0047	204
49.0214	
49.0380	
49.0547	207
49.0714	
49.0880	
49.1047	
49.1214	
49.1380	204
49.1547	
49.1714	207
49.1880	207
49.2047	207
49.2214	
49.2380	
49.2547	
49.2714	207
49.2880	207
49.3047	207
49.3214	207
49.3380	207
49.3547	207
49.3714	
49.3880	
49.4047	207
49.4214	207
49.4380	207
49.4547	207
49.4714	207
49.4880	207
49.5047	
49.5214	207
49.5380	207
49.5547	207
49.5714	202
49.5880	202
49.6047	202
49.6214	202
49.6380	202
49.6547	202
49.6714	202
49.6880	209
49.7047	209
49.7214	209
49.7380	209
49.7547	209
49.7714	209
49.7880	204
49.8047	204
49.8214	204
49.8380	204
49.8547	204
49.8714	204
49.8880	209
49.9047	209
49.9214	209
49.9380	209
49.9547	209
49.9714	209
49.9880	209
50.0047	
50.0214	
50.0380	209
50.0547	
50.0714	209
50.0880	209
50.1047	209
50.1214	209
50.1380	209
50.1547	209
50.1714	209
50.1880	207
50.2047	207
50.2214	207
50.2380	209
50.2547	209
50.2714	209
50.2880	209
50.3047	209
50.3214	210
50.3380	210
50.3547	211
50.3714	211
50.3880	211
50.4047	212
50.4214	212
50.4380	213
50.4547	213
50.4714	213
50.4880	214
50.5047	214
50.5214	214
50.5380	215
50.5547	215
50.5714	215
50.5880	215
50.6047	213
50.6214	209
50.6380	200
50.6547	182
50.6714	187
50.6880	184
50.7047	183
50.7214	183
50.7380	182
50.7547	182
50.7714	181
50.7880	180
50.8047	180
50.8214	178
50.8380	178
50.8547	176
50.8714	175
50.8880	175
50.9047	173
50.9214	173
50.9380	171
50.9547	171
50.9714	176
50.9880	168
51.0047	168
51.0214	166
51.0380	166
51.0547	165
51.0714	164
51.0880	163
51.1047	162
51.1214	161
51.1380	160
51.1547	159
51.1714	159
51.1880	157
51.2047	157
51.2214	156
51.2380	155
51.2547	155
51.2714	154
51.2880	153
51.3047	152
51.3214	151
51.3380	151
51.3547	150
51.3714	149
51.3880	149
51.4047	148
51.4214	147
51.4380	146
51.4547	146
51.4714	145
51.4880	144
51.5047	144
51.5214	143
51.5380	143
51.5547	142
51.5714	142
51.5880	141
51.6047	141
51.6214	140
51.6380	140
51.6547	139
51.6714	139
51.6880	138
51.7047	138
51.7214	137
51.7380	137
51.7547	137
51.7714	136
51.7880	136
51.8047	136
51.8214	135
51.8380	135
51.8547	134
51.8714	134
51.8880	134
51.9047	134
51.9214	134
51.9380	133
51.9547	133
51.9714	133
51.9880	133
52.0047	133
52.0214	133
52.0380	132
52.0547	132
52.0714	132
52.0880	132
52.1047	132
52.1214	132
52.1380	132
52.1547	132
52.1714	132
52.1880	132
52.2047	132
52.2214	133
52.2380	133
52.2547	133
52.2714	133
52.2880	133
52.3047	133
52.3214	133
52.3380	134
52.3547	134
52.3714	134
52.3880	134
52.4047	135
52.4214	135
52.4380	135
52.4547	135
52.4714	136
52.4880	136
52.5047	136
52.5214	137
52.5380	137
52.5547	137
52.5714	138
52.5880	138
52.6047	139
52.6214	139
52.6380	140
52.6547	140
52.6714	141
52.6880	141
52.7047	142
52.7214	142
52.7380	143
52.7547	143
52.7714	144
52.7880	145
52.8047	145
52.8214	146
52.8380	146
52.8547	147
52.8714	148
52.8880	148
52.9047	149
52.9214	148
52.9380	147
52.9547	147
52.9714	142
52.9880	137
53.0047	136
53.0214	136
53.0380	137
53.0547	137
53.0714	137
53.0880	137
53.1047	138
53.1214	138
53.1380	
53.1547	
53.1714	139
53.1880	140
53.2047	
53.2214	140
53.2380	141
53.2547	141
53.2714	142
53.2880	142
53.3047	143
53.3214	143
53.3380	144
53.3547	144
53.3714	145
53.3880	145
53.4047	146
53.4214	147
53.4380	147
53.4547	148
53.4714	148
53.4880	149
53.5047	150
53.5214	150
53.5380	151
53.5547	152
53.5714	152
53.5880	153
53.6047	154
53.6214	155
53.6380	155
53.6547	156
53.6714	157
53.6880	158
53.7047	158
53.7214	159
53.7380	160
53.7547	161
53.7714	162
53.7880	162
53.8047	163
53.8214	164
53.8380	165
53.8547	166
53.8714	166
53.8880	167
53.9047	168
53.9214	
53.9380	
53.9547	
53.9714	171
53.9880	173
54.0047	173
54.0214	175
54.0380	175
54.0547	176
54.0714	164
54.0880	156
54.1047	145
54.1214	141
54.1380	138
54.1547	135
54.1714	136
54.1880	136
54.2047	136
54.2214	136
54.2380	136
54.2547	136
54.2714	137
54.2880	137
54.3047	137
54.3214	138
54.3380	138
54.3547	138
54.3714	138
54.3880	138
54.4047	139
54.4214	139
54.4380	139
54.4547	139
54.4714	139
54.4880	139
54.5047	139
54.5214	139
54.5380	139
54.5547	139
54.5714	139
54.5880	139
54.6047	139
54.6214	139
54.6380	139
54.6547	139
54.6714	139
54.6880	139
54.7047	139
54.7214	139
54.7380	139
54.7547	139
54.7714	139
54.7880	139
54.8047	139
54.8214	139
54.8380	139
54.8547	139
54.8714	140
54.8880	140
54.9047	141
54.9214	142
54.9380	142
54.9547	143
54.9714	143
54.9880	
55.0047	145
55.0214	146
55.0380	146
55.0547	147
55.0714	148
55.0880	148
55.1047	149
55.1214	150
55.1380	150
55.1547	151
55.1714	151
55.1880	152
55.2047	153
55.2214	153
55.2380	154
55.2547	155
55.2714	155
55.2880	156
55.3047	156
55.3214	157
55.3380	158
55.3547	159
55.3714	
55.3880	
55.4047	
55.4214	161
55.4380	162
55.4547	162
55.4714	162
55.4880	
55.5047	
55.5214	
55.5380	
55.5547	
55.5714	162
55.5880	162
55.6047	
55.6214	162
55.6380	
55.6547	163
55.6714	163
55.6880	164
55.7047	165
55.7214	165
55.7380	166
55.7547	166
55.7714	167
55.7880	167
55.8047	168
55.8214	169
55.8380	169
55.8547	176
55.8714	176
55.8880	176
55.9047	171
55.9214	171
55.9380	171
55.9547	171
55.9714	171
55.9880	171
56.0047	171
56.0214	171
56.0380	171
56.0547	171
56.0714	171
56.0880	171
56.1047	171
56.1214	171
56.1380	172
56.1547	172
56.1714	172
56.1880	172
56.2047	172
56.2214	173
56.2380	173
56.2547	173
56.2714	173
56.2880	174
56.3047	174
56.3214	174
56.3380	174
56.3547	175
56.3714	175
56.3880	175
56.4047	176
56.4214	
56.4380	
56.4547	144
56.4714	143
56.4880	142
56.5047	142
56.5214	141
56.5380	140
56.5547	140
56.5714	139
56.5880	138
56.6047	137
56.6214	137
56.6380	136
56.6547	135
56.6714	135
56.6880	134
56.7047	134
56.7214	133
56.7380	132
56.7547	132
56.7714	131
56.7880	131
56.8047	131
56.8214	130
56.8380	130
56.8547	129
56.8714	129
56.8880	128
56.9047	128
56.9214	127
56.9380	127
56.9547	127
56.9714	126
56.9880	126
57.0047	126
57.0214	125
57.0380	125
57.0547	125
57.0714	125
57.0880	124
57.1047	124
57.1214	124
57.1380	124
57.1547	124
57.1714	124
57.1880	124
57.2047	123
57.2214	123
57.2380	123
57.2547	123
57.2714	123
57.2880	123
57.3047	123
57.3214	123
57.3380	123
57.3547	123
57.3714	124
57.3880	124
57.4047	124
57.4214	124
57.4380	124
57.4547	124
57.4714	124
57.4880	125
57.5047	125
57.5214	125
57.5380	126
57.5547	126
57.5714	126
57.5880	126
57.6047	127
57.6214	127
57.6380	127
57.6547	128
57.6714	128
57.6880	129
57.7047	129
57.7214	129
57.7380	130
57.7547	130
57.7714	131
57.7880	132
57.8047	132
57.8214	133
57.8380	133
57.8547	133
57.8714	134
57.8880	135
57.9047	135
57.9214	136
57.9380	136
57.9547	137
57.9714	138
57.9880	139
58.0047	139
58.0214	140
58.0380	141
58.0547	141
58.0714	142
58.0880	143
58.1047	
58.1214	
58.1380	
58.1547	
58.1714	
58.1880	
58.2047	
58.2214	
58.2380	
58.2547	
58.2714	
58.2880	168
58.3047	167
58.3214	167
58.3380	166
58.3547	166
58.3714	165
58.3880	164
58.4047	163
58.4214	162
58.4380	161
58.4547	161
58.4714	161
58.4880	161
58.5047	161
58.5214	160
58.5380	160
58.5547	160
58.5714	160
58.5880	
58.6047	
58.6214	160
58.6380	160
58.6547	161
58.6714	162
58.6880	163
58.7047	164
58.7214	165
58.7380	166
58.7547	166
58.7714	167
58.7880	168
58.8047	
58.8214	
58.8380	
58.8547	
58.8714	
58.8880	
58.9047	167
58.9214	
58.9380	
58.9547	168
58.9714	168
58.9880	169
59.0047	169
59.0214	
59.0380	
59.0547	116
59.0714	111
59.0880	111
59.1047	112
59.1214	112
59.1380	112
59.1547	112
59.1714	112
59.1880	112
59.2047	112
59.2214	112
59.2380	112
59.2547	112
59.2714	112
59.2880	112
59.3047	112
59.3214	112
59.3380	112
59.3547	112
59.3714	112
59.3880	113
59.4047	113
59.4214	114
59.4380	114
59.4547	116
59.4714	116
59.4880	116
59.5047	
59.5214	
59.5380	118
59.5547	118
59.5714	113
59.5880	120
59.6047	120
59.6214	121
59.6380	122
59.6547	123
59.6714	123
59.6880	124
59.7047	125
59.7214	125
59.7380	126
59.7547	127
59.7714	127
59.7880	128
59.8047	129
59.8214	130
59.8380	131
59.8547	131
59.8714	132
59.8880	133
59.9047	134
59.9214	135
59.9380	135
59.9547	136
59.9714	137
59.9880	138
60.0047	139
60.0214	140
60.0380	141
60.0547	141
60.0714	143
60.0880	143
60.1047	144
60.1214	145
60.1380	146
60.1547	147
60.1714	148
60.1880	149
60.2047	150
60.2214	151
60.2380	152
60.2547	152
60.2714	153
60.2880	154
60.3047	155
60.3214	156
60.3380	157
60.3547	157
60.3714	158
60.3880	159
60.4047	160
60.4214	161
60.4380	161
60.4547	162
60.4714	162
60.4880	162
60.5047	162
60.5214	162
60.5380	162
60.5547	162
60.5714	162
60.5880	162
60.6047	162
60.6214	162
60.6380	162
60.6547	163
60.6714	163
60.6880	163
60.7047	164
60.7214	164
60.7380	164
60.7547	164
60.7714	163
60.7880	163
60.8047	162
60.8214	162
60.8380	163
60.8547	163
60.8714	163
60.8880	164
60.9047	164
60.9214	164
60.9380	164
60.9547	165
60.9714	165
60.9880	165
61.0047	165
61.0214	
61.0380	166
61.0547	166
61.0714	166
61.0880	166
61.1047	166
61.1214	164
61.1380	163
61.1547	162
61.1714	162
61.1880	161
61.2047	161
61.2214	161
61.2380	
61.2547	162
61.2714	
61.2880	162
61.3047	162
61.3214	162
61.3380	162
61.3547	162
61.3714	162
61.3880	162
61.4047	162
61.4214	162
61.4380	162
61.4547	162
61.4714	162
61.4880	162
61.5047	162
61.5214	162
61.5380	162
61.5547	162
61.5714	162
61.5880	162
61.6047	162
61.6214	162
61.6380	162
61.6547	162
61.6714	162
61.6880	162
61.7047	162
61.7214	162
61.7380	162
61.7547	162
61.7714	162
61.7880	162
61.8047	162
61.8214	162
61.8380	162
61.8547	161
61.8714	161
61.8880	161
61.9047	161
61.9214	161
61.9380	161
61.9547	161
61.9714	161
61.9880	161
62.0047	161
62.0214	160
62.0380	160
62.0547	160
62.0714	160
62.0880	160
62.1047	160
62.1214	160
62.1380	159
62.1547	159
62.1714	159
62.1880	159
62.2047	159
62.2214	159
62.2380	158
62.2547	158
62.2714	158
62.2880	158
62.3047	158
62.3214	158
62.3380	157
62.3547	157
62.3714	157
62.3880	157
62.4047	157
62.4214	157
62.4380	156
62.4547	156
62.4714	156
62.4880	156
62.5047	156
62.5214	155
62.5380	155
62.5547	155
62.5714	155
62.5880	155
62.6047	155
62.6214	155
62.6380	154
62.6547	154
62.6714	154
62.6880	154
62.7047	154
62.7214	154
62.7380	154
62.7547	153
62.7714	153
62.7880	153
62.8047	153
62.8214	153
62.8380	153
62.8547	152
62.8714	152
62.8880	152
62.9047	152
62.9214	152
62.9380	152
62.9547	151
62.9714	151
62.9880	151
63.0047	151
63.0214	151
63.0380	151
63.0547	151
63.0714	
63.0880	150
63.1047	
63.1214	149
63.1380	148
63.1547	
63.1714	
63.1880	
63.2047	
63.2214	
63.2380	
63.2547	
63.2714	
63.2880	
63.3047	142
63.3214	142
63.3380	141
63.3547	140
63.3714	140
63.3880	140
63.4047	139
63.4214	138
63.4380	137
63.4547	136
63.4714	135
63.4880	134
63.5047	133
63.5214	132
63.5380	131
63.5547	130
63.5714	128
63.5880	128
63.6047	126
63.6214	126
63.6380	125
63.6547	124
63.6714	123
63.6880	122
63.7047	121
63.7214	121
63.7380	120
63.7547	116
63.7714	118
63.7880	118
63.8047	
63.8214	116
63.8380	116
63.8547	115
63.8714	116
63.8880	116
63.9047	116
63.9214	116
63.9380	116
63.9547	116
63.9714	116
63.9880	116
64.0047	
64.0214	
64.0380	
64.0547	
64.0714	
64.0880	
64.1047	
64.1214	
64.1380	
64.1547	
64.1714	
64.1880	
64.2047	
64.2214	
64.2380	
64.2547	
64.2714	
64.2880	
64.3047	
64.3214	
64.3380	
64.3547	
64.3714	
64.3880	
64.4047	
64.4214	
64.4380	
64.4547	
64.4714	
64.4880	
64.5047	
64.5214	
64.5380	
64.5547	
64.5714	
64.5880	
64.6047	
64.6214	
64.6380	
64.6547	
64.6714	
64.6880	
64.7047	
64.7214	
64.7380	
64.7547	
64.7714	
64.7880	
64.8047	
64.8214	
64.8380	
64.8547	
64.8714	
64.8880	
64.9047	
64.9214	
64.9380	
64.9547	
64.9714	
64.9880	
65.0047	
65.0214	
65.0380	
65.0547	
65.0714	
65.0880	
65.1047	
65.1214	
65.1380	
65.1547	
65.1714	
65.1880	
65.2047	
65.2214	
65.2380	
65.2547	
65.2714	172
65.2880	173
65.3047	174
65.3214	175
65.3380	
65.3547	
65.3714	178
65.3880	178
65.4047	174
65.4214	151
65.4380	
65.4547	
65.4714	
65.4880	169
65.5047	169
65.5214	169
65.5380	168
65.5547	168
65.5714	168
65.5880	168
65.6047	168
65.6214	168
65.6380	167
65.6547	
65.6714	167
65.6880	167
65.7047	167
65.7214	167
65.7380	168
65.7547	168
65.7714	168
65.7880	169
65.8047	
65.8214	116
65.8380	111
65.8547	111
65.8714	112
65.8880	112
65.9047	113
65.9214	113
65.9380	114
65.9547	115
65.9714	115
65.9880	116
66.0047	
66.0214	
66.0380	118
66.0547	118
66.0714	113
66.0880	113
66.1047	120
66.1214	120
66.1380	121
66.1547	121
66.1714	122
66.1880	122
66.2047	123
66.2214	123
66.2380	124
66.2547	124
66.2714	125
66.2880	125
66.3047	126
66.3214	126
66.3380	127
66.3547	127
66.3714	128
66.3880	129
66.4047	129
66.4214	130
66.4380	130
66.4547	131
66.4714	132
66.4880	132
66.5047	133
66.5214	133
66.5380	134
66.5547	135
66.5714	135
66.5880	136
66.6047	137
66.6214	137
66.6380	137
66.6547	137
66.6714	138
66.6880	138
66.7047	138
66.7214	138
66.7380	137
66.7547	137
66.7714	137
66.7880	137
66.8047	137
66.8214	137
66.8380	137
66.8547	136
66.8714	136
66.8880	136
66.9047	135
66.9214	135
66.9380	135
66.9547	135
66.9714	135
66.9880	135
67.0047	134
67.0214	134
67.0380	134
67.0547	134
67.0714	134
67.0880	134
67.1047	133
67.1214	133
67.1380	133
67.1547	133
67.1714	133
67.1880	133
67.2047	132
67.2214	132
67.2380	132
67.2547	132
67.2714	132
67.2880	131
67.3047	131
67.3214	131
67.3380	131
67.3547	131
67.3714	130
67.3880	130
67.4047	130
67.4214	130
67.4380	130
67.4547	130
67.4714	129
67.4880	129
67.5047	129
67.5214	129
67.5380	128
67.5547	128
67.5714	128
67.5880	127
67.6047	126
67.6214	126
67.6380	125
67.6547	125
67.6714	124
67.6880	124
67.7047	124
67.7214	123
67.7380	123
67.7547	123
67.7714	122
67.7880	122
67.8047	122
67.8214	121
67.8380	121
67.8547	121
67.8714	121
67.8880	121
67.9047	120
67.9214	120
67.9380	120
67.9547	120
67.9714	120
67.9880	120
68.0047	120
68.0214	120
68.0380	120
68.0547	120
68.0714	120
68.0880	120
68.1047	120
68.1214	
68.1380	167
68.1547	163
68.1714	163
68.1880	163
68.2047	162
68.2214	161
68.2380	
68.2547	
68.2714	
68.2880	
68.3047	
68.3214	
68.3380	
68.3547	
68.3714	
68.3880	
68.4047	
68.4214	
68.4380	
68.4547	
68.4714	
68.4880	
68.5047	
68.5214	
68.5380	
68.5547	
68.5714	
68.5880	
68.6047	
68.6214	
68.6380	
68.6547	
68.6714	
68.6880	
68.7047	
68.7214	
68.7380	
68.7547	
68.7714	
68.7880	
68.8047	
68.8214	
68.8380	
68.8547	
68.8714	
68.8880	
68.9047	
68.9214	
68.9380	
68.9547	
68.9714	
68.9880	
69.0047	
69.0214	
69.0380	
69.0547	
69.0714	99
69.0880	
69.1047	100
69.1214	99
69.1380	89
69.1547	89
69.1714	80
69.1880	78
69.2047	77
69.2214	
69.2380	70
69.2547	70
69.2714	75
69.2880	70
69.3047	70
69.3214	75
69.3380	70
69.3547	70
69.3714	
69.3880	77
69.4047	77
69.4214	
69.4380	
69.4547	
69.4714	
69.4880	79
69.5047	79
69.5214	79
69.5380	
69.5547	
69.5714	
69.5880	
69.6047	
69.6214	
69.6380	
69.6547	
69.6714	99
69.6880	94
69.7047	
69.7214	
69.7380	
69.7547	
69.7714	
69.7880	
69.8047	
69.8214	
69.8380	
69.8547	
69.8714	
69.8880	
69.9047	
69.9214	
69.9380	
69.9547	
69.9714	
69.9880	
70.0047	94
70.0214	94
70.0380	
70.0547	
70.0714	
70.0880	
70.1047	
70.1214	
70.1380	97
70.1547	97
70.1714	
70.1880	
70.2047	97
70.2214	97
70.2380	97
70.2547	97
70.2714	
70.2880	
70.3047	
70.3214	
70.3380	
70.3547	
70.3714	
70.3880	
70.4047	
70.4214	
70.4380	
70.4547	99
70.4714	99
70.4880	99
70.5047	99
70.5214	99
70.5380	
70.5547	160
70.5714	160
70.5880	160
70.6047	160
70.6214	160
70.6380	160
70.6547	161
70.6714	161
70.6880	161
70.7047	161
70.7214	161
70.7380	161
70.7547	161
70.7714	161
70.7880	161
70.8047	161
70.8214	161
70.8380	161
70.8547	161
70.8714	161
70.8880	161
70.9047	161
70.9214	161
70.9380	160
70.9547	160
70.9714	
70.9880	
71.0047	
71.0214	
71.0380	97
71.0547	97
71.0714	
71.0880	
71.1047	
71.1214	
71.1380	
71.1547	94
71.1714	
71.1880	
71.2047	
71.2214	
71.2380	99
71.2547	
71.2714	
71.2880	
71.3047	
71.3214	
71.3380	
71.3547	
71.3714	
71.3880	
71.4047	
71.4214	
71.4380	
71.4547	
71.4714	
71.4880	
71.5047	
71.5214	
71.5380	
71.5547	
71.5714	
71.5880	
71.6047	
71.6214	
71.6380	
71.6547	
71.6714	
71.6880	
71.7047	
71.7214	
71.7380	
71.7547	
71.7714	
71.7880	
71.8047	
71.8214	
71.8380	
71.8547	160
71.8714	161
71.8880	161
71.9047	162
71.9214	162
71.9380	163
71.9547	164
71.9714	165
71.9880	165
72.0047	164
72.0214	160
72.0380	
72.0547	
72.0714	
72.0880	
72.1047	
72.1214	
72.1380	
72.1547	
72.1714	
72.1880	
72.2047	
72.2214	160
72.2380	162
72.2547	162
72.2714	162
72.2880	162
72.3047	162
72.3214	162
72.3380	162
72.3547	162
72.3714	162
72.3880	162
72.4047	162
72.4214	162
72.4380	162
72.4547	162
72.4714	162
72.4880	162
72.5047	162
72.5214	162
72.5380	163
72.5547	163
72.5714	163
72.5880	163
72.6047	
72.6214	
72.6380	
72.6547	
72.6714	
72.6880	
72.7047	
72.7214	
72.7380	
72.7547	4
72.7714	
72.7880	
72.8047	
72.8214	
72.8380	
72.8547	
72.8714	
72.8880	
72.9047	
72.9214	9
72.9380	9
72.9547	10
72.9714	10
72.9880	11
# 3341 of 4380 frames read
